,Date,MSA,median_listing_price
0,2025-02-01,"New York-Newark-Jersey City, NY-NJ",766889
1,2025-02-01,"Los Angeles-Long Beach-Anaheim, CA",1119000
2,2025-02-01,"Chicago-Naperville-Elgin, IL-IN",349450
3,2025-02-01,"Dallas-Fort Worth-Arlington, TX",415950
4,2025-02-01,"Houston-Pasadena-The Woodlands, TX",358000
5,2025-02-01,"Philadelphia-Camden-Wilmington, PA-NJ-DE-MD",350000
6,2025-02-01,"Miami-Fort Lauderdale-West Palm Beach, FL",515000
7,2025-02-01,"Atlanta-Sandy Springs-Roswell, GA",398894
8,2025-02-01,"Washington-Arlington-Alexandria, DC-VA-MD-WV",579995
9,2025-02-01,"Phoenix-Mesa-Chandler, AZ",515000
10,2025-02-01,"Boston-Cambridge-Newton, MA-NH",839450
11,2025-02-01,"Detroit-Warren-Dearborn, MI",239900
12,2025-02-01,"San Francisco-Oakland-Fremont, CA",899944
13,2025-02-01,"Seattle-Tacoma-Bellevue, WA",737400
14,2025-02-01,"Riverside-San Bernardino-Ontario, CA",599450
15,2025-02-01,"Minneapolis-St. Paul-Bloomington, MN-WI",434950
16,2025-02-01,"Tampa-St. Petersburg-Clearwater, FL",399000
17,2025-02-01,"Denver-Aurora-Centennial, CO",572500
18,2025-02-01,"San Diego-Chula Vista-Carlsbad, CA",949995
19,2025-02-01,"St. Louis, MO-IL",276799
20,2025-02-01,"Charlotte-Concord-Gastonia, NC-SC",419475
21,2025-02-01,"Baltimore-Columbia-Towson, MD",350000
22,2025-02-01,"Orlando-Kissimmee-Sanford, FL",418950
23,2025-02-01,"Pittsburgh, PA",229000
24,2025-02-01,"San Antonio-New Braunfels, TX",327000
25,2025-02-01,"Austin-Round Rock-San Marcos, TX",499000
26,2025-02-01,"Portland-Vancouver-Hillsboro, OR-WA",598415
27,2025-02-01,"Cleveland, OH",241725
28,2025-02-01,"Cincinnati, OH-KY-IN",324950
29,2025-02-01,"Kansas City, MO-KS",379450
30,2025-02-01,"Las Vegas-Henderson-North Las Vegas, NV",469974
31,2025-02-01,"Sacramento-Roseville-Folsom, CA",619000
32,2025-02-01,"Columbus, OH",349700
33,2025-02-01,"Indianapolis-Carmel-Greenwood, IN",300000
34,2025-02-01,"Nashville-Davidson--Murfreesboro--Franklin, TN",529450
35,2025-02-01,"Virginia Beach-Chesapeake-Norfolk, VA-NC",392500
36,2025-02-01,"Jacksonville, FL",388098
37,2025-02-01,"Providence-Warwick, RI-MA",534900
38,2025-02-01,"San Jose-Sunnyvale-Santa Clara, CA",1304500
39,2025-02-01,"Milwaukee-Waukesha, WI",374950
40,2025-02-01,"Raleigh-Cary, NC",435962
41,2025-02-01,"Oklahoma City, OK",314992
42,2025-02-01,"Louisville/Jefferson County, KY-IN",309950
43,2025-02-01,"Richmond, VA",429653
44,2025-02-01,"Memphis, TN-MS-AR",328050
45,2025-02-01,"Buffalo-Cheektowaga, NY",249974
46,2025-02-01,"Birmingham, AL",285000
47,2025-02-01,"Hartford-West Hartford-East Hartford, CT",433700
48,2025-02-01,"Tucson, AZ",396200
49,2025-02-01,"Grand Rapids-Wyoming-Kentwood, MI",384725
50,2025-02-01,"Rochester, NY",268450
51,2025-02-01,"Salt Lake City-Murray, UT",564900
52,2025-02-01,"North Port-Bradenton-Sarasota, FL",476499
53,2025-02-01,"Tulsa, OK",321951
54,2025-02-01,"Greenville-Anderson-Greer, SC",364975
55,2025-02-01,"Knoxville, TN",445000
56,2025-02-01,"New Orleans-Metairie, LA",319900
57,2025-02-01,"Omaha, NE-IA",392450
58,2025-02-01,"Albany-Schenectady-Troy, NY",444450
59,2025-02-01,"Albuquerque, NM",398950
60,2025-02-01,"Fresno, CA",475000
61,2025-02-01,"Bridgeport-Stamford-Danbury, CT",767700
62,2025-02-01,"Cape Coral-Fort Myers, FL",439950
63,2025-02-01,"Columbia, SC",301633
64,2025-02-01,"Charleston-North Charleston, SC",504808
65,2025-02-01,"Dayton-Kettering-Beavercreek, OH",229925
66,2025-02-01,"Allentown-Bethlehem-Easton, PA-NJ",376250
67,2025-02-01,"Baton Rouge, LA",296675
68,2025-02-01,"Worcester, MA",539500
69,2025-02-01,"Urban Honolulu, HI",679500
70,2025-02-01,"Greensboro-High Point, NC",319900
71,2025-02-01,"Lakeland-Winter Haven, FL",340000
72,2025-02-01,"Little Rock-North Little Rock-Conway, AR",285000
73,2025-02-01,"Deltona-Daytona Beach-Ormond Beach, FL",388847
74,2025-02-01,"Boise City, ID",579999
75,2025-02-01,"El Paso, TX",291450
76,2025-02-01,"Madison, WI",469925
77,2025-02-01,"Des Moines-West Des Moines, IA",358075
78,2025-02-01,"Akron, OH",217975
79,2025-02-01,"Winston-Salem, NC",338750
80,2025-02-01,"Colorado Springs, CO",480000
81,2025-02-01,"Bakersfield-Delano, CA",391249
82,2025-02-01,"Palm Bay-Melbourne-Titusville, FL",381475
83,2025-02-01,"McAllen-Edinburg-Mission, TX",271500
84,2025-02-01,"Oxnard-Thousand Oaks-Ventura, CA",999450
85,2025-02-01,"Syracuse, NY",287400
86,2025-02-01,"Wichita, KS",289450
87,2025-02-01,"Kiryas Joel-Poughkeepsie-Newburgh, NY",522500
88,2025-02-01,"Durham-Chapel Hill, NC",472500
89,2025-02-01,"Toledo, OH",226950
90,2025-02-01,"Augusta-Richmond County, GA-SC",309900
91,2025-02-01,"Stockton-Lodi, CA",572500
92,2025-02-01,"Harrisburg-Carlisle, PA",356345
93,2025-02-01,"Portland-South Portland, ME",632950
94,2025-02-01,"Jackson, MS",309750
95,2025-02-01,"Chattanooga, TN-GA",400000
96,2025-02-01,"Spokane-Spokane Valley, WA",482500
97,2025-02-01,"Scranton--Wilkes-Barre, PA",247450
98,2025-02-01,"New Haven, CT",457500
99,2025-02-01,"Fayetteville-Springdale-Rogers, AR",427500
925,2025-01-01,"New York-Newark-Jersey City, NY-NJ",750000
926,2025-01-01,"Los Angeles-Long Beach-Anaheim, CA",1089500
927,2025-01-01,"Chicago-Naperville-Elgin, IL-IN",343498
928,2025-01-01,"Dallas-Fort Worth-Arlington, TX",415500
929,2025-01-01,"Houston-Pasadena-The Woodlands, TX",359000
930,2025-01-01,"Philadelphia-Camden-Wilmington, PA-NJ-DE-MD",352000
931,2025-01-01,"Miami-Fort Lauderdale-West Palm Beach, FL",520000
932,2025-01-01,"Atlanta-Sandy Springs-Roswell, GA",399000
933,2025-01-01,"Washington-Arlington-Alexandria, DC-VA-MD-WV",577000
934,2025-01-01,"Phoenix-Mesa-Chandler, AZ",512450
935,2025-01-01,"Boston-Cambridge-Newton, MA-NH",799450
936,2025-01-01,"Detroit-Warren-Dearborn, MI",239950
937,2025-01-01,"San Francisco-Oakland-Fremont, CA",882000
938,2025-01-01,"Seattle-Tacoma-Bellevue, WA",725813
939,2025-01-01,"Riverside-San Bernardino-Ontario, CA",599000
940,2025-01-01,"Minneapolis-St. Paul-Bloomington, MN-WI",425000
941,2025-01-01,"Tampa-St. Petersburg-Clearwater, FL",396973
942,2025-01-01,"Denver-Aurora-Centennial, CO",569950
943,2025-01-01,"San Diego-Chula Vista-Carlsbad, CA",950000
944,2025-01-01,"St. Louis, MO-IL",274950
945,2025-01-01,"Charlotte-Concord-Gastonia, NC-SC",420000
946,2025-01-01,"Baltimore-Columbia-Towson, MD",349900
947,2025-01-01,"Orlando-Kissimmee-Sanford, FL",419900
948,2025-01-01,"Pittsburgh, PA",229700
949,2025-01-01,"San Antonio-New Braunfels, TX",325000
950,2025-01-01,"Austin-Round Rock-San Marcos, TX",494667
951,2025-01-01,"Portland-Vancouver-Hillsboro, OR-WA",598725
952,2025-01-01,"Cleveland, OH",234925
953,2025-01-01,"Cincinnati, OH-KY-IN",319450
954,2025-01-01,"Kansas City, MO-KS",374950
955,2025-01-01,"Las Vegas-Henderson-North Las Vegas, NV",467500
956,2025-01-01,"Sacramento-Roseville-Folsom, CA",615000
957,2025-01-01,"Columbus, OH",340725
958,2025-01-01,"Indianapolis-Carmel-Greenwood, IN",300000
959,2025-01-01,"Nashville-Davidson--Murfreesboro--Franklin, TN",525000
960,2025-01-01,"Virginia Beach-Chesapeake-Norfolk, VA-NC",389450
961,2025-01-01,"Jacksonville, FL",385000
962,2025-01-01,"Providence-Warwick, RI-MA",521175
963,2025-01-01,"San Jose-Sunnyvale-Santa Clara, CA",1268000
964,2025-01-01,"Milwaukee-Waukesha, WI",362500
965,2025-01-01,"Raleigh-Cary, NC",440000
966,2025-01-01,"Oklahoma City, OK",312368
967,2025-01-01,"Louisville/Jefferson County, KY-IN",305950
968,2025-01-01,"Richmond, VA",421225
969,2025-01-01,"Memphis, TN-MS-AR",329500
970,2025-01-01,"Buffalo-Cheektowaga, NY",252450
971,2025-01-01,"Birmingham, AL",284925
972,2025-01-01,"Hartford-West Hartford-East Hartford, CT",408375
973,2025-01-01,"Tucson, AZ",391255
974,2025-01-01,"Grand Rapids-Wyoming-Kentwood, MI",374500
975,2025-01-01,"Rochester, NY",258450
976,2025-01-01,"Salt Lake City-Murray, UT",567495
977,2025-01-01,"North Port-Bradenton-Sarasota, FL",471503
978,2025-01-01,"Tulsa, OK",320000
979,2025-01-01,"Greenville-Anderson-Greer, SC",361042
980,2025-01-01,"Knoxville, TN",439437
981,2025-01-01,"New Orleans-Metairie, LA",317000
982,2025-01-01,"Omaha, NE-IA",385100
983,2025-01-01,"Albany-Schenectady-Troy, NY",407475
984,2025-01-01,"Albuquerque, NM",395731
985,2025-01-01,"Fresno, CA",475000
986,2025-01-01,"Bridgeport-Stamford-Danbury, CT",747000
987,2025-01-01,"Cape Coral-Fort Myers, FL",439900
988,2025-01-01,"Columbia, SC",305950
989,2025-01-01,"Charleston-North Charleston, SC",508000
990,2025-01-01,"Dayton-Kettering-Beavercreek, OH",228000
991,2025-01-01,"Allentown-Bethlehem-Easton, PA-NJ",372450
992,2025-01-01,"Baton Rouge, LA",295656
993,2025-01-01,"Worcester, MA",527425
994,2025-01-01,"Urban Honolulu, HI",698500
995,2025-01-01,"Greensboro-High Point, NC",320000
996,2025-01-01,"Lakeland-Winter Haven, FL",340570
997,2025-01-01,"Little Rock-North Little Rock-Conway, AR",283725
998,2025-01-01,"Deltona-Daytona Beach-Ormond Beach, FL",388604
999,2025-01-01,"Boise City, ID",570000
1000,2025-01-01,"El Paso, TX",293950
1001,2025-01-01,"Madison, WI",453867
1002,2025-01-01,"Des Moines-West Des Moines, IA",354495
1003,2025-01-01,"Akron, OH",199950
1004,2025-01-01,"Winston-Salem, NC",335000
1005,2025-01-01,"Colorado Springs, CO",479823
1006,2025-01-01,"Bakersfield-Delano, CA",389950
1007,2025-01-01,"Palm Bay-Melbourne-Titusville, FL",385000
1008,2025-01-01,"McAllen-Edinburg-Mission, TX",270000
1009,2025-01-01,"Oxnard-Thousand Oaks-Ventura, CA",994000
1010,2025-01-01,"Syracuse, NY",289450
1011,2025-01-01,"Wichita, KS",290200
1012,2025-01-01,"Kiryas Joel-Poughkeepsie-Newburgh, NY",522500
1013,2025-01-01,"Durham-Chapel Hill, NC",474450
1014,2025-01-01,"Toledo, OH",219950
1015,2025-01-01,"Augusta-Richmond County, GA-SC",307838
1016,2025-01-01,"Stockton-Lodi, CA",565000
1017,2025-01-01,"Harrisburg-Carlisle, PA",349450
1018,2025-01-01,"Portland-South Portland, ME",620000
1019,2025-01-01,"Jackson, MS",299900
1020,2025-01-01,"Chattanooga, TN-GA",399900
1021,2025-01-01,"Spokane-Spokane Valley, WA",479948
1022,2025-01-01,"Scranton--Wilkes-Barre, PA",250000
1023,2025-01-01,"New Haven, CT",439950
1024,2025-01-01,"Fayetteville-Springdale-Rogers, AR",425000
1850,2024-12-01,"New York-Newark-Jersey City, NY-NJ",750000
1851,2024-12-01,"Los Angeles-Long Beach-Anaheim, CA",1094000
1852,2024-12-01,"Chicago-Naperville-Elgin, IL-IN",347450
1853,2024-12-01,"Dallas-Fort Worth-Arlington, TX",422450
1854,2024-12-01,"Houston-Pasadena-The Woodlands, TX",360509
1855,2024-12-01,"Philadelphia-Camden-Wilmington, PA-NJ-DE-MD",358075
1856,2024-12-01,"Miami-Fort Lauderdale-West Palm Beach, FL",522500
1857,2024-12-01,"Atlanta-Sandy Springs-Roswell, GA",399950
1858,2024-12-01,"Washington-Arlington-Alexandria, DC-VA-MD-WV",577400
1859,2024-12-01,"Phoenix-Mesa-Chandler, AZ",499995
1860,2024-12-01,"Boston-Cambridge-Newton, MA-NH",801383
1861,2024-12-01,"Detroit-Warren-Dearborn, MI",249900
1862,2024-12-01,"San Francisco-Oakland-Fremont, CA",889500
1863,2024-12-01,"Seattle-Tacoma-Bellevue, WA",724475
1864,2024-12-01,"Riverside-San Bernardino-Ontario, CA",597000
1865,2024-12-01,"Minneapolis-St. Paul-Bloomington, MN-WI",423198
1866,2024-12-01,"Tampa-St. Petersburg-Clearwater, FL",395000
1867,2024-12-01,"Denver-Aurora-Centennial, CO",577350
1868,2024-12-01,"San Diego-Chula Vista-Carlsbad, CA",964725
1869,2024-12-01,"St. Louis, MO-IL",277450
1870,2024-12-01,"Charlotte-Concord-Gastonia, NC-SC",422450
1871,2024-12-01,"Baltimore-Columbia-Towson, MD",350000
1872,2024-12-01,"Orlando-Kissimmee-Sanford, FL",419950
1873,2024-12-01,"Pittsburgh, PA",229925
1874,2024-12-01,"San Antonio-New Braunfels, TX",329950
1875,2024-12-01,"Austin-Round Rock-San Marcos, TX",498500
1876,2024-12-01,"Portland-Vancouver-Hillsboro, OR-WA",597000
1877,2024-12-01,"Cleveland, OH",239450
1878,2024-12-01,"Cincinnati, OH-KY-IN",319450
1879,2024-12-01,"Kansas City, MO-KS",369995
1880,2024-12-01,"Las Vegas-Henderson-North Las Vegas, NV",468450
1881,2024-12-01,"Sacramento-Roseville-Folsom, CA",615000
1882,2024-12-01,"Columbus, OH",349450
1883,2024-12-01,"Indianapolis-Carmel-Greenwood, IN",309959
1884,2024-12-01,"Nashville-Davidson--Murfreesboro--Franklin, TN",537058
1885,2024-12-01,"Virginia Beach-Chesapeake-Norfolk, VA-NC",389950
1886,2024-12-01,"Jacksonville, FL",384500
1887,2024-12-01,"Providence-Warwick, RI-MA",524950
1888,2024-12-01,"San Jose-Sunnyvale-Santa Clara, CA",1268500
1889,2024-12-01,"Milwaukee-Waukesha, WI",357100
1890,2024-12-01,"Raleigh-Cary, NC",444995
1891,2024-12-01,"Oklahoma City, OK",309950
1892,2024-12-01,"Louisville/Jefferson County, KY-IN",305600
1893,2024-12-01,"Richmond, VA",419950
1894,2024-12-01,"Memphis, TN-MS-AR",329900
1895,2024-12-01,"Buffalo-Cheektowaga, NY",249950
1896,2024-12-01,"Birmingham, AL",287950
1897,2024-12-01,"Hartford-West Hartford-East Hartford, CT",414950
1898,2024-12-01,"Tucson, AZ",387825
1899,2024-12-01,"Grand Rapids-Wyoming-Kentwood, MI",375000
1900,2024-12-01,"Rochester, NY",249950
1901,2024-12-01,"Salt Lake City-Murray, UT",571950
1902,2024-12-01,"North Port-Bradenton-Sarasota, FL",466255
1903,2024-12-01,"Tulsa, OK",319900
1904,2024-12-01,"Greenville-Anderson-Greer, SC",359947
1905,2024-12-01,"Knoxville, TN",449450
1906,2024-12-01,"New Orleans-Metairie, LA",319000
1907,2024-12-01,"Omaha, NE-IA",377050
1908,2024-12-01,"Albany-Schenectady-Troy, NY",415000
1909,2024-12-01,"Albuquerque, NM",395000
1910,2024-12-01,"Fresno, CA",477485
1911,2024-12-01,"Bridgeport-Stamford-Danbury, CT",768450
1912,2024-12-01,"Cape Coral-Fort Myers, FL",436203
1913,2024-12-01,"Columbia, SC",302755
1914,2024-12-01,"Charleston-North Charleston, SC",524999
1915,2024-12-01,"Dayton-Kettering-Beavercreek, OH",229850
1916,2024-12-01,"Allentown-Bethlehem-Easton, PA-NJ",374450
1917,2024-12-01,"Baton Rouge, LA",296975
1918,2024-12-01,"Worcester, MA",527400
1919,2024-12-01,"Urban Honolulu, HI",699000
1920,2024-12-01,"Greensboro-High Point, NC",317500
1921,2024-12-01,"Lakeland-Winter Haven, FL",343147
1922,2024-12-01,"Little Rock-North Little Rock-Conway, AR",287000
1923,2024-12-01,"Deltona-Daytona Beach-Ormond Beach, FL",386042
1924,2024-12-01,"Boise City, ID",574950
1925,2024-12-01,"El Paso, TX",293950
1926,2024-12-01,"Madison, WI",450000
1927,2024-12-01,"Des Moines-West Des Moines, IA",354990
1928,2024-12-01,"Akron, OH",209950
1929,2024-12-01,"Winston-Salem, NC",335950
1930,2024-12-01,"Colorado Springs, CO",477783
1931,2024-12-01,"Bakersfield-Delano, CA",393250
1932,2024-12-01,"Palm Bay-Melbourne-Titusville, FL",385000
1933,2024-12-01,"McAllen-Edinburg-Mission, TX",270000
1934,2024-12-01,"Oxnard-Thousand Oaks-Ventura, CA",999999
1935,2024-12-01,"Syracuse, NY",284000
1936,2024-12-01,"Wichita, KS",285000
1937,2024-12-01,"Kiryas Joel-Poughkeepsie-Newburgh, NY",520000
1938,2024-12-01,"Durham-Chapel Hill, NC",477000
1939,2024-12-01,"Toledo, OH",220000
1940,2024-12-01,"Augusta-Richmond County, GA-SC",304900
1941,2024-12-01,"Stockton-Lodi, CA",564277
1942,2024-12-01,"Harrisburg-Carlisle, PA",334398
1943,2024-12-01,"Portland-South Portland, ME",613750
1944,2024-12-01,"Jackson, MS",299900
1945,2024-12-01,"Chattanooga, TN-GA",397792
1946,2024-12-01,"Spokane-Spokane Valley, WA",484973
1947,2024-12-01,"Scranton--Wilkes-Barre, PA",249950
1948,2024-12-01,"New Haven, CT",448975
1949,2024-12-01,"Fayetteville-Springdale-Rogers, AR",425500
2775,2024-11-01,"New York-Newark-Jersey City, NY-NJ",768000
2776,2024-11-01,"Los Angeles-Long Beach-Anaheim, CA",1130000
2777,2024-11-01,"Chicago-Naperville-Elgin, IL-IN",359900
2778,2024-11-01,"Dallas-Fort Worth-Arlington, TX",428000
2779,2024-11-01,"Houston-Pasadena-The Woodlands, TX",365000
2780,2024-11-01,"Philadelphia-Camden-Wilmington, PA-NJ-DE-MD",372500
2781,2024-11-01,"Miami-Fort Lauderdale-West Palm Beach, FL",525000
2782,2024-11-01,"Atlanta-Sandy Springs-Roswell, GA",405428
2783,2024-11-01,"Washington-Arlington-Alexandria, DC-VA-MD-WV",589000
2784,2024-11-01,"Phoenix-Mesa-Chandler, AZ",515000
2785,2024-11-01,"Boston-Cambridge-Newton, MA-NH",819900
2786,2024-11-01,"Detroit-Warren-Dearborn, MI",260000
2787,2024-11-01,"San Francisco-Oakland-Fremont, CA",969498
2788,2024-11-01,"Seattle-Tacoma-Bellevue, WA",740000
2789,2024-11-01,"Riverside-San Bernardino-Ontario, CA",599000
2790,2024-11-01,"Minneapolis-St. Paul-Bloomington, MN-WI",420000
2791,2024-11-01,"Tampa-St. Petersburg-Clearwater, FL",399900
2792,2024-11-01,"Denver-Aurora-Centennial, CO",593900
2793,2024-11-01,"San Diego-Chula Vista-Carlsbad, CA",970000
2794,2024-11-01,"St. Louis, MO-IL",289900
2795,2024-11-01,"Charlotte-Concord-Gastonia, NC-SC",428750
2796,2024-11-01,"Baltimore-Columbia-Towson, MD",360000
2797,2024-11-01,"Orlando-Kissimmee-Sanford, FL",425000
2798,2024-11-01,"Pittsburgh, PA",235000
2799,2024-11-01,"San Antonio-New Braunfels, TX",330000
2800,2024-11-01,"Austin-Round Rock-San Marcos, TX",499990
2801,2024-11-01,"Portland-Vancouver-Hillsboro, OR-WA",599900
2802,2024-11-01,"Cleveland, OH",249900
2803,2024-11-01,"Cincinnati, OH-KY-IN",319900
2804,2024-11-01,"Kansas City, MO-KS",372900
2805,2024-11-01,"Las Vegas-Henderson-North Las Vegas, NV",470000
2806,2024-11-01,"Sacramento-Roseville-Folsom, CA",615000
2807,2024-11-01,"Columbus, OH",359900
2808,2024-11-01,"Indianapolis-Carmel-Greenwood, IN",316000
2809,2024-11-01,"Nashville-Davidson--Murfreesboro--Franklin, TN",539900
2810,2024-11-01,"Virginia Beach-Chesapeake-Norfolk, VA-NC",390000
2811,2024-11-01,"Jacksonville, FL",394000
2812,2024-11-01,"Providence-Warwick, RI-MA",539900
2813,2024-11-01,"San Jose-Sunnyvale-Santa Clara, CA",1350000
2814,2024-11-01,"Milwaukee-Waukesha, WI",365000
2815,2024-11-01,"Raleigh-Cary, NC",449900
2816,2024-11-01,"Oklahoma City, OK",309995
2817,2024-11-01,"Louisville/Jefferson County, KY-IN",309900
2818,2024-11-01,"Richmond, VA",429900
2819,2024-11-01,"Memphis, TN-MS-AR",333530
2820,2024-11-01,"Buffalo-Cheektowaga, NY",249995
2821,2024-11-01,"Birmingham, AL",295000
2822,2024-11-01,"Hartford-West Hartford-East Hartford, CT",406250
2823,2024-11-01,"Tucson, AZ",390000
2824,2024-11-01,"Grand Rapids-Wyoming-Kentwood, MI",374900
2825,2024-11-01,"Rochester, NY",250000
2826,2024-11-01,"Salt Lake City-Murray, UT",575000
2827,2024-11-01,"North Port-Bradenton-Sarasota, FL",460000
2828,2024-11-01,"Tulsa, OK",319995
2829,2024-11-01,"Greenville-Anderson-Greer, SC",358900
2830,2024-11-01,"Knoxville, TN",450000
2831,2024-11-01,"New Orleans-Metairie, LA",320500
2832,2024-11-01,"Omaha, NE-IA",379250
2833,2024-11-01,"Albany-Schenectady-Troy, NY",414900
2834,2024-11-01,"Albuquerque, NM",395000
2835,2024-11-01,"Fresno, CA",479694
2836,2024-11-01,"Bridgeport-Stamford-Danbury, CT",795000
2837,2024-11-01,"Cape Coral-Fort Myers, FL",430000
2838,2024-11-01,"Columbia, SC",305803
2839,2024-11-01,"Charleston-North Charleston, SC",535000
2840,2024-11-01,"Dayton-Kettering-Beavercreek, OH",235000
2841,2024-11-01,"Allentown-Bethlehem-Easton, PA-NJ",384900
2842,2024-11-01,"Baton Rouge, LA",299000
2843,2024-11-01,"Worcester, MA",529850
2844,2024-11-01,"Urban Honolulu, HI",699000
2845,2024-11-01,"Greensboro-High Point, NC",325000
2846,2024-11-01,"Lakeland-Winter Haven, FL",342995
2847,2024-11-01,"Little Rock-North Little Rock-Conway, AR",285000
2848,2024-11-01,"Deltona-Daytona Beach-Ormond Beach, FL",385000
2849,2024-11-01,"Boise City, ID",579900
2850,2024-11-01,"El Paso, TX",294975
2851,2024-11-01,"Madison, WI",454900
2852,2024-11-01,"Des Moines-West Des Moines, IA",354900
2853,2024-11-01,"Akron, OH",219900
2854,2024-11-01,"Winston-Salem, NC",335000
2855,2024-11-01,"Colorado Springs, CO",489900
2856,2024-11-01,"Bakersfield-Delano, CA",398700
2857,2024-11-01,"Palm Bay-Melbourne-Titusville, FL",389000
2858,2024-11-01,"McAllen-Edinburg-Mission, TX",270000
2859,2024-11-01,"Oxnard-Thousand Oaks-Ventura, CA",999900
2860,2024-11-01,"Syracuse, NY",285000
2861,2024-11-01,"Wichita, KS",291000
2862,2024-11-01,"Kiryas Joel-Poughkeepsie-Newburgh, NY",529450
2863,2024-11-01,"Durham-Chapel Hill, NC",485000
2864,2024-11-01,"Toledo, OH",219900
2865,2024-11-01,"Augusta-Richmond County, GA-SC",300000
2866,2024-11-01,"Stockton-Lodi, CA",562822
2867,2024-11-01,"Harrisburg-Carlisle, PA",331990
2868,2024-11-01,"Portland-South Portland, ME",615000
2869,2024-11-01,"Jackson, MS",300000
2870,2024-11-01,"Chattanooga, TN-GA",398676
2871,2024-11-01,"Spokane-Spokane Valley, WA",489970
2872,2024-11-01,"Scranton--Wilkes-Barre, PA",250250
2873,2024-11-01,"New Haven, CT",449000
2874,2024-11-01,"Fayetteville-Springdale-Rogers, AR",435000
3700,2024-10-01,"New York-Newark-Jersey City, NY-NJ",774847
3701,2024-10-01,"Los Angeles-Long Beach-Anaheim, CA",1150000
3702,2024-10-01,"Chicago-Naperville-Elgin, IL-IN",371500
3703,2024-10-01,"Dallas-Fort Worth-Arlington, TX",434500
3704,2024-10-01,"Houston-Pasadena-The Woodlands, TX",369250
3705,2024-10-01,"Philadelphia-Camden-Wilmington, PA-NJ-DE-MD",376500
3706,2024-10-01,"Miami-Fort Lauderdale-West Palm Beach, FL",525000
3707,2024-10-01,"Atlanta-Sandy Springs-Roswell, GA",412450
3708,2024-10-01,"Washington-Arlington-Alexandria, DC-VA-MD-WV",599900
3709,2024-10-01,"Phoenix-Mesa-Chandler, AZ",519950
3710,2024-10-01,"Boston-Cambridge-Newton, MA-NH",837450
3711,2024-10-01,"Detroit-Warren-Dearborn, MI",271200
3712,2024-10-01,"San Francisco-Oakland-Fremont, CA",996500
3713,2024-10-01,"Seattle-Tacoma-Bellevue, WA",759975
3714,2024-10-01,"Riverside-San Bernardino-Ontario, CA",599000
3715,2024-10-01,"Minneapolis-St. Paul-Bloomington, MN-WI",425000
3716,2024-10-01,"Tampa-St. Petersburg-Clearwater, FL",399999
3717,2024-10-01,"Denver-Aurora-Centennial, CO",600000
3718,2024-10-01,"San Diego-Chula Vista-Carlsbad, CA",979200
3719,2024-10-01,"St. Louis, MO-IL",299450
3720,2024-10-01,"Charlotte-Concord-Gastonia, NC-SC",429947
3721,2024-10-01,"Baltimore-Columbia-Towson, MD",369995
3722,2024-10-01,"Orlando-Kissimmee-Sanford, FL",427450
3723,2024-10-01,"Pittsburgh, PA",239900
3724,2024-10-01,"San Antonio-New Braunfels, TX",335000
3725,2024-10-01,"Austin-Round Rock-San Marcos, TX",520000
3726,2024-10-01,"Portland-Vancouver-Hillsboro, OR-WA",602413
3727,2024-10-01,"Cleveland, OH",249950
3728,2024-10-01,"Cincinnati, OH-KY-IN",331500
3729,2024-10-01,"Kansas City, MO-KS",377000
3730,2024-10-01,"Las Vegas-Henderson-North Las Vegas, NV",475000
3731,2024-10-01,"Sacramento-Roseville-Folsom, CA",627250
3732,2024-10-01,"Columbus, OH",368900
3733,2024-10-01,"Indianapolis-Carmel-Greenwood, IN",322400
3734,2024-10-01,"Nashville-Davidson--Murfreesboro--Franklin, TN",541200
3735,2024-10-01,"Virginia Beach-Chesapeake-Norfolk, VA-NC",395450
3736,2024-10-01,"Jacksonville, FL",397750
3737,2024-10-01,"Providence-Warwick, RI-MA",552500
3738,2024-10-01,"San Jose-Sunnyvale-Santa Clara, CA",1394000
3739,2024-10-01,"Milwaukee-Waukesha, WI",377500
3740,2024-10-01,"Raleigh-Cary, NC",454121
3741,2024-10-01,"Oklahoma City, OK",314812
3742,2024-10-01,"Louisville/Jefferson County, KY-IN",317450
3743,2024-10-01,"Richmond, VA",443450
3744,2024-10-01,"Memphis, TN-MS-AR",334500
3745,2024-10-01,"Buffalo-Cheektowaga, NY",269900
3746,2024-10-01,"Birmingham, AL",299900
3747,2024-10-01,"Hartford-West Hartford-East Hartford, CT",409950
3748,2024-10-01,"Tucson, AZ",395000
3749,2024-10-01,"Grand Rapids-Wyoming-Kentwood, MI",377000
3750,2024-10-01,"Rochester, NY",269450
3751,2024-10-01,"Salt Lake City-Murray, UT",581200
3752,2024-10-01,"North Port-Bradenton-Sarasota, FL",474224
3753,2024-10-01,"Tulsa, OK",325000
3754,2024-10-01,"Greenville-Anderson-Greer, SC",365095
3755,2024-10-01,"Knoxville, TN",452450
3756,2024-10-01,"New Orleans-Metairie, LA",323250
3757,2024-10-01,"Omaha, NE-IA",385000
3758,2024-10-01,"Albany-Schenectady-Troy, NY",419575
3759,2024-10-01,"Albuquerque, NM",399900
3760,2024-10-01,"Fresno, CA",477327
3761,2024-10-01,"Bridgeport-Stamford-Danbury, CT",833447
3762,2024-10-01,"Cape Coral-Fort Myers, FL",429900
3763,2024-10-01,"Columbia, SC",308181
3764,2024-10-01,"Charleston-North Charleston, SC",535000
3765,2024-10-01,"Dayton-Kettering-Beavercreek, OH",244500
3766,2024-10-01,"Allentown-Bethlehem-Easton, PA-NJ",382450
3767,2024-10-01,"Baton Rouge, LA",299950
3768,2024-10-01,"Worcester, MA",544950
3769,2024-10-01,"Urban Honolulu, HI",707375
3770,2024-10-01,"Greensboro-High Point, NC",337350
3771,2024-10-01,"Lakeland-Winter Haven, FL",344947
3772,2024-10-01,"Little Rock-North Little Rock-Conway, AR",289000
3773,2024-10-01,"Deltona-Daytona Beach-Ormond Beach, FL",389945
3774,2024-10-01,"Boise City, ID",574950
3775,2024-10-01,"El Paso, TX",295000
3776,2024-10-01,"Madison, WI",453835
3777,2024-10-01,"Des Moines-West Des Moines, IA",359450
3778,2024-10-01,"Akron, OH",228200
3779,2024-10-01,"Winston-Salem, NC",347575
3780,2024-10-01,"Colorado Springs, CO",494747
3781,2024-10-01,"Bakersfield-Delano, CA",399995
3782,2024-10-01,"Palm Bay-Melbourne-Titusville, FL",390480
3783,2024-10-01,"McAllen-Edinburg-Mission, TX",273625
3784,2024-10-01,"Oxnard-Thousand Oaks-Ventura, CA",999125
3785,2024-10-01,"Syracuse, NY",294475
3786,2024-10-01,"Wichita, KS",290000
3787,2024-10-01,"Kiryas Joel-Poughkeepsie-Newburgh, NY",532750
3788,2024-10-01,"Durham-Chapel Hill, NC",499900
3789,2024-10-01,"Toledo, OH",219088
3790,2024-10-01,"Augusta-Richmond County, GA-SC",305905
3791,2024-10-01,"Stockton-Lodi, CA",571079
3792,2024-10-01,"Harrisburg-Carlisle, PA",333509
3793,2024-10-01,"Portland-South Portland, ME",629000
3794,2024-10-01,"Jackson, MS",307725
3795,2024-10-01,"Chattanooga, TN-GA",399450
3796,2024-10-01,"Spokane-Spokane Valley, WA",497250
3797,2024-10-01,"Scranton--Wilkes-Barre, PA",249500
3798,2024-10-01,"New Haven, CT",439900
3799,2024-10-01,"Fayetteville-Springdale-Rogers, AR",427500
4625,2024-09-01,"New York-Newark-Jersey City, NY-NJ",772500
4626,2024-09-01,"Los Angeles-Long Beach-Anaheim, CA",1154440
4627,2024-09-01,"Chicago-Naperville-Elgin, IL-IN",379900
4628,2024-09-01,"Dallas-Fort Worth-Arlington, TX",439450
4629,2024-09-01,"Houston-Pasadena-The Woodlands, TX",369998
4630,2024-09-01,"Philadelphia-Camden-Wilmington, PA-NJ-DE-MD",379450
4631,2024-09-01,"Miami-Fort Lauderdale-West Palm Beach, FL",525000
4632,2024-09-01,"Atlanta-Sandy Springs-Roswell, GA",415000
4633,2024-09-01,"Washington-Arlington-Alexandria, DC-VA-MD-WV",600000
4634,2024-09-01,"Phoenix-Mesa-Chandler, AZ",519950
4635,2024-09-01,"Boston-Cambridge-Newton, MA-NH",839900
4636,2024-09-01,"Detroit-Warren-Dearborn, MI",277000
4637,2024-09-01,"San Francisco-Oakland-Fremont, CA",997500
4638,2024-09-01,"Seattle-Tacoma-Bellevue, WA",772425
4639,2024-09-01,"Riverside-San Bernardino-Ontario, CA",599000
4640,2024-09-01,"Minneapolis-St. Paul-Bloomington, MN-WI",432500
4641,2024-09-01,"Tampa-St. Petersburg-Clearwater, FL",414948
4642,2024-09-01,"Denver-Aurora-Centennial, CO",610250
4643,2024-09-01,"San Diego-Chula Vista-Carlsbad, CA",997000
4644,2024-09-01,"St. Louis, MO-IL",299900
4645,2024-09-01,"Charlotte-Concord-Gastonia, NC-SC",430000
4646,2024-09-01,"Baltimore-Columbia-Towson, MD",369900
4647,2024-09-01,"Orlando-Kissimmee-Sanford, FL",429950
4648,2024-09-01,"Pittsburgh, PA",239900
4649,2024-09-01,"San Antonio-New Braunfels, TX",339950
4650,2024-09-01,"Austin-Round Rock-San Marcos, TX",520000
4651,2024-09-01,"Portland-Vancouver-Hillsboro, OR-WA",604890
4652,2024-09-01,"Cleveland, OH",259900
4653,2024-09-01,"Cincinnati, OH-KY-IN",337450
4654,2024-09-01,"Kansas City, MO-KS",389500
4655,2024-09-01,"Las Vegas-Henderson-North Las Vegas, NV",477250
4656,2024-09-01,"Sacramento-Roseville-Folsom, CA",635000
4657,2024-09-01,"Columbus, OH",377450
4658,2024-09-01,"Indianapolis-Carmel-Greenwood, IN",324950
4659,2024-09-01,"Nashville-Davidson--Murfreesboro--Franklin, TN",545450
4660,2024-09-01,"Virginia Beach-Chesapeake-Norfolk, VA-NC",394400
4661,2024-09-01,"Jacksonville, FL",399000
4662,2024-09-01,"Providence-Warwick, RI-MA",567500
4663,2024-09-01,"San Jose-Sunnyvale-Santa Clara, CA",1432170
4664,2024-09-01,"Milwaukee-Waukesha, WI",389900
4665,2024-09-01,"Raleigh-Cary, NC",454950
4666,2024-09-01,"Oklahoma City, OK",314950
4667,2024-09-01,"Louisville/Jefferson County, KY-IN",319700
4668,2024-09-01,"Richmond, VA",442475
4669,2024-09-01,"Memphis, TN-MS-AR",335998
4670,2024-09-01,"Buffalo-Cheektowaga, NY",277450
4671,2024-09-01,"Birmingham, AL",299950
4672,2024-09-01,"Hartford-West Hartford-East Hartford, CT",425000
4673,2024-09-01,"Tucson, AZ",390000
4674,2024-09-01,"Grand Rapids-Wyoming-Kentwood, MI",389675
4675,2024-09-01,"Rochester, NY",277400
4676,2024-09-01,"Salt Lake City-Murray, UT",580000
4677,2024-09-01,"North Port-Bradenton-Sarasota, FL",480000
4678,2024-09-01,"Tulsa, OK",325000
4679,2024-09-01,"Greenville-Anderson-Greer, SC",369900
4680,2024-09-01,"Knoxville, TN",454950
4681,2024-09-01,"New Orleans-Metairie, LA",319000
4682,2024-09-01,"Omaha, NE-IA",390173
4683,2024-09-01,"Albany-Schenectady-Troy, NY",415000
4684,2024-09-01,"Albuquerque, NM",398029
4685,2024-09-01,"Fresno, CA",481000
4686,2024-09-01,"Bridgeport-Stamford-Danbury, CT",849125
4687,2024-09-01,"Cape Coral-Fort Myers, FL",430000
4688,2024-09-01,"Columbia, SC",309923
4689,2024-09-01,"Charleston-North Charleston, SC",530000
4690,2024-09-01,"Dayton-Kettering-Beavercreek, OH",250000
4691,2024-09-01,"Allentown-Bethlehem-Easton, PA-NJ",386998
4692,2024-09-01,"Baton Rouge, LA",306675
4693,2024-09-01,"Worcester, MA",539900
4694,2024-09-01,"Urban Honolulu, HI",712500
4695,2024-09-01,"Greensboro-High Point, NC",335123
4696,2024-09-01,"Lakeland-Winter Haven, FL",347711
4697,2024-09-01,"Little Rock-North Little Rock-Conway, AR",291000
4698,2024-09-01,"Deltona-Daytona Beach-Ormond Beach, FL",389950
4699,2024-09-01,"Boise City, ID",574700
4700,2024-09-01,"El Paso, TX",298125
4701,2024-09-01,"Madison, WI",461725
4702,2024-09-01,"Des Moines-West Des Moines, IA",359990
4703,2024-09-01,"Akron, OH",230000
4704,2024-09-01,"Winston-Salem, NC",348700
4705,2024-09-01,"Colorado Springs, CO",504175
4706,2024-09-01,"Bakersfield-Delano, CA",399995
4707,2024-09-01,"Palm Bay-Melbourne-Titusville, FL",390000
4708,2024-09-01,"McAllen-Edinburg-Mission, TX",275000
4709,2024-09-01,"Oxnard-Thousand Oaks-Ventura, CA",999350
4710,2024-09-01,"Syracuse, NY",299450
4711,2024-09-01,"Wichita, KS",292700
4712,2024-09-01,"Kiryas Joel-Poughkeepsie-Newburgh, NY",542500
4713,2024-09-01,"Durham-Chapel Hill, NC",518080
4714,2024-09-01,"Toledo, OH",214950
4715,2024-09-01,"Augusta-Richmond County, GA-SC",307700
4716,2024-09-01,"Stockton-Lodi, CA",569975
4717,2024-09-01,"Harrisburg-Carlisle, PA",332450
4718,2024-09-01,"Portland-South Portland, ME",642125
4719,2024-09-01,"Jackson, MS",311500
4720,2024-09-01,"Chattanooga, TN-GA",401701
4721,2024-09-01,"Spokane-Spokane Valley, WA",505000
4722,2024-09-01,"Scranton--Wilkes-Barre, PA",243450
4723,2024-09-01,"New Haven, CT",461998
4724,2024-09-01,"Fayetteville-Springdale-Rogers, AR",440448
5550,2024-08-01,"New York-Newark-Jersey City, NY-NJ",759000
5551,2024-08-01,"Los Angeles-Long Beach-Anaheim, CA",1190000
5552,2024-08-01,"Chicago-Naperville-Elgin, IL-IN",385000
5553,2024-08-01,"Dallas-Fort Worth-Arlington, TX",444999
5554,2024-08-01,"Houston-Pasadena-The Woodlands, TX",374999
5555,2024-08-01,"Philadelphia-Camden-Wilmington, PA-NJ-DE-MD",382000
5556,2024-08-01,"Miami-Fort Lauderdale-West Palm Beach, FL",530000
5557,2024-08-01,"Atlanta-Sandy Springs-Roswell, GA",415000
5558,2024-08-01,"Washington-Arlington-Alexandria, DC-VA-MD-WV",599900
5559,2024-08-01,"Phoenix-Mesa-Chandler, AZ",515000
5560,2024-08-01,"Boston-Cambridge-Newton, MA-NH",834000
5561,2024-08-01,"Detroit-Warren-Dearborn, MI",279900
5562,2024-08-01,"San Francisco-Oakland-Fremont, CA",969000
5563,2024-08-01,"Seattle-Tacoma-Bellevue, WA",775000
5564,2024-08-01,"Riverside-San Bernardino-Ontario, CA",599000
5565,2024-08-01,"Minneapolis-St. Paul-Bloomington, MN-WI",439990
5566,2024-08-01,"Tampa-St. Petersburg-Clearwater, FL",415000
5567,2024-08-01,"Denver-Aurora-Centennial, CO",620000
5568,2024-08-01,"San Diego-Chula Vista-Carlsbad, CA",999000
5569,2024-08-01,"St. Louis, MO-IL",301900
5570,2024-08-01,"Charlotte-Concord-Gastonia, NC-SC",435000
5571,2024-08-01,"Baltimore-Columbia-Towson, MD",370900
5572,2024-08-01,"Orlando-Kissimmee-Sanford, FL",435000
5573,2024-08-01,"Pittsburgh, PA",239900
5574,2024-08-01,"San Antonio-New Braunfels, TX",342725
5575,2024-08-01,"Austin-Round Rock-San Marcos, TX",525000
5576,2024-08-01,"Portland-Vancouver-Hillsboro, OR-WA",615000
5577,2024-08-01,"Cleveland, OH",269900
5578,2024-08-01,"Cincinnati, OH-KY-IN",349900
5579,2024-08-01,"Kansas City, MO-KS",398050
5580,2024-08-01,"Las Vegas-Henderson-North Las Vegas, NV",480000
5581,2024-08-01,"Sacramento-Roseville-Folsom, CA",640000
5582,2024-08-01,"Columbus, OH",384900
5583,2024-08-01,"Indianapolis-Carmel-Greenwood, IN",330000
5584,2024-08-01,"Nashville-Davidson--Murfreesboro--Franklin, TN",550000
5585,2024-08-01,"Virginia Beach-Chesapeake-Norfolk, VA-NC",395000
5586,2024-08-01,"Jacksonville, FL",409850
5587,2024-08-01,"Providence-Warwick, RI-MA",573700
5588,2024-08-01,"San Jose-Sunnyvale-Santa Clara, CA",1399000
5589,2024-08-01,"Milwaukee-Waukesha, WI",399000
5590,2024-08-01,"Raleigh-Cary, NC",455000
5591,2024-08-01,"Oklahoma City, OK",315000
5592,2024-08-01,"Louisville/Jefferson County, KY-IN",319900
5593,2024-08-01,"Richmond, VA",449990
5594,2024-08-01,"Memphis, TN-MS-AR",339000
5595,2024-08-01,"Buffalo-Cheektowaga, NY",279900
5596,2024-08-01,"Birmingham, AL",300000
5597,2024-08-01,"Hartford-West Hartford-East Hartford, CT",425000
5598,2024-08-01,"Tucson, AZ",390000
5599,2024-08-01,"Grand Rapids-Wyoming-Kentwood, MI",399900
5600,2024-08-01,"Rochester, NY",274900
5601,2024-08-01,"Salt Lake City-Murray, UT",589000
5602,2024-08-01,"North Port-Bradenton-Sarasota, FL",485000
5603,2024-08-01,"Tulsa, OK",325000
5604,2024-08-01,"Greenville-Anderson-Greer, SC",374900
5605,2024-08-01,"Knoxville, TN",469900
5606,2024-08-01,"New Orleans-Metairie, LA",317000
5607,2024-08-01,"Omaha, NE-IA",399305
5608,2024-08-01,"Albany-Schenectady-Troy, NY",420000
5609,2024-08-01,"Albuquerque, NM",400000
5610,2024-08-01,"Fresno, CA",479950
5611,2024-08-01,"Bridgeport-Stamford-Danbury, CT",810000
5612,2024-08-01,"Cape Coral-Fort Myers, FL",440000
5613,2024-08-01,"Columbia, SC",312000
5614,2024-08-01,"Charleston-North Charleston, SC",510000
5615,2024-08-01,"Dayton-Kettering-Beavercreek, OH",254900
5616,2024-08-01,"Allentown-Bethlehem-Easton, PA-NJ",380000
5617,2024-08-01,"Baton Rouge, LA",301995
5618,2024-08-01,"Worcester, MA",529900
5619,2024-08-01,"Urban Honolulu, HI",725000
5620,2024-08-01,"Greensboro-High Point, NC",335000
5621,2024-08-01,"Lakeland-Winter Haven, FL",345000
5622,2024-08-01,"Little Rock-North Little Rock-Conway, AR",290000
5623,2024-08-01,"Deltona-Daytona Beach-Ormond Beach, FL",399000
5624,2024-08-01,"Boise City, ID",579948
5625,2024-08-01,"El Paso, TX",299995
5626,2024-08-01,"Madison, WI",469850
5627,2024-08-01,"Des Moines-West Des Moines, IA",369900
5628,2024-08-01,"Akron, OH",244900
5629,2024-08-01,"Winston-Salem, NC",349900
5630,2024-08-01,"Colorado Springs, CO",509900
5631,2024-08-01,"Bakersfield-Delano, CA",399999
5632,2024-08-01,"Palm Bay-Melbourne-Titusville, FL",390000
5633,2024-08-01,"McAllen-Edinburg-Mission, TX",278250
5634,2024-08-01,"Oxnard-Thousand Oaks-Ventura, CA",1050000
5635,2024-08-01,"Syracuse, NY",325000
5636,2024-08-01,"Wichita, KS",300000
5637,2024-08-01,"Kiryas Joel-Poughkeepsie-Newburgh, NY",550000
5638,2024-08-01,"Durham-Chapel Hill, NC",515000
5639,2024-08-01,"Toledo, OH",219900
5640,2024-08-01,"Augusta-Richmond County, GA-SC",310000
5641,2024-08-01,"Stockton-Lodi, CA",585000
5642,2024-08-01,"Harrisburg-Carlisle, PA",337000
5643,2024-08-01,"Portland-South Portland, ME",645000
5644,2024-08-01,"Jackson, MS",310000
5645,2024-08-01,"Chattanooga, TN-GA",399900
5646,2024-08-01,"Spokane-Spokane Valley, WA",515000
5647,2024-08-01,"Scranton--Wilkes-Barre, PA",249900
5648,2024-08-01,"New Haven, CT",485000
5649,2024-08-01,"Fayetteville-Springdale-Rogers, AR",444900
6475,2024-07-01,"New York-Newark-Jersey City, NY-NJ",775000
6476,2024-07-01,"Los Angeles-Long Beach-Anaheim, CA",1199000
6477,2024-07-01,"Chicago-Naperville-Elgin, IL-IN",394500
6478,2024-07-01,"Dallas-Fort Worth-Arlington, TX",450000
6479,2024-07-01,"Houston-Pasadena-The Woodlands, TX",371926
6480,2024-07-01,"Philadelphia-Camden-Wilmington, PA-NJ-DE-MD",389644
6481,2024-07-01,"Miami-Fort Lauderdale-West Palm Beach, FL",535000
6482,2024-07-01,"Atlanta-Sandy Springs-Roswell, GA",424950
6483,2024-07-01,"Washington-Arlington-Alexandria, DC-VA-MD-WV",617423
6484,2024-07-01,"Phoenix-Mesa-Chandler, AZ",525000
6485,2024-07-01,"Boston-Cambridge-Newton, MA-NH",853950
6486,2024-07-01,"Detroit-Warren-Dearborn, MI",279900
6487,2024-07-01,"San Francisco-Oakland-Fremont, CA",995000
6488,2024-07-01,"Seattle-Tacoma-Bellevue, WA",779245
6489,2024-07-01,"Riverside-San Bernardino-Ontario, CA",599999
6490,2024-07-01,"Minneapolis-St. Paul-Bloomington, MN-WI",449300
6491,2024-07-01,"Tampa-St. Petersburg-Clearwater, FL",420500
6492,2024-07-01,"Denver-Aurora-Centennial, CO",625000
6493,2024-07-01,"San Diego-Chula Vista-Carlsbad, CA",999995
6494,2024-07-01,"St. Louis, MO-IL",307450
6495,2024-07-01,"Charlotte-Concord-Gastonia, NC-SC",439000
6496,2024-07-01,"Baltimore-Columbia-Towson, MD",375000
6497,2024-07-01,"Orlando-Kissimmee-Sanford, FL",439996
6498,2024-07-01,"Pittsburgh, PA",250000
6499,2024-07-01,"San Antonio-New Braunfels, TX",349000
6500,2024-07-01,"Austin-Round Rock-San Marcos, TX",537000
6501,2024-07-01,"Portland-Vancouver-Hillsboro, OR-WA",617497
6502,2024-07-01,"Cleveland, OH",265000
6503,2024-07-01,"Cincinnati, OH-KY-IN",361075
6504,2024-07-01,"Kansas City, MO-KS",397000
6505,2024-07-01,"Las Vegas-Henderson-North Las Vegas, NV",479950
6506,2024-07-01,"Sacramento-Roseville-Folsom, CA",649500
6507,2024-07-01,"Columbus, OH",355000
6508,2024-07-01,"Indianapolis-Carmel-Greenwood, IN",339375
6509,2024-07-01,"Nashville-Davidson--Murfreesboro--Franklin, TN",564500
6510,2024-07-01,"Virginia Beach-Chesapeake-Norfolk, VA-NC",397225
6511,2024-07-01,"Jacksonville, FL",414500
6512,2024-07-01,"Providence-Warwick, RI-MA",586200
6513,2024-07-01,"San Jose-Sunnyvale-Santa Clara, CA",1408664
6514,2024-07-01,"Milwaukee-Waukesha, WI",399900
6515,2024-07-01,"Raleigh-Cary, NC",464950
6516,2024-07-01,"Oklahoma City, OK",324450
6517,2024-07-01,"Louisville/Jefferson County, KY-IN",326998
6518,2024-07-01,"Richmond, VA",459365
6519,2024-07-01,"Memphis, TN-MS-AR",341495
6520,2024-07-01,"Buffalo-Cheektowaga, NY",279950
6521,2024-07-01,"Birmingham, AL",301425
6522,2024-07-01,"Hartford-West Hartford-East Hartford, CT",438675
6523,2024-07-01,"Tucson, AZ",395000
6524,2024-07-01,"Grand Rapids-Wyoming-Kentwood, MI",399950
6525,2024-07-01,"Rochester, NY",272400
6526,2024-07-01,"Salt Lake City-Murray, UT",593425
6527,2024-07-01,"North Port-Bradenton-Sarasota, FL",499000
6528,2024-07-01,"Tulsa, OK",327000
6529,2024-07-01,"Greenville-Anderson-Greer, SC",375000
6530,2024-07-01,"Knoxville, TN",469450
6531,2024-07-01,"New Orleans-Metairie, LA",324500
6532,2024-07-01,"Omaha, NE-IA",399000
6533,2024-07-01,"Albany-Schenectady-Troy, NY",428374
6534,2024-07-01,"Albuquerque, NM",409750
6535,2024-07-01,"Fresno, CA",478426
6536,2024-07-01,"Bridgeport-Stamford-Danbury, CT",875000
6537,2024-07-01,"Cape Coral-Fort Myers, FL",449450
6538,2024-07-01,"Columbia, SC",315000
6539,2024-07-01,"Charleston-North Charleston, SC",519995
6540,2024-07-01,"Dayton-Kettering-Beavercreek, OH",255000
6541,2024-07-01,"Allentown-Bethlehem-Easton, PA-NJ",392425
6542,2024-07-01,"Baton Rouge, LA",312495
6543,2024-07-01,"Worcester, MA",560725
6544,2024-07-01,"Urban Honolulu, HI",731500
6545,2024-07-01,"Greensboro-High Point, NC",337000
6546,2024-07-01,"Lakeland-Winter Haven, FL",349250
6547,2024-07-01,"Little Rock-North Little Rock-Conway, AR",296500
6548,2024-07-01,"Deltona-Daytona Beach-Ormond Beach, FL",399450
6549,2024-07-01,"Boise City, ID",574950
6550,2024-07-01,"El Paso, TX",299995
6551,2024-07-01,"Madison, WI",474900
6552,2024-07-01,"Des Moines-West Des Moines, IA",369990
6553,2024-07-01,"Akron, OH",249675
6554,2024-07-01,"Winston-Salem, NC",349950
6555,2024-07-01,"Colorado Springs, CO",515000
6556,2024-07-01,"Bakersfield-Delano, CA",402473
6557,2024-07-01,"Palm Bay-Melbourne-Titusville, FL",396510
6558,2024-07-01,"McAllen-Edinburg-Mission, TX",272375
6559,2024-07-01,"Oxnard-Thousand Oaks-Ventura, CA",1093500
6560,2024-07-01,"Syracuse, NY",337450
6561,2024-07-01,"Wichita, KS",310500
6562,2024-07-01,"Kiryas Joel-Poughkeepsie-Newburgh, NY",554950
6563,2024-07-01,"Durham-Chapel Hill, NC",525000
6564,2024-07-01,"Toledo, OH",239950
6565,2024-07-01,"Augusta-Richmond County, GA-SC",311958
6566,2024-07-01,"Stockton-Lodi, CA",592498
6567,2024-07-01,"Harrisburg-Carlisle, PA",348450
6568,2024-07-01,"Portland-South Portland, ME",649500
6569,2024-07-01,"Jackson, MS",319499
6570,2024-07-01,"Chattanooga, TN-GA",409950
6571,2024-07-01,"Spokane-Spokane Valley, WA",525000
6572,2024-07-01,"Scranton--Wilkes-Barre, PA",259500
6573,2024-07-01,"New Haven, CT",451200
6574,2024-07-01,"Fayetteville-Springdale-Rogers, AR",442619
7400,2024-06-01,"New York-Newark-Jersey City, NY-NJ",779999
7401,2024-06-01,"Los Angeles-Long Beach-Anaheim, CA",1199000
7402,2024-06-01,"Chicago-Naperville-Elgin, IL-IN",395000
7403,2024-06-01,"Dallas-Fort Worth-Arlington, TX",450178
7404,2024-06-01,"Houston-Pasadena-The Woodlands, TX",369900
7405,2024-06-01,"Philadelphia-Camden-Wilmington, PA-NJ-DE-MD",395000
7406,2024-06-01,"Miami-Fort Lauderdale-West Palm Beach, FL",535000
7407,2024-06-01,"Atlanta-Sandy Springs-Roswell, GA",425000
7408,2024-06-01,"Washington-Arlington-Alexandria, DC-VA-MD-WV",634970
7409,2024-06-01,"Phoenix-Mesa-Chandler, AZ",535900
7410,2024-06-01,"Boston-Cambridge-Newton, MA-NH",864500
7411,2024-06-01,"Detroit-Warren-Dearborn, MI",274900
7412,2024-06-01,"San Francisco-Oakland-Fremont, CA",999000
7413,2024-06-01,"Seattle-Tacoma-Bellevue, WA",788000
7414,2024-06-01,"Riverside-San Bernardino-Ontario, CA",609900
7415,2024-06-01,"Minneapolis-St. Paul-Bloomington, MN-WI",449990
7416,2024-06-01,"Tampa-St. Petersburg-Clearwater, FL",425000
7417,2024-06-01,"Denver-Aurora-Centennial, CO",632500
7418,2024-06-01,"San Diego-Chula Vista-Carlsbad, CA",1015000
7419,2024-06-01,"St. Louis, MO-IL",309771
7420,2024-06-01,"Charlotte-Concord-Gastonia, NC-SC",440000
7421,2024-06-01,"Baltimore-Columbia-Towson, MD",374000
7422,2024-06-01,"Orlando-Kissimmee-Sanford, FL",444500
7423,2024-06-01,"Pittsburgh, PA",255000
7424,2024-06-01,"San Antonio-New Braunfels, TX",347900
7425,2024-06-01,"Austin-Round Rock-San Marcos, TX",549900
7426,2024-06-01,"Portland-Vancouver-Hillsboro, OR-WA",625000
7427,2024-06-01,"Cleveland, OH",275000
7428,2024-06-01,"Cincinnati, OH-KY-IN",378900
7429,2024-06-01,"Kansas City, MO-KS",415000
7430,2024-06-01,"Las Vegas-Henderson-North Las Vegas, NV",484999
7431,2024-06-01,"Sacramento-Roseville-Folsom, CA",664558
7432,2024-06-01,"Columbus, OH",399900
7433,2024-06-01,"Indianapolis-Carmel-Greenwood, IN",349900
7434,2024-06-01,"Nashville-Davidson--Murfreesboro--Franklin, TN",574900
7435,2024-06-01,"Virginia Beach-Chesapeake-Norfolk, VA-NC",394500
7436,2024-06-01,"Jacksonville, FL",419900
7437,2024-06-01,"Providence-Warwick, RI-MA",580000
7438,2024-06-01,"San Jose-Sunnyvale-Santa Clara, CA",1450000
7439,2024-06-01,"Milwaukee-Waukesha, WI",399900
7440,2024-06-01,"Raleigh-Cary, NC",469900
7441,2024-06-01,"Oklahoma City, OK",327362
7442,2024-06-01,"Louisville/Jefferson County, KY-IN",329900
7443,2024-06-01,"Richmond, VA",464091
7444,2024-06-01,"Memphis, TN-MS-AR",344900
7445,2024-06-01,"Buffalo-Cheektowaga, NY",289000
7446,2024-06-01,"Birmingham, AL",300000
7447,2024-06-01,"Hartford-West Hartford-East Hartford, CT",449900
7448,2024-06-01,"Tucson, AZ",399000
7449,2024-06-01,"Grand Rapids-Wyoming-Kentwood, MI",409900
7450,2024-06-01,"Rochester, NY",269900
7451,2024-06-01,"Salt Lake City-Murray, UT",601900
7452,2024-06-01,"North Port-Bradenton-Sarasota, FL",499900
7453,2024-06-01,"Tulsa, OK",334925
7454,2024-06-01,"Greenville-Anderson-Greer, SC",370000
7455,2024-06-01,"Knoxville, TN",469900
7456,2024-06-01,"New Orleans-Metairie, LA",329000
7457,2024-06-01,"Omaha, NE-IA",400000
7458,2024-06-01,"Albany-Schenectady-Troy, NY",429900
7459,2024-06-01,"Albuquerque, NM",410000
7460,2024-06-01,"Fresno, CA",482000
7461,2024-06-01,"Bridgeport-Stamford-Danbury, CT",924950
7462,2024-06-01,"Cape Coral-Fort Myers, FL",453000
7463,2024-06-01,"Columbia, SC",314900
7464,2024-06-01,"Charleston-North Charleston, SC",529000
7465,2024-06-01,"Dayton-Kettering-Beavercreek, OH",259900
7466,2024-06-01,"Allentown-Bethlehem-Easton, PA-NJ",391450
7467,2024-06-01,"Baton Rouge, LA",313685
7468,2024-06-01,"Worcester, MA",550000
7469,2024-06-01,"Urban Honolulu, HI",728000
7470,2024-06-01,"Greensboro-High Point, NC",339990
7471,2024-06-01,"Lakeland-Winter Haven, FL",349900
7472,2024-06-01,"Little Rock-North Little Rock-Conway, AR",298200
7473,2024-06-01,"Deltona-Daytona Beach-Ormond Beach, FL",399900
7474,2024-06-01,"Boise City, ID",585000
7475,2024-06-01,"El Paso, TX",299950
7476,2024-06-01,"Madison, WI",495000
7477,2024-06-01,"Des Moines-West Des Moines, IA",371990
7478,2024-06-01,"Akron, OH",250000
7479,2024-06-01,"Winston-Salem, NC",357392
7480,2024-06-01,"Colorado Springs, CO",523000
7481,2024-06-01,"Bakersfield-Delano, CA",400000
7482,2024-06-01,"Palm Bay-Melbourne-Titusville, FL",394900
7483,2024-06-01,"McAllen-Edinburg-Mission, TX",272000
7484,2024-06-01,"Oxnard-Thousand Oaks-Ventura, CA",1050000
7485,2024-06-01,"Syracuse, NY",335750
7486,2024-06-01,"Wichita, KS",315690
7487,2024-06-01,"Kiryas Joel-Poughkeepsie-Newburgh, NY",560000
7488,2024-06-01,"Durham-Chapel Hill, NC",525000
7489,2024-06-01,"Toledo, OH",229900
7490,2024-06-01,"Augusta-Richmond County, GA-SC",311300
7491,2024-06-01,"Stockton-Lodi, CA",596900
7492,2024-06-01,"Harrisburg-Carlisle, PA",349900
7493,2024-06-01,"Portland-South Portland, ME",649900
7494,2024-06-01,"Jackson, MS",319999
7495,2024-06-01,"Chattanooga, TN-GA",415000
7496,2024-06-01,"Spokane-Spokane Valley, WA",524990
7497,2024-06-01,"Scranton--Wilkes-Barre, PA",255000
7498,2024-06-01,"New Haven, CT",450000
7499,2024-06-01,"Fayetteville-Springdale-Rogers, AR",445000
8325,2024-05-01,"New York-Newark-Jersey City, NY-NJ",793676
8326,2024-05-01,"Los Angeles-Long Beach-Anaheim, CA",1223500
8327,2024-05-01,"Chicago-Naperville-Elgin, IL-IN",394950
8328,2024-05-01,"Dallas-Fort Worth-Arlington, TX",454500
8329,2024-05-01,"Houston-Pasadena-The Woodlands, TX",369900
8330,2024-05-01,"Philadelphia-Camden-Wilmington, PA-NJ-DE-MD",379950
8331,2024-05-01,"Miami-Fort Lauderdale-West Palm Beach, FL",539450
8332,2024-05-01,"Atlanta-Sandy Springs-Roswell, GA",422845
8333,2024-05-01,"Washington-Arlington-Alexandria, DC-VA-MD-WV",639058
8334,2024-05-01,"Phoenix-Mesa-Chandler, AZ",542450
8335,2024-05-01,"Boston-Cambridge-Newton, MA-NH",894000
8336,2024-05-01,"Detroit-Warren-Dearborn, MI",261950
8337,2024-05-01,"San Francisco-Oakland-Fremont, CA",1045750
8338,2024-05-01,"Seattle-Tacoma-Bellevue, WA",774950
8339,2024-05-01,"Riverside-San Bernardino-Ontario, CA",617750
8340,2024-05-01,"Minneapolis-St. Paul-Bloomington, MN-WI",457500
8341,2024-05-01,"Tampa-St. Petersburg-Clearwater, FL",424500
8342,2024-05-01,"Denver-Aurora-Centennial, CO",636700
8343,2024-05-01,"San Diego-Chula Vista-Carlsbad, CA",1055000
8344,2024-05-01,"St. Louis, MO-IL",307698
8345,2024-05-01,"Charlotte-Concord-Gastonia, NC-SC",435000
8346,2024-05-01,"Baltimore-Columbia-Towson, MD",362400
8347,2024-05-01,"Orlando-Kissimmee-Sanford, FL",439950
8348,2024-05-01,"Pittsburgh, PA",257450
8349,2024-05-01,"San Antonio-New Braunfels, TX",345000
8350,2024-05-01,"Austin-Round Rock-San Marcos, TX",560000
8351,2024-05-01,"Portland-Vancouver-Hillsboro, OR-WA",620313
8352,2024-05-01,"Cleveland, OH",264950
8353,2024-05-01,"Cincinnati, OH-KY-IN",378500
8354,2024-05-01,"Kansas City, MO-KS",427450
8355,2024-05-01,"Las Vegas-Henderson-North Las Vegas, NV",477000
8356,2024-05-01,"Sacramento-Roseville-Folsom, CA",662775
8357,2024-05-01,"Columbus, OH",399900
8358,2024-05-01,"Indianapolis-Carmel-Greenwood, IN",349950
8359,2024-05-01,"Nashville-Davidson--Murfreesboro--Franklin, TN",581870
8360,2024-05-01,"Virginia Beach-Chesapeake-Norfolk, VA-NC",393750
8361,2024-05-01,"Jacksonville, FL",421994
8362,2024-05-01,"Providence-Warwick, RI-MA",576950
8363,2024-05-01,"San Jose-Sunnyvale-Santa Clara, CA",1477221
8364,2024-05-01,"Milwaukee-Waukesha, WI",399900
8365,2024-05-01,"Raleigh-Cary, NC",463524
8366,2024-05-01,"Oklahoma City, OK",332475
8367,2024-05-01,"Louisville/Jefferson County, KY-IN",329000
8368,2024-05-01,"Richmond, VA",465000
8369,2024-05-01,"Memphis, TN-MS-AR",348400
8370,2024-05-01,"Buffalo-Cheektowaga, NY",297450
8371,2024-05-01,"Birmingham, AL",299900
8372,2024-05-01,"Hartford-West Hartford-East Hartford, CT",454900
8373,2024-05-01,"Tucson, AZ",402423
8374,2024-05-01,"Grand Rapids-Wyoming-Kentwood, MI",412500
8375,2024-05-01,"Rochester, NY",294675
8376,2024-05-01,"Salt Lake City-Murray, UT",615425
8377,2024-05-01,"North Port-Bradenton-Sarasota, FL",499900
8378,2024-05-01,"Tulsa, OK",337700
8379,2024-05-01,"Greenville-Anderson-Greer, SC",366325
8380,2024-05-01,"Knoxville, TN",485000
8381,2024-05-01,"New Orleans-Metairie, LA",332450
8382,2024-05-01,"Omaha, NE-IA",411200
8383,2024-05-01,"Albany-Schenectady-Troy, NY",443050
8384,2024-05-01,"Albuquerque, NM",416388
8385,2024-05-01,"Fresno, CA",482250
8386,2024-05-01,"Bridgeport-Stamford-Danbury, CT",1012000
8387,2024-05-01,"Cape Coral-Fort Myers, FL",460900
8388,2024-05-01,"Columbia, SC",312819
8389,2024-05-01,"Charleston-North Charleston, SC",529225
8390,2024-05-01,"Dayton-Kettering-Beavercreek, OH",269500
8391,2024-05-01,"Allentown-Bethlehem-Easton, PA-NJ",397225
8392,2024-05-01,"Baton Rouge, LA",315720
8393,2024-05-01,"Worcester, MA",557425
8394,2024-05-01,"Urban Honolulu, HI",727000
8395,2024-05-01,"Greensboro-High Point, NC",342037
8396,2024-05-01,"Lakeland-Winter Haven, FL",349000
8397,2024-05-01,"Little Rock-North Little Rock-Conway, AR",304000
8398,2024-05-01,"Deltona-Daytona Beach-Ormond Beach, FL",399450
8399,2024-05-01,"Boise City, ID",598450
8400,2024-05-01,"El Paso, TX",299950
8401,2024-05-01,"Madison, WI",499900
8402,2024-05-01,"Des Moines-West Des Moines, IA",377130
8403,2024-05-01,"Akron, OH",247000
8404,2024-05-01,"Winston-Salem, NC",354511
8405,2024-05-01,"Colorado Springs, CO",512500
8406,2024-05-01,"Bakersfield-Delano, CA",408128
8407,2024-05-01,"Palm Bay-Melbourne-Titusville, FL",397000
8408,2024-05-01,"McAllen-Edinburg-Mission, TX",279000
8409,2024-05-01,"Oxnard-Thousand Oaks-Ventura, CA",1152000
8410,2024-05-01,"Syracuse, NY",314900
8411,2024-05-01,"Wichita, KS",335215
8412,2024-05-01,"Kiryas Joel-Poughkeepsie-Newburgh, NY",542500
8413,2024-05-01,"Durham-Chapel Hill, NC",542000
8414,2024-05-01,"Toledo, OH",231950
8415,2024-05-01,"Augusta-Richmond County, GA-SC",309350
8416,2024-05-01,"Stockton-Lodi, CA",597000
8417,2024-05-01,"Harrisburg-Carlisle, PA",348675
8418,2024-05-01,"Portland-South Portland, ME",657225
8419,2024-05-01,"Jackson, MS",320238
8420,2024-05-01,"Chattanooga, TN-GA",424500
8421,2024-05-01,"Spokane-Spokane Valley, WA",532498
8422,2024-05-01,"Scranton--Wilkes-Barre, PA",254950
8423,2024-05-01,"New Haven, CT",449450
8424,2024-05-01,"Fayetteville-Springdale-Rogers, AR",444938
9250,2024-04-01,"New York-Newark-Jersey City, NY-NJ",775000
9251,2024-04-01,"Los Angeles-Long Beach-Anaheim, CA",1192000
9252,2024-04-01,"Chicago-Naperville-Elgin, IL-IN",389450
9253,2024-04-01,"Dallas-Fort Worth-Arlington, TX",449900
9254,2024-04-01,"Houston-Pasadena-The Woodlands, TX",369000
9255,2024-04-01,"Philadelphia-Camden-Wilmington, PA-NJ-DE-MD",369950
9256,2024-04-01,"Miami-Fort Lauderdale-West Palm Beach, FL",540000
9257,2024-04-01,"Atlanta-Sandy Springs-Roswell, GA",415950
9258,2024-04-01,"Washington-Arlington-Alexandria, DC-VA-MD-WV",626721
9259,2024-04-01,"Phoenix-Mesa-Chandler, AZ",537000
9260,2024-04-01,"Boston-Cambridge-Newton, MA-NH",869900
9261,2024-04-01,"Detroit-Warren-Dearborn, MI",250000
9262,2024-04-01,"San Francisco-Oakland-Fremont, CA",1026500
9263,2024-04-01,"Seattle-Tacoma-Bellevue, WA",774973
9264,2024-04-01,"Riverside-San Bernardino-Ontario, CA",599950
9265,2024-04-01,"Minneapolis-St. Paul-Bloomington, MN-WI",449450
9266,2024-04-01,"Tampa-St. Petersburg-Clearwater, FL",419950
9267,2024-04-01,"Denver-Aurora-Centennial, CO",625000
9268,2024-04-01,"San Diego-Chula Vista-Carlsbad, CA",1050000
9269,2024-04-01,"St. Louis, MO-IL",294400
9270,2024-04-01,"Charlotte-Concord-Gastonia, NC-SC",422450
9271,2024-04-01,"Baltimore-Columbia-Towson, MD",352225
9272,2024-04-01,"Orlando-Kissimmee-Sanford, FL",439950
9273,2024-04-01,"Pittsburgh, PA",242500
9274,2024-04-01,"San Antonio-New Braunfels, TX",344513
9275,2024-04-01,"Austin-Round Rock-San Marcos, TX",557748
9276,2024-04-01,"Portland-Vancouver-Hillsboro, OR-WA",615000
9277,2024-04-01,"Cleveland, OH",250000
9278,2024-04-01,"Cincinnati, OH-KY-IN",375000
9279,2024-04-01,"Kansas City, MO-KS",422026
9280,2024-04-01,"Las Vegas-Henderson-North Las Vegas, NV",474923
9281,2024-04-01,"Sacramento-Roseville-Folsom, CA",649750
9282,2024-04-01,"Columbus, OH",396950
9283,2024-04-01,"Indianapolis-Carmel-Greenwood, IN",340625
9284,2024-04-01,"Nashville-Davidson--Murfreesboro--Franklin, TN",572495
9285,2024-04-01,"Virginia Beach-Chesapeake-Norfolk, VA-NC",394995
9286,2024-04-01,"Jacksonville, FL",420000
9287,2024-04-01,"Providence-Warwick, RI-MA",524450
9288,2024-04-01,"San Jose-Sunnyvale-Santa Clara, CA",1466953
9289,2024-04-01,"Milwaukee-Waukesha, WI",376450
9290,2024-04-01,"Raleigh-Cary, NC",453383
9291,2024-04-01,"Oklahoma City, OK",329900
9292,2024-04-01,"Louisville/Jefferson County, KY-IN",326950
9293,2024-04-01,"Richmond, VA",458767
9294,2024-04-01,"Memphis, TN-MS-AR",339450
9295,2024-04-01,"Buffalo-Cheektowaga, NY",284900
9296,2024-04-01,"Birmingham, AL",295371
9297,2024-04-01,"Hartford-West Hartford-East Hartford, CT",424950
9298,2024-04-01,"Tucson, AZ",409299
9299,2024-04-01,"Grand Rapids-Wyoming-Kentwood, MI",407450
9300,2024-04-01,"Rochester, NY",279900
9301,2024-04-01,"Salt Lake City-Murray, UT",598500
9302,2024-04-01,"North Port-Bradenton-Sarasota, FL",499950
9303,2024-04-01,"Tulsa, OK",334948
9304,2024-04-01,"Greenville-Anderson-Greer, SC",360248
9305,2024-04-01,"Knoxville, TN",464950
9306,2024-04-01,"New Orleans-Metairie, LA",330000
9307,2024-04-01,"Omaha, NE-IA",408276
9308,2024-04-01,"Albany-Schenectady-Troy, NY",449897
9309,2024-04-01,"Albuquerque, NM",410788
9310,2024-04-01,"Fresno, CA",478500
9311,2024-04-01,"Bridgeport-Stamford-Danbury, CT",985000
9312,2024-04-01,"Cape Coral-Fort Myers, FL",469450
9313,2024-04-01,"Columbia, SC",307791
9314,2024-04-01,"Charleston-North Charleston, SC",523350
9315,2024-04-01,"Dayton-Kettering-Beavercreek, OH",259675
9316,2024-04-01,"Allentown-Bethlehem-Easton, PA-NJ",387348
9317,2024-04-01,"Baton Rouge, LA",312500
9318,2024-04-01,"Worcester, MA",550925
9319,2024-04-01,"Urban Honolulu, HI",744000
9320,2024-04-01,"Greensboro-High Point, NC",329548
9321,2024-04-01,"Lakeland-Winter Haven, FL",349000
9322,2024-04-01,"Little Rock-North Little Rock-Conway, AR",315000
9323,2024-04-01,"Deltona-Daytona Beach-Ormond Beach, FL",399900
9324,2024-04-01,"Boise City, ID",577125
9325,2024-04-01,"El Paso, TX",300125
9326,2024-04-01,"Madison, WI",492175
9327,2024-04-01,"Des Moines-West Des Moines, IA",375698
9328,2024-04-01,"Akron, OH",228750
9329,2024-04-01,"Winston-Salem, NC",337450
9330,2024-04-01,"Colorado Springs, CO",505028
9331,2024-04-01,"Bakersfield-Delano, CA",397000
9332,2024-04-01,"Palm Bay-Melbourne-Titusville, FL",395000
9333,2024-04-01,"McAllen-Edinburg-Mission, TX",277500
9334,2024-04-01,"Oxnard-Thousand Oaks-Ventura, CA",1093500
9335,2024-04-01,"Syracuse, NY",272500
9336,2024-04-01,"Wichita, KS",324900
9337,2024-04-01,"Kiryas Joel-Poughkeepsie-Newburgh, NY",547000
9338,2024-04-01,"Durham-Chapel Hill, NC",533378
9339,2024-04-01,"Toledo, OH",209950
9340,2024-04-01,"Augusta-Richmond County, GA-SC",304375
9341,2024-04-01,"Stockton-Lodi, CA",593200
9342,2024-04-01,"Harrisburg-Carlisle, PA",321950
9343,2024-04-01,"Portland-South Portland, ME",649948
9344,2024-04-01,"Jackson, MS",307500
9345,2024-04-01,"Chattanooga, TN-GA",425000
9346,2024-04-01,"Spokane-Spokane Valley, WA",522500
9347,2024-04-01,"Scranton--Wilkes-Barre, PA",242450
9348,2024-04-01,"New Haven, CT",425000
9349,2024-04-01,"Fayetteville-Springdale-Rogers, AR",441900
10175,2024-03-01,"New York-Newark-Jersey City, NY-NJ",770000
10176,2024-03-01,"Los Angeles-Long Beach-Anaheim, CA",1150000
10177,2024-03-01,"Chicago-Naperville-Elgin, IL-IN",374990
10178,2024-03-01,"Dallas-Fort Worth-Arlington, TX",439990
10179,2024-03-01,"Houston-Pasadena-The Woodlands, TX",360794
10180,2024-03-01,"Philadelphia-Camden-Wilmington, PA-NJ-DE-MD",349999
10181,2024-03-01,"Miami-Fort Lauderdale-West Palm Beach, FL",549000
10182,2024-03-01,"Atlanta-Sandy Springs-Roswell, GA",410000
10183,2024-03-01,"Washington-Arlington-Alexandria, DC-VA-MD-WV",610000
10184,2024-03-01,"Phoenix-Mesa-Chandler, AZ",535000
10185,2024-03-01,"Boston-Cambridge-Newton, MA-NH",879950
10186,2024-03-01,"Detroit-Warren-Dearborn, MI",239900
10187,2024-03-01,"San Francisco-Oakland-Fremont, CA",999000
10188,2024-03-01,"Seattle-Tacoma-Bellevue, WA",767875
10189,2024-03-01,"Riverside-San Bernardino-Ontario, CA",599000
10190,2024-03-01,"Minneapolis-St. Paul-Bloomington, MN-WI",444990
10191,2024-03-01,"Tampa-St. Petersburg-Clearwater, FL",419000
10192,2024-03-01,"Denver-Aurora-Centennial, CO",619925
10193,2024-03-01,"San Diego-Chula Vista-Carlsbad, CA",998000
10194,2024-03-01,"St. Louis, MO-IL",292000
10195,2024-03-01,"Charlotte-Concord-Gastonia, NC-SC",411000
10196,2024-03-01,"Baltimore-Columbia-Towson, MD",335000
10197,2024-03-01,"Orlando-Kissimmee-Sanford, FL",439000
10198,2024-03-01,"Pittsburgh, PA",234750
10199,2024-03-01,"San Antonio-New Braunfels, TX",339900
10200,2024-03-01,"Austin-Round Rock-San Marcos, TX",549783
10201,2024-03-01,"Portland-Vancouver-Hillsboro, OR-WA",605000
10202,2024-03-01,"Cleveland, OH",229000
10203,2024-03-01,"Cincinnati, OH-KY-IN",350900
10204,2024-03-01,"Kansas City, MO-KS",425000
10205,2024-03-01,"Las Vegas-Henderson-North Las Vegas, NV",470000
10206,2024-03-01,"Sacramento-Roseville-Folsom, CA",635000
10207,2024-03-01,"Columbus, OH",379900
10208,2024-03-01,"Indianapolis-Carmel-Greenwood, IN",330000
10209,2024-03-01,"Nashville-Davidson--Murfreesboro--Franklin, TN",555400
10210,2024-03-01,"Virginia Beach-Chesapeake-Norfolk, VA-NC",395000
10211,2024-03-01,"Jacksonville, FL",415000
10212,2024-03-01,"Providence-Warwick, RI-MA",499950
10213,2024-03-01,"San Jose-Sunnyvale-Santa Clara, CA",1481397
10214,2024-03-01,"Milwaukee-Waukesha, WI",364900
10215,2024-03-01,"Raleigh-Cary, NC",449995
10216,2024-03-01,"Oklahoma City, OK",321827
10217,2024-03-01,"Louisville/Jefferson County, KY-IN",315000
10218,2024-03-01,"Richmond, VA",450000
10219,2024-03-01,"Memphis, TN-MS-AR",325990
10220,2024-03-01,"Buffalo-Cheektowaga, NY",269980
10221,2024-03-01,"Birmingham, AL",289900
10222,2024-03-01,"Hartford-West Hartford-East Hartford, CT",409450
10223,2024-03-01,"Tucson, AZ",402700
10224,2024-03-01,"Grand Rapids-Wyoming-Kentwood, MI",415000
10225,2024-03-01,"Rochester, NY",279000
10226,2024-03-01,"Salt Lake City-Murray, UT",579950
10227,2024-03-01,"North Port-Bradenton-Sarasota, FL",515000
10228,2024-03-01,"Tulsa, OK",339923
10229,2024-03-01,"Greenville-Anderson-Greer, SC",355000
10230,2024-03-01,"Knoxville, TN",450000
10231,2024-03-01,"New Orleans-Metairie, LA",325000
10232,2024-03-01,"Omaha, NE-IA",402418
10233,2024-03-01,"Albany-Schenectady-Troy, NY",435650
10234,2024-03-01,"Albuquerque, NM",414495
10235,2024-03-01,"Fresno, CA",469000
10236,2024-03-01,"Bridgeport-Stamford-Danbury, CT",949450
10237,2024-03-01,"Cape Coral-Fort Myers, FL",474100
10238,2024-03-01,"Columbia, SC",300000
10239,2024-03-01,"Charleston-North Charleston, SC",507547
10240,2024-03-01,"Dayton-Kettering-Beavercreek, OH",229900
10241,2024-03-01,"Allentown-Bethlehem-Easton, PA-NJ",389000
10242,2024-03-01,"Baton Rouge, LA",305000
10243,2024-03-01,"Worcester, MA",525000
10244,2024-03-01,"Urban Honolulu, HI",750000
10245,2024-03-01,"Greensboro-High Point, NC",318900
10246,2024-03-01,"Lakeland-Winter Haven, FL",349900
10247,2024-03-01,"Little Rock-North Little Rock-Conway, AR",309900
10248,2024-03-01,"Deltona-Daytona Beach-Ormond Beach, FL",399000
10249,2024-03-01,"Boise City, ID",580000
10250,2024-03-01,"El Paso, TX",299500
10251,2024-03-01,"Madison, WI",475000
10252,2024-03-01,"Des Moines-West Des Moines, IA",368000
10253,2024-03-01,"Akron, OH",214900
10254,2024-03-01,"Winston-Salem, NC",334900
10255,2024-03-01,"Colorado Springs, CO",495000
10256,2024-03-01,"Bakersfield-Delano, CA",385000
10257,2024-03-01,"Palm Bay-Melbourne-Titusville, FL",388283
10258,2024-03-01,"McAllen-Edinburg-Mission, TX",278000
10259,2024-03-01,"Oxnard-Thousand Oaks-Ventura, CA",1065000
10260,2024-03-01,"Syracuse, NY",274900
10261,2024-03-01,"Wichita, KS",325000
10262,2024-03-01,"Kiryas Joel-Poughkeepsie-Newburgh, NY",549000
10263,2024-03-01,"Durham-Chapel Hill, NC",529000
10264,2024-03-01,"Toledo, OH",199900
10265,2024-03-01,"Augusta-Richmond County, GA-SC",303600
10266,2024-03-01,"Stockton-Lodi, CA",562000
10267,2024-03-01,"Harrisburg-Carlisle, PA",309950
10268,2024-03-01,"Portland-South Portland, ME",622700
10269,2024-03-01,"Jackson, MS",299999
10270,2024-03-01,"Chattanooga, TN-GA",425000
10271,2024-03-01,"Spokane-Spokane Valley, WA",509995
10272,2024-03-01,"Scranton--Wilkes-Barre, PA",234450
10273,2024-03-01,"New Haven, CT",409900
10274,2024-03-01,"Fayetteville-Springdale-Rogers, AR",430000
11100,2024-02-01,"New York-Newark-Jersey City, NY-NJ",752500
11101,2024-02-01,"Los Angeles-Long Beach-Anaheim, CA",1137000
11102,2024-02-01,"Chicago-Naperville-Elgin, IL-IN",359950
11103,2024-02-01,"Dallas-Fort Worth-Arlington, TX",435000
11104,2024-02-01,"Houston-Pasadena-The Woodlands, TX",359900
11105,2024-02-01,"Philadelphia-Camden-Wilmington, PA-NJ-DE-MD",339950
11106,2024-02-01,"Miami-Fort Lauderdale-West Palm Beach, FL",550000
11107,2024-02-01,"Atlanta-Sandy Springs-Roswell, GA",409900
11108,2024-02-01,"Washington-Arlington-Alexandria, DC-VA-MD-WV",599900
11109,2024-02-01,"Phoenix-Mesa-Chandler, AZ",541375
11110,2024-02-01,"Boston-Cambridge-Newton, MA-NH",854450
11111,2024-02-01,"Detroit-Warren-Dearborn, MI",229450
11112,2024-02-01,"San Francisco-Oakland-Fremont, CA",989444
11113,2024-02-01,"Seattle-Tacoma-Bellevue, WA",765000
11114,2024-02-01,"Riverside-San Bernardino-Ontario, CA",595000
11115,2024-02-01,"Minneapolis-St. Paul-Bloomington, MN-WI",434400
11116,2024-02-01,"Tampa-St. Petersburg-Clearwater, FL",415500
11117,2024-02-01,"Denver-Aurora-Centennial, CO",609750
11118,2024-02-01,"San Diego-Chula Vista-Carlsbad, CA",996500
11119,2024-02-01,"St. Louis, MO-IL",287450
11120,2024-02-01,"Charlotte-Concord-Gastonia, NC-SC",400000
11121,2024-02-01,"Baltimore-Columbia-Towson, MD",329500
11122,2024-02-01,"Orlando-Kissimmee-Sanford, FL",435000
11123,2024-02-01,"Pittsburgh, PA",227000
11124,2024-02-01,"San Antonio-New Braunfels, TX",334948
11125,2024-02-01,"Austin-Round Rock-San Marcos, TX",542000
11126,2024-02-01,"Portland-Vancouver-Hillsboro, OR-WA",600000
11127,2024-02-01,"Cleveland, OH",212114
11128,2024-02-01,"Cincinnati, OH-KY-IN",337450
11129,2024-02-01,"Kansas City, MO-KS",421113
11130,2024-02-01,"Las Vegas-Henderson-North Las Vegas, NV",464900
11131,2024-02-01,"Sacramento-Roseville-Folsom, CA",633034
11132,2024-02-01,"Columbus, OH",376750
11133,2024-02-01,"Indianapolis-Carmel-Greenwood, IN",318513
11134,2024-02-01,"Nashville-Davidson--Murfreesboro--Franklin, TN",559900
11135,2024-02-01,"Virginia Beach-Chesapeake-Norfolk, VA-NC",387223
11136,2024-02-01,"Jacksonville, FL",410000
11137,2024-02-01,"Providence-Warwick, RI-MA",499900
11138,2024-02-01,"San Jose-Sunnyvale-Santa Clara, CA",1366944
11139,2024-02-01,"Milwaukee-Waukesha, WI",352400
11140,2024-02-01,"Raleigh-Cary, NC",442665
11141,2024-02-01,"Oklahoma City, OK",323475
11142,2024-02-01,"Louisville/Jefferson County, KY-IN",310975
11143,2024-02-01,"Richmond, VA",448678
11144,2024-02-01,"Memphis, TN-MS-AR",324000
11145,2024-02-01,"Buffalo-Cheektowaga, NY",251125
11146,2024-02-01,"Birmingham, AL",284269
11147,2024-02-01,"Hartford-West Hartford-East Hartford, CT",407000
11148,2024-02-01,"Tucson, AZ",400000
11149,2024-02-01,"Grand Rapids-Wyoming-Kentwood, MI",409950
11150,2024-02-01,"Rochester, NY",248200
11151,2024-02-01,"Salt Lake City-Murray, UT",569000
11152,2024-02-01,"North Port-Bradenton-Sarasota, FL",517450
11153,2024-02-01,"Tulsa, OK",342500
11154,2024-02-01,"Greenville-Anderson-Greer, SC",357125
11155,2024-02-01,"Knoxville, TN",459950
11156,2024-02-01,"New Orleans-Metairie, LA",324975
11157,2024-02-01,"Omaha, NE-IA",399000
11158,2024-02-01,"Albany-Schenectady-Troy, NY",433960
11159,2024-02-01,"Albuquerque, NM",412500
11160,2024-02-01,"Fresno, CA",467300
11161,2024-02-01,"Bridgeport-Stamford-Danbury, CT",875000
11162,2024-02-01,"Cape Coral-Fort Myers, FL",477000
11163,2024-02-01,"Columbia, SC",300000
11164,2024-02-01,"Charleston-North Charleston, SC",494500
11165,2024-02-01,"Dayton-Kettering-Beavercreek, OH",218750
11166,2024-02-01,"Allentown-Bethlehem-Easton, PA-NJ",369900
11167,2024-02-01,"Baton Rouge, LA",299450
11168,2024-02-01,"Worcester, MA",532445
11169,2024-02-01,"Urban Honolulu, HI",789750
11170,2024-02-01,"Greensboro-High Point, NC",312950
11171,2024-02-01,"Lakeland-Winter Haven, FL",350000
11172,2024-02-01,"Little Rock-North Little Rock-Conway, AR",299450
11173,2024-02-01,"Deltona-Daytona Beach-Ormond Beach, FL",399900
11174,2024-02-01,"Boise City, ID",589900
11175,2024-02-01,"El Paso, TX",298570
11176,2024-02-01,"Madison, WI",494475
11177,2024-02-01,"Des Moines-West Des Moines, IA",364950
11178,2024-02-01,"Akron, OH",209950
11179,2024-02-01,"Winston-Salem, NC",328750
11180,2024-02-01,"Colorado Springs, CO",489776
11181,2024-02-01,"Bakersfield-Delano, CA",379950
11182,2024-02-01,"Palm Bay-Melbourne-Titusville, FL",389950
11183,2024-02-01,"McAllen-Edinburg-Mission, TX",275000
11184,2024-02-01,"Oxnard-Thousand Oaks-Ventura, CA",1094500
11185,2024-02-01,"Syracuse, NY",252450
11186,2024-02-01,"Wichita, KS",302450
11187,2024-02-01,"Kiryas Joel-Poughkeepsie-Newburgh, NY",533250
11188,2024-02-01,"Durham-Chapel Hill, NC",498113
11189,2024-02-01,"Toledo, OH",182400
11190,2024-02-01,"Augusta-Richmond County, GA-SC",307918
11191,2024-02-01,"Stockton-Lodi, CA",549500
11192,2024-02-01,"Harrisburg-Carlisle, PA",302423
11193,2024-02-01,"Portland-South Portland, ME",604900
11194,2024-02-01,"Jackson, MS",296375
11195,2024-02-01,"Chattanooga, TN-GA",402500
11196,2024-02-01,"Spokane-Spokane Valley, WA",502995
11197,2024-02-01,"Scranton--Wilkes-Barre, PA",229900
11198,2024-02-01,"New Haven, CT",416000
11199,2024-02-01,"Fayetteville-Springdale-Rogers, AR",429150
12025,2024-01-01,"New York-Newark-Jersey City, NY-NJ",749000
12026,2024-01-01,"Los Angeles-Long Beach-Anaheim, CA",1100000
12027,2024-01-01,"Chicago-Naperville-Elgin, IL-IN",351190
12028,2024-01-01,"Dallas-Fort Worth-Arlington, TX",431088
12029,2024-01-01,"Houston-Pasadena-The Woodlands, TX",358192
12030,2024-01-01,"Philadelphia-Camden-Wilmington, PA-NJ-DE-MD",337313
12031,2024-01-01,"Miami-Fort Lauderdale-West Palm Beach, FL",564500
12032,2024-01-01,"Atlanta-Sandy Springs-Roswell, GA",409995
12033,2024-01-01,"Washington-Arlington-Alexandria, DC-VA-MD-WV",593950
12034,2024-01-01,"Phoenix-Mesa-Chandler, AZ",535000
12035,2024-01-01,"Boston-Cambridge-Newton, MA-NH",809900
12036,2024-01-01,"Detroit-Warren-Dearborn, MI",229575
12037,2024-01-01,"San Francisco-Oakland-Fremont, CA",944475
12038,2024-01-01,"Seattle-Tacoma-Bellevue, WA",749495
12039,2024-01-01,"Riverside-San Bernardino-Ontario, CA",585000
12040,2024-01-01,"Minneapolis-St. Paul-Bloomington, MN-WI",425000
12041,2024-01-01,"Tampa-St. Petersburg-Clearwater, FL",419450
12042,2024-01-01,"Denver-Aurora-Centennial, CO",599997
12043,2024-01-01,"San Diego-Chula Vista-Carlsbad, CA",977000
12044,2024-01-01,"St. Louis, MO-IL",277450
12045,2024-01-01,"Charlotte-Concord-Gastonia, NC-SC",400000
12046,2024-01-01,"Baltimore-Columbia-Towson, MD",327500
12047,2024-01-01,"Orlando-Kissimmee-Sanford, FL",435000
12048,2024-01-01,"Pittsburgh, PA",229900
12049,2024-01-01,"San Antonio-New Braunfels, TX",335825
12050,2024-01-01,"Austin-Round Rock-San Marcos, TX",544988
12051,2024-01-01,"Portland-Vancouver-Hillsboro, OR-WA",603730
12052,2024-01-01,"Cleveland, OH",211000
12053,2024-01-01,"Cincinnati, OH-KY-IN",329950
12054,2024-01-01,"Kansas City, MO-KS",417950
12055,2024-01-01,"Las Vegas-Henderson-North Las Vegas, NV",460000
12056,2024-01-01,"Sacramento-Roseville-Folsom, CA",630000
12057,2024-01-01,"Columbus, OH",369950
12058,2024-01-01,"Indianapolis-Carmel-Greenwood, IN",307500
12059,2024-01-01,"Nashville-Davidson--Murfreesboro--Franklin, TN",559450
12060,2024-01-01,"Virginia Beach-Chesapeake-Norfolk, VA-NC",378995
12061,2024-01-01,"Jacksonville, FL",404950
12062,2024-01-01,"Providence-Warwick, RI-MA",504900
12063,2024-01-01,"San Jose-Sunnyvale-Santa Clara, CA",1288250
12064,2024-01-01,"Milwaukee-Waukesha, WI",341950
12065,2024-01-01,"Raleigh-Cary, NC",440500
12066,2024-01-01,"Oklahoma City, OK",319950
12067,2024-01-01,"Louisville/Jefferson County, KY-IN",308950
12068,2024-01-01,"Richmond, VA",442970
12069,2024-01-01,"Memphis, TN-MS-AR",320225
12070,2024-01-01,"Buffalo-Cheektowaga, NY",240000
12071,2024-01-01,"Birmingham, AL",282998
12072,2024-01-01,"Hartford-West Hartford-East Hartford, CT",399900
12073,2024-01-01,"Tucson, AZ",399000
12074,2024-01-01,"Grand Rapids-Wyoming-Kentwood, MI",399900
12075,2024-01-01,"Rochester, NY",244900
12076,2024-01-01,"Salt Lake City-Murray, UT",572425
12077,2024-01-01,"North Port-Bradenton-Sarasota, FL",525000
12078,2024-01-01,"Tulsa, OK",344950
12079,2024-01-01,"Greenville-Anderson-Greer, SC",358550
12080,2024-01-01,"Knoxville, TN",457950
12081,2024-01-01,"New Orleans-Metairie, LA",324531
12082,2024-01-01,"Omaha, NE-IA",391103
12083,2024-01-01,"Albany-Schenectady-Troy, NY",423188
12084,2024-01-01,"Albuquerque, NM",410000
12085,2024-01-01,"Fresno, CA",453470
12086,2024-01-01,"Bridgeport-Stamford-Danbury, CT",849500
12087,2024-01-01,"Cape Coral-Fort Myers, FL",480950
12088,2024-01-01,"Columbia, SC",299620
12089,2024-01-01,"Charleston-North Charleston, SC",499000
12090,2024-01-01,"Dayton-Kettering-Beavercreek, OH",212000
12091,2024-01-01,"Allentown-Bethlehem-Easton, PA-NJ",369800
12092,2024-01-01,"Baton Rouge, LA",294900
12093,2024-01-01,"Worcester, MA",525000
12094,2024-01-01,"Urban Honolulu, HI",789500
12095,2024-01-01,"Greensboro-High Point, NC",310968
12096,2024-01-01,"Lakeland-Winter Haven, FL",350000
12097,2024-01-01,"Little Rock-North Little Rock-Conway, AR",296000
12098,2024-01-01,"Deltona-Daytona Beach-Ormond Beach, FL",399900
12099,2024-01-01,"Boise City, ID",589448
12100,2024-01-01,"El Paso, TX",295000
12101,2024-01-01,"Madison, WI",492400
12102,2024-01-01,"Des Moines-West Des Moines, IA",363245
12103,2024-01-01,"Akron, OH",214793
12104,2024-01-01,"Winston-Salem, NC",335000
12105,2024-01-01,"Colorado Springs, CO",487875
12106,2024-01-01,"Bakersfield-Delano, CA",382450
12107,2024-01-01,"Palm Bay-Melbourne-Titusville, FL",387950
12108,2024-01-01,"McAllen-Edinburg-Mission, TX",275000
12109,2024-01-01,"Oxnard-Thousand Oaks-Ventura, CA",1054610
12110,2024-01-01,"Syracuse, NY",256950
12111,2024-01-01,"Wichita, KS",297000
12112,2024-01-01,"Kiryas Joel-Poughkeepsie-Newburgh, NY",544117
12113,2024-01-01,"Durham-Chapel Hill, NC",489675
12114,2024-01-01,"Toledo, OH",169925
12115,2024-01-01,"Augusta-Richmond County, GA-SC",309900
12116,2024-01-01,"Stockton-Lodi, CA",544450
12117,2024-01-01,"Harrisburg-Carlisle, PA",312165
12118,2024-01-01,"Portland-South Portland, ME",615000
12119,2024-01-01,"Jackson, MS",291750
12120,2024-01-01,"Chattanooga, TN-GA",399923
12121,2024-01-01,"Spokane-Spokane Valley, WA",497995
12122,2024-01-01,"Scranton--Wilkes-Barre, PA",232500
12123,2024-01-01,"New Haven, CT",409725
12124,2024-01-01,"Fayetteville-Springdale-Rogers, AR",416709
12950,2023-12-01,"New York-Newark-Jersey City, NY-NJ",748000
12951,2023-12-01,"Los Angeles-Long Beach-Anaheim, CA",1100000
12952,2023-12-01,"Chicago-Naperville-Elgin, IL-IN",350000
12953,2023-12-01,"Dallas-Fort Worth-Arlington, TX",435000
12954,2023-12-01,"Houston-Pasadena-The Woodlands, TX",359900
12955,2023-12-01,"Philadelphia-Camden-Wilmington, PA-NJ-DE-MD",340000
12956,2023-12-01,"Miami-Fort Lauderdale-West Palm Beach, FL",579900
12957,2023-12-01,"Atlanta-Sandy Springs-Roswell, GA",415000
12958,2023-12-01,"Washington-Arlington-Alexandria, DC-VA-MD-WV",589000
12959,2023-12-01,"Phoenix-Mesa-Chandler, AZ",528738
12960,2023-12-01,"Boston-Cambridge-Newton, MA-NH",800000
12961,2023-12-01,"Detroit-Warren-Dearborn, MI",235900
12962,2023-12-01,"San Francisco-Oakland-Fremont, CA",998000
12963,2023-12-01,"Seattle-Tacoma-Bellevue, WA",749000
12964,2023-12-01,"Riverside-San Bernardino-Ontario, CA",579000
12965,2023-12-01,"Minneapolis-St. Paul-Bloomington, MN-WI",420380
12966,2023-12-01,"Tampa-St. Petersburg-Clearwater, FL",420000
12967,2023-12-01,"Denver-Aurora-Centennial, CO",610000
12968,2023-12-01,"San Diego-Chula Vista-Carlsbad, CA",980000
12969,2023-12-01,"St. Louis, MO-IL",274900
12970,2023-12-01,"Charlotte-Concord-Gastonia, NC-SC",400000
12971,2023-12-01,"Baltimore-Columbia-Towson, MD",345000
12972,2023-12-01,"Orlando-Kissimmee-Sanford, FL",438945
12973,2023-12-01,"Pittsburgh, PA",230000
12974,2023-12-01,"San Antonio-New Braunfels, TX",335629
12975,2023-12-01,"Austin-Round Rock-San Marcos, TX",539990
12976,2023-12-01,"Portland-Vancouver-Hillsboro, OR-WA",600000
12977,2023-12-01,"Cleveland, OH",219900
12978,2023-12-01,"Cincinnati, OH-KY-IN",335245
12979,2023-12-01,"Kansas City, MO-KS",399900
12980,2023-12-01,"Las Vegas-Henderson-North Las Vegas, NV",459900
12981,2023-12-01,"Sacramento-Roseville-Folsom, CA",625000
12982,2023-12-01,"Columbus, OH",359900
12983,2023-12-01,"Indianapolis-Carmel-Greenwood, IN",304000
12984,2023-12-01,"Nashville-Davidson--Murfreesboro--Franklin, TN",555000
12985,2023-12-01,"Virginia Beach-Chesapeake-Norfolk, VA-NC",379000
12986,2023-12-01,"Jacksonville, FL",407697
12987,2023-12-01,"Providence-Warwick, RI-MA",499900
12988,2023-12-01,"San Jose-Sunnyvale-Santa Clara, CA",1298944
12989,2023-12-01,"Milwaukee-Waukesha, WI",334900
12990,2023-12-01,"Raleigh-Cary, NC",448685
12991,2023-12-01,"Oklahoma City, OK",320450
12992,2023-12-01,"Louisville/Jefferson County, KY-IN",299900
12993,2023-12-01,"Richmond, VA",429999
12994,2023-12-01,"Memphis, TN-MS-AR",317990
12995,2023-12-01,"Buffalo-Cheektowaga, NY",249000
12996,2023-12-01,"Birmingham, AL",286500
12997,2023-12-01,"Hartford-West Hartford-East Hartford, CT",399900
12998,2023-12-01,"Tucson, AZ",398900
12999,2023-12-01,"Grand Rapids-Wyoming-Kentwood, MI",389900
13000,2023-12-01,"Rochester, NY",249900
13001,2023-12-01,"Salt Lake City-Murray, UT",574900
13002,2023-12-01,"North Port-Bradenton-Sarasota, FL",520000
13003,2023-12-01,"Tulsa, OK",340000
13004,2023-12-01,"Greenville-Anderson-Greer, SC",359000
13005,2023-12-01,"Knoxville, TN",459900
13006,2023-12-01,"New Orleans-Metairie, LA",325000
13007,2023-12-01,"Omaha, NE-IA",389000
13008,2023-12-01,"Albany-Schenectady-Troy, NY",398300
13009,2023-12-01,"Albuquerque, NM",399500
13010,2023-12-01,"Fresno, CA",461500
13011,2023-12-01,"Bridgeport-Stamford-Danbury, CT",849000
13012,2023-12-01,"Cape Coral-Fort Myers, FL",475415
13013,2023-12-01,"Columbia, SC",299900
13014,2023-12-01,"Charleston-North Charleston, SC",500000
13015,2023-12-01,"Dayton-Kettering-Beavercreek, OH",219900
13016,2023-12-01,"Allentown-Bethlehem-Easton, PA-NJ",369900
13017,2023-12-01,"Baton Rouge, LA",299000
13018,2023-12-01,"Worcester, MA",524900
13019,2023-12-01,"Urban Honolulu, HI",795500
13020,2023-12-01,"Greensboro-High Point, NC",308965
13021,2023-12-01,"Lakeland-Winter Haven, FL",350000
13022,2023-12-01,"Little Rock-North Little Rock-Conway, AR",299900
13023,2023-12-01,"Deltona-Daytona Beach-Ormond Beach, FL",397900
13024,2023-12-01,"Boise City, ID",578800
13025,2023-12-01,"El Paso, TX",295000
13026,2023-12-01,"Madison, WI",479950
13027,2023-12-01,"Des Moines-West Des Moines, IA",357990
13028,2023-12-01,"Akron, OH",217000
13029,2023-12-01,"Winston-Salem, NC",330000
13030,2023-12-01,"Colorado Springs, CO",490000
13031,2023-12-01,"Bakersfield-Delano, CA",384900
13032,2023-12-01,"Palm Bay-Melbourne-Titusville, FL",380000
13033,2023-12-01,"McAllen-Edinburg-Mission, TX",279000
13034,2023-12-01,"Oxnard-Thousand Oaks-Ventura, CA",1044500
13035,2023-12-01,"Syracuse, NY",249900
13036,2023-12-01,"Wichita, KS",294900
13037,2023-12-01,"Kiryas Joel-Poughkeepsie-Newburgh, NY",543000
13038,2023-12-01,"Durham-Chapel Hill, NC",480000
13039,2023-12-01,"Toledo, OH",174900
13040,2023-12-01,"Augusta-Richmond County, GA-SC",309900
13041,2023-12-01,"Stockton-Lodi, CA",549000
13042,2023-12-01,"Harrisburg-Carlisle, PA",306200
13043,2023-12-01,"Portland-South Portland, ME",599900
13044,2023-12-01,"Jackson, MS",285000
13045,2023-12-01,"Chattanooga, TN-GA",409900
13046,2023-12-01,"Spokane-Spokane Valley, WA",490000
13047,2023-12-01,"Scranton--Wilkes-Barre, PA",240000
13048,2023-12-01,"New Haven, CT",399900
13049,2023-12-01,"Fayetteville-Springdale-Rogers, AR",418848
13875,2023-11-01,"New York-Newark-Jersey City, NY-NJ",737400
13876,2023-11-01,"Los Angeles-Long Beach-Anaheim, CA",1150000
13877,2023-11-01,"Chicago-Naperville-Elgin, IL-IN",360000
13878,2023-11-01,"Dallas-Fort Worth-Arlington, TX",445000
13879,2023-11-01,"Houston-Pasadena-The Woodlands, TX",364832
13880,2023-11-01,"Philadelphia-Camden-Wilmington, PA-NJ-DE-MD",349900
13881,2023-11-01,"Miami-Fort Lauderdale-West Palm Beach, FL",594973
13882,2023-11-01,"Atlanta-Sandy Springs-Roswell, GA",420000
13883,2023-11-01,"Washington-Arlington-Alexandria, DC-VA-MD-WV",599450
13884,2023-11-01,"Phoenix-Mesa-Chandler, AZ",522495
13885,2023-11-01,"Boston-Cambridge-Newton, MA-NH",824725
13886,2023-11-01,"Detroit-Warren-Dearborn, MI",247250
13887,2023-11-01,"San Francisco-Oakland-Fremont, CA",1067000
13888,2023-11-01,"Seattle-Tacoma-Bellevue, WA",752413
13889,2023-11-01,"Riverside-San Bernardino-Ontario, CA",584725
13890,2023-11-01,"Minneapolis-St. Paul-Bloomington, MN-WI",420498
13891,2023-11-01,"Tampa-St. Petersburg-Clearwater, FL",425000
13892,2023-11-01,"Denver-Aurora-Centennial, CO",625000
13893,2023-11-01,"San Diego-Chula Vista-Carlsbad, CA",995000
13894,2023-11-01,"St. Louis, MO-IL",275000
13895,2023-11-01,"Charlotte-Concord-Gastonia, NC-SC",414945
13896,2023-11-01,"Baltimore-Columbia-Towson, MD",358348
13897,2023-11-01,"Orlando-Kissimmee-Sanford, FL",447137
13898,2023-11-01,"Pittsburgh, PA",235000
13899,2023-11-01,"San Antonio-New Braunfels, TX",339900
13900,2023-11-01,"Austin-Round Rock-San Marcos, TX",549495
13901,2023-11-01,"Portland-Vancouver-Hillsboro, OR-WA",603450
13902,2023-11-01,"Cleveland, OH",225000
13903,2023-11-01,"Cincinnati, OH-KY-IN",345000
13904,2023-11-01,"Kansas City, MO-KS",399925
13905,2023-11-01,"Las Vegas-Henderson-North Las Vegas, NV",462500
13906,2023-11-01,"Sacramento-Roseville-Folsom, CA",632000
13907,2023-11-01,"Columbus, OH",360000
13908,2023-11-01,"Indianapolis-Carmel-Greenwood, IN",312500
13909,2023-11-01,"Nashville-Davidson--Murfreesboro--Franklin, TN",561942
13910,2023-11-01,"Virginia Beach-Chesapeake-Norfolk, VA-NC",379450
13911,2023-11-01,"Jacksonville, FL",412000
13912,2023-11-01,"Providence-Warwick, RI-MA",526750
13913,2023-11-01,"San Jose-Sunnyvale-Santa Clara, CA",1352222
13914,2023-11-01,"Milwaukee-Waukesha, WI",342450
13915,2023-11-01,"Raleigh-Cary, NC",452450
13916,2023-11-01,"Oklahoma City, OK",329478
13917,2023-11-01,"Louisville/Jefferson County, KY-IN",299995
13918,2023-11-01,"Richmond, VA",442270
13919,2023-11-01,"Memphis, TN-MS-AR",319900
13920,2023-11-01,"Buffalo-Cheektowaga, NY",249900
13921,2023-11-01,"Birmingham, AL",289950
13922,2023-11-01,"Hartford-West Hartford-East Hartford, CT",399950
13923,2023-11-01,"Tucson, AZ",399900
13924,2023-11-01,"Grand Rapids-Wyoming-Kentwood, MI",389325
13925,2023-11-01,"Rochester, NY",234900
13926,2023-11-01,"Salt Lake City-Murray, UT",579475
13927,2023-11-01,"North Port-Bradenton-Sarasota, FL",524950
13928,2023-11-01,"Tulsa, OK",341375
13929,2023-11-01,"Greenville-Anderson-Greer, SC",362500
13930,2023-11-01,"Knoxville, TN",462463
13931,2023-11-01,"New Orleans-Metairie, LA",325000
13932,2023-11-01,"Omaha, NE-IA",385700
13933,2023-11-01,"Albany-Schenectady-Troy, NY",392450
13934,2023-11-01,"Albuquerque, NM",398500
13935,2023-11-01,"Fresno, CA",460000
13936,2023-11-01,"Bridgeport-Stamford-Danbury, CT",895250
13937,2023-11-01,"Cape Coral-Fort Myers, FL",474950
13938,2023-11-01,"Columbia, SC",302504
13939,2023-11-01,"Charleston-North Charleston, SC",519000
13940,2023-11-01,"Dayton-Kettering-Beavercreek, OH",225000
13941,2023-11-01,"Allentown-Bethlehem-Easton, PA-NJ",365000
13942,2023-11-01,"Baton Rouge, LA",299990
13943,2023-11-01,"Worcester, MA",499900
13944,2023-11-01,"Urban Honolulu, HI",799000
13945,2023-11-01,"Greensboro-High Point, NC",317450
13946,2023-11-01,"Lakeland-Winter Haven, FL",355000
13947,2023-11-01,"Little Rock-North Little Rock-Conway, AR",299450
13948,2023-11-01,"Deltona-Daytona Beach-Ormond Beach, FL",398000
13949,2023-11-01,"Boise City, ID",587400
13950,2023-11-01,"El Paso, TX",294213
13951,2023-11-01,"Madison, WI",466700
13952,2023-11-01,"Des Moines-West Des Moines, IA",359900
13953,2023-11-01,"Akron, OH",217000
13954,2023-11-01,"Winston-Salem, NC",334975
13955,2023-11-01,"Colorado Springs, CO",499187
13956,2023-11-01,"Bakersfield-Delano, CA",385000
13957,2023-11-01,"Palm Bay-Melbourne-Titusville, FL",386250
13958,2023-11-01,"McAllen-Edinburg-Mission, TX",279925
13959,2023-11-01,"Oxnard-Thousand Oaks-Ventura, CA",1037222
13960,2023-11-01,"Syracuse, NY",242900
13961,2023-11-01,"Wichita, KS",294575
13962,2023-11-01,"Kiryas Joel-Poughkeepsie-Newburgh, NY",517450
13963,2023-11-01,"Durham-Chapel Hill, NC",497450
13964,2023-11-01,"Toledo, OH",179925
13965,2023-11-01,"Augusta-Richmond County, GA-SC",309900
13966,2023-11-01,"Stockton-Lodi, CA",575000
13967,2023-11-01,"Harrisburg-Carlisle, PA",297575
13968,2023-11-01,"Portland-South Portland, ME",599925
13969,2023-11-01,"Jackson, MS",284000
13970,2023-11-01,"Chattanooga, TN-GA",415000
13971,2023-11-01,"Spokane-Spokane Valley, WA",496675
13972,2023-11-01,"Scranton--Wilkes-Barre, PA",237000
13973,2023-11-01,"New Haven, CT",409725
13974,2023-11-01,"Fayetteville-Springdale-Rogers, AR",417888
14800,2023-10-01,"New York-Newark-Jersey City, NY-NJ",737000
14801,2023-10-01,"Los Angeles-Long Beach-Anaheim, CA",1159000
14802,2023-10-01,"Chicago-Naperville-Elgin, IL-IN",371950
14803,2023-10-01,"Dallas-Fort Worth-Arlington, TX",449000
14804,2023-10-01,"Houston-Pasadena-The Woodlands, TX",367995
14805,2023-10-01,"Philadelphia-Camden-Wilmington, PA-NJ-DE-MD",350000
14806,2023-10-01,"Miami-Fort Lauderdale-West Palm Beach, FL",598500
14807,2023-10-01,"Atlanta-Sandy Springs-Roswell, GA",425000
14808,2023-10-01,"Washington-Arlington-Alexandria, DC-VA-MD-WV",604500
14809,2023-10-01,"Phoenix-Mesa-Chandler, AZ",529950
14810,2023-10-01,"Boston-Cambridge-Newton, MA-NH",837374
14811,2023-10-01,"Detroit-Warren-Dearborn, MI",252450
14812,2023-10-01,"San Francisco-Oakland-Fremont, CA",1098000
14813,2023-10-01,"Seattle-Tacoma-Bellevue, WA",792250
14814,2023-10-01,"Riverside-San Bernardino-Ontario, CA",580000
14815,2023-10-01,"Minneapolis-St. Paul-Bloomington, MN-WI",431470
14816,2023-10-01,"Tampa-St. Petersburg-Clearwater, FL",429950
14817,2023-10-01,"Denver-Aurora-Centennial, CO",635000
14818,2023-10-01,"San Diego-Chula Vista-Carlsbad, CA",999000
14819,2023-10-01,"St. Louis, MO-IL",277000
14820,2023-10-01,"Charlotte-Concord-Gastonia, NC-SC",420945
14821,2023-10-01,"Baltimore-Columbia-Towson, MD",367450
14822,2023-10-01,"Orlando-Kissimmee-Sanford, FL",450000
14823,2023-10-01,"Pittsburgh, PA",239900
14824,2023-10-01,"San Antonio-New Braunfels, TX",347000
14825,2023-10-01,"Austin-Round Rock-San Marcos, TX",549900
14826,2023-10-01,"Portland-Vancouver-Hillsboro, OR-WA",619972
14827,2023-10-01,"Cleveland, OH",234975
14828,2023-10-01,"Cincinnati, OH-KY-IN",357475
14829,2023-10-01,"Kansas City, MO-KS",412475
14830,2023-10-01,"Las Vegas-Henderson-North Las Vegas, NV",475000
14831,2023-10-01,"Sacramento-Roseville-Folsom, CA",649000
14832,2023-10-01,"Columbus, OH",366375
14833,2023-10-01,"Indianapolis-Carmel-Greenwood, IN",321950
14834,2023-10-01,"Nashville-Davidson--Murfreesboro--Franklin, TN",572400
14835,2023-10-01,"Virginia Beach-Chesapeake-Norfolk, VA-NC",374950
14836,2023-10-01,"Jacksonville, FL",425000
14837,2023-10-01,"Providence-Warwick, RI-MA",539450
14838,2023-10-01,"San Jose-Sunnyvale-Santa Clara, CA",1380694
14839,2023-10-01,"Milwaukee-Waukesha, WI",339950
14840,2023-10-01,"Raleigh-Cary, NC",459394
14841,2023-10-01,"Oklahoma City, OK",334940
14842,2023-10-01,"Louisville/Jefferson County, KY-IN",307475
14843,2023-10-01,"Richmond, VA",435000
14844,2023-10-01,"Memphis, TN-MS-AR",317995
14845,2023-10-01,"Buffalo-Cheektowaga, NY",254900
14846,2023-10-01,"Birmingham, AL",294950
14847,2023-10-01,"Hartford-West Hartford-East Hartford, CT",412450
14848,2023-10-01,"Tucson, AZ",399000
14849,2023-10-01,"Grand Rapids-Wyoming-Kentwood, MI",389950
14850,2023-10-01,"Rochester, NY",249900
14851,2023-10-01,"Salt Lake City-Murray, UT",589075
14852,2023-10-01,"North Port-Bradenton-Sarasota, FL",526000
14853,2023-10-01,"Tulsa, OK",340000
14854,2023-10-01,"Greenville-Anderson-Greer, SC",359950
14855,2023-10-01,"Knoxville, TN",474500
14856,2023-10-01,"New Orleans-Metairie, LA",331950
14857,2023-10-01,"Omaha, NE-IA",389450
14858,2023-10-01,"Albany-Schenectady-Troy, NY",399072
14859,2023-10-01,"Albuquerque, NM",399950
14860,2023-10-01,"Fresno, CA",469000
14861,2023-10-01,"Bridgeport-Stamford-Danbury, CT",914450
14862,2023-10-01,"Cape Coral-Fort Myers, FL",472450
14863,2023-10-01,"Columbia, SC",304345
14864,2023-10-01,"Charleston-North Charleston, SC",538248
14865,2023-10-01,"Dayton-Kettering-Beavercreek, OH",227500
14866,2023-10-01,"Allentown-Bethlehem-Easton, PA-NJ",370450
14867,2023-10-01,"Baton Rouge, LA",301912
14868,2023-10-01,"Worcester, MA",507500
14869,2023-10-01,"Urban Honolulu, HI",798750
14870,2023-10-01,"Greensboro-High Point, NC",320875
14871,2023-10-01,"Lakeland-Winter Haven, FL",355000
14872,2023-10-01,"Little Rock-North Little Rock-Conway, AR",295000
14873,2023-10-01,"Deltona-Daytona Beach-Ormond Beach, FL",399900
14874,2023-10-01,"Boise City, ID",555995
14875,2023-10-01,"El Paso, TX",294950
14876,2023-10-01,"Madison, WI",469900
14877,2023-10-01,"Des Moines-West Des Moines, IA",365495
14878,2023-10-01,"Akron, OH",229950
14879,2023-10-01,"Winston-Salem, NC",335000
14880,2023-10-01,"Colorado Springs, CO",514475
14881,2023-10-01,"Bakersfield-Delano, CA",379950
14882,2023-10-01,"Palm Bay-Melbourne-Titusville, FL",389900
14883,2023-10-01,"McAllen-Edinburg-Mission, TX",280000
14884,2023-10-01,"Oxnard-Thousand Oaks-Ventura, CA",1050000
14885,2023-10-01,"Syracuse, NY",259450
14886,2023-10-01,"Wichita, KS",298950
14887,2023-10-01,"Kiryas Joel-Poughkeepsie-Newburgh, NY",504495
14888,2023-10-01,"Durham-Chapel Hill, NC",499000
14889,2023-10-01,"Toledo, OH",187400
14890,2023-10-01,"Augusta-Richmond County, GA-SC",309950
14891,2023-10-01,"Stockton-Lodi, CA",582500
14892,2023-10-01,"Harrisburg-Carlisle, PA",322400
14893,2023-10-01,"Portland-South Portland, ME",599950
14894,2023-10-01,"Jackson, MS",283850
14895,2023-10-01,"Chattanooga, TN-GA",418086
14896,2023-10-01,"Spokane-Spokane Valley, WA",499450
14897,2023-10-01,"Scranton--Wilkes-Barre, PA",239495
14898,2023-10-01,"New Haven, CT",422500
14899,2023-10-01,"Fayetteville-Springdale-Rogers, AR",421475
15725,2023-09-01,"New York-Newark-Jersey City, NY-NJ",725000
15726,2023-09-01,"Los Angeles-Long Beach-Anaheim, CA",1175000
15727,2023-09-01,"Chicago-Naperville-Elgin, IL-IN",377000
15728,2023-09-01,"Dallas-Fort Worth-Arlington, TX",450000
15729,2023-09-01,"Houston-Pasadena-The Woodlands, TX",369900
15730,2023-09-01,"Philadelphia-Camden-Wilmington, PA-NJ-DE-MD",350000
15731,2023-09-01,"Miami-Fort Lauderdale-West Palm Beach, FL",599000
15732,2023-09-01,"Atlanta-Sandy Springs-Roswell, GA",429000
15733,2023-09-01,"Washington-Arlington-Alexandria, DC-VA-MD-WV",619000
15734,2023-09-01,"Phoenix-Mesa-Chandler, AZ",532975
15735,2023-09-01,"Boston-Cambridge-Newton, MA-NH",849000
15736,2023-09-01,"Detroit-Warren-Dearborn, MI",262500
15737,2023-09-01,"San Francisco-Oakland-Fremont, CA",1095000
15738,2023-09-01,"Seattle-Tacoma-Bellevue, WA",799000
15739,2023-09-01,"Riverside-San Bernardino-Ontario, CA",579000
15740,2023-09-01,"Minneapolis-St. Paul-Bloomington, MN-WI",445000
15741,2023-09-01,"Tampa-St. Petersburg-Clearwater, FL",439244
15742,2023-09-01,"Denver-Aurora-Centennial, CO",649000
15743,2023-09-01,"San Diego-Chula Vista-Carlsbad, CA",1050000
15744,2023-09-01,"St. Louis, MO-IL",279900
15745,2023-09-01,"Charlotte-Concord-Gastonia, NC-SC",425000
15746,2023-09-01,"Baltimore-Columbia-Towson, MD",370000
15747,2023-09-01,"Orlando-Kissimmee-Sanford, FL",455751
15748,2023-09-01,"Pittsburgh, PA",239900
15749,2023-09-01,"San Antonio-New Braunfels, TX",349900
15750,2023-09-01,"Austin-Round Rock-San Marcos, TX",557000
15751,2023-09-01,"Portland-Vancouver-Hillsboro, OR-WA",625000
15752,2023-09-01,"Cleveland, OH",239900
15753,2023-09-01,"Cincinnati, OH-KY-IN",374500
15754,2023-09-01,"Kansas City, MO-KS",425000
15755,2023-09-01,"Las Vegas-Henderson-North Las Vegas, NV",482123
15756,2023-09-01,"Sacramento-Roseville-Folsom, CA",650000
15757,2023-09-01,"Columbus, OH",379900
15758,2023-09-01,"Indianapolis-Carmel-Greenwood, IN",329900
15759,2023-09-01,"Nashville-Davidson--Murfreesboro--Franklin, TN",575000
15760,2023-09-01,"Virginia Beach-Chesapeake-Norfolk, VA-NC",380000
15761,2023-09-01,"Jacksonville, FL",424900
15762,2023-09-01,"Providence-Warwick, RI-MA",550000
15763,2023-09-01,"San Jose-Sunnyvale-Santa Clara, CA",1399000
15764,2023-09-01,"Milwaukee-Waukesha, WI",349900
15765,2023-09-01,"Raleigh-Cary, NC",459950
15766,2023-09-01,"Oklahoma City, OK",329990
15767,2023-09-01,"Louisville/Jefferson County, KY-IN",315250
15768,2023-09-01,"Richmond, VA",439450
15769,2023-09-01,"Memphis, TN-MS-AR",310000
15770,2023-09-01,"Buffalo-Cheektowaga, NY",259900
15771,2023-09-01,"Birmingham, AL",299000
15772,2023-09-01,"Hartford-West Hartford-East Hartford, CT",410000
15773,2023-09-01,"Tucson, AZ",399900
15774,2023-09-01,"Grand Rapids-Wyoming-Kentwood, MI",396200
15775,2023-09-01,"Rochester, NY",249900
15776,2023-09-01,"Salt Lake City-Murray, UT",599000
15777,2023-09-01,"North Port-Bradenton-Sarasota, FL",525000
15778,2023-09-01,"Tulsa, OK",349000
15779,2023-09-01,"Greenville-Anderson-Greer, SC",359950
15780,2023-09-01,"Knoxville, TN",475000
15781,2023-09-01,"New Orleans-Metairie, LA",334999
15782,2023-09-01,"Omaha, NE-IA",394000
15783,2023-09-01,"Albany-Schenectady-Troy, NY",415900
15784,2023-09-01,"Albuquerque, NM",399000
15785,2023-09-01,"Fresno, CA",473960
15786,2023-09-01,"Bridgeport-Stamford-Danbury, CT",925000
15787,2023-09-01,"Cape Coral-Fort Myers, FL",470000
15788,2023-09-01,"Columbia, SC",310000
15789,2023-09-01,"Charleston-North Charleston, SC",525000
15790,2023-09-01,"Dayton-Kettering-Beavercreek, OH",239900
15791,2023-09-01,"Allentown-Bethlehem-Easton, PA-NJ",379250
15792,2023-09-01,"Baton Rouge, LA",310000
15793,2023-09-01,"Worcester, MA",510000
15794,2023-09-01,"Urban Honolulu, HI",820000
15795,2023-09-01,"Greensboro-High Point, NC",330000
15796,2023-09-01,"Lakeland-Winter Haven, FL",357945
15797,2023-09-01,"Little Rock-North Little Rock-Conway, AR",319900
15798,2023-09-01,"Deltona-Daytona Beach-Ormond Beach, FL",400000
15799,2023-09-01,"Boise City, ID",575000
15800,2023-09-01,"El Paso, TX",299500
15801,2023-09-01,"Madison, WI",475000
15802,2023-09-01,"Des Moines-West Des Moines, IA",369900
15803,2023-09-01,"Akron, OH",234950
15804,2023-09-01,"Winston-Salem, NC",331508
15805,2023-09-01,"Colorado Springs, CO",525000
15806,2023-09-01,"Bakersfield-Delano, CA",385000
15807,2023-09-01,"Palm Bay-Melbourne-Titusville, FL",390000
15808,2023-09-01,"McAllen-Edinburg-Mission, TX",285000
15809,2023-09-01,"Oxnard-Thousand Oaks-Ventura, CA",1092500
15810,2023-09-01,"Syracuse, NY",256250
15811,2023-09-01,"Wichita, KS",299000
15812,2023-09-01,"Kiryas Joel-Poughkeepsie-Newburgh, NY",495000
15813,2023-09-01,"Durham-Chapel Hill, NC",500000
15814,2023-09-01,"Toledo, OH",189900
15815,2023-09-01,"Augusta-Richmond County, GA-SC",301795
15816,2023-09-01,"Stockton-Lodi, CA",579900
15817,2023-09-01,"Harrisburg-Carlisle, PA",330000
15818,2023-09-01,"Portland-South Portland, ME",599900
15819,2023-09-01,"Jackson, MS",286250
15820,2023-09-01,"Chattanooga, TN-GA",430000
15821,2023-09-01,"Spokane-Spokane Valley, WA",513495
15822,2023-09-01,"Scranton--Wilkes-Barre, PA",239900
15823,2023-09-01,"New Haven, CT",420000
15824,2023-09-01,"Fayetteville-Springdale-Rogers, AR",425000
16650,2023-08-01,"New York-Newark-Jersey City, NY-NJ",725000
16651,2023-08-01,"Los Angeles-Long Beach-Anaheim, CA",1162500
16652,2023-08-01,"Chicago-Naperville-Elgin, IL-IN",384950
16653,2023-08-01,"Dallas-Fort Worth-Arlington, TX",465004
16654,2023-08-01,"Houston-Pasadena-The Woodlands, TX",374244
16655,2023-08-01,"Philadelphia-Camden-Wilmington, PA-NJ-DE-MD",350000
16656,2023-08-01,"Miami-Fort Lauderdale-West Palm Beach, FL",600000
16657,2023-08-01,"Atlanta-Sandy Springs-Roswell, GA",431548
16658,2023-08-01,"Washington-Arlington-Alexandria, DC-VA-MD-WV",619450
16659,2023-08-01,"Phoenix-Mesa-Chandler, AZ",537900
16660,2023-08-01,"Boston-Cambridge-Newton, MA-NH",844200
16661,2023-08-01,"Detroit-Warren-Dearborn, MI",272400
16662,2023-08-01,"San Francisco-Oakland-Fremont, CA",1049447
16663,2023-08-01,"Seattle-Tacoma-Bellevue, WA",799475
16664,2023-08-01,"Riverside-San Bernardino-Ontario, CA",575500
16665,2023-08-01,"Minneapolis-St. Paul-Bloomington, MN-WI",452495
16666,2023-08-01,"Tampa-St. Petersburg-Clearwater, FL",442500
16667,2023-08-01,"Denver-Aurora-Centennial, CO",659950
16668,2023-08-01,"San Diego-Chula Vista-Carlsbad, CA",1098975
16669,2023-08-01,"St. Louis, MO-IL",284325
16670,2023-08-01,"Charlotte-Concord-Gastonia, NC-SC",429736
16671,2023-08-01,"Baltimore-Columbia-Towson, MD",377450
16672,2023-08-01,"Orlando-Kissimmee-Sanford, FL",458970
16673,2023-08-01,"Pittsburgh, PA",246850
16674,2023-08-01,"San Antonio-New Braunfels, TX",357000
16675,2023-08-01,"Austin-Round Rock-San Marcos, TX",568448
16676,2023-08-01,"Portland-Vancouver-Hillsboro, OR-WA",637725
16677,2023-08-01,"Cleveland, OH",249450
16678,2023-08-01,"Cincinnati, OH-KY-IN",376950
16679,2023-08-01,"Kansas City, MO-KS",434963
16680,2023-08-01,"Las Vegas-Henderson-North Las Vegas, NV",456848
16681,2023-08-01,"Sacramento-Roseville-Folsom, CA",672473
16682,2023-08-01,"Columbus, OH",386250
16683,2023-08-01,"Indianapolis-Carmel-Greenwood, IN",337450
16684,2023-08-01,"Nashville-Davidson--Murfreesboro--Franklin, TN",582450
16685,2023-08-01,"Virginia Beach-Chesapeake-Norfolk, VA-NC",386563
16686,2023-08-01,"Jacksonville, FL",427500
16687,2023-08-01,"Providence-Warwick, RI-MA",549900
16688,2023-08-01,"San Jose-Sunnyvale-Santa Clara, CA",1474497
16689,2023-08-01,"Milwaukee-Waukesha, WI",352450
16690,2023-08-01,"Raleigh-Cary, NC",466500
16691,2023-08-01,"Oklahoma City, OK",339900
16692,2023-08-01,"Louisville/Jefferson County, KY-IN",322400
16693,2023-08-01,"Richmond, VA",439125
16694,2023-08-01,"Memphis, TN-MS-AR",320000
16695,2023-08-01,"Buffalo-Cheektowaga, NY",259725
16696,2023-08-01,"Birmingham, AL",297250
16697,2023-08-01,"Hartford-West Hartford-East Hartford, CT",400000
16698,2023-08-01,"Tucson, AZ",406025
16699,2023-08-01,"Grand Rapids-Wyoming-Kentwood, MI",399900
16700,2023-08-01,"Rochester, NY",249900
16701,2023-08-01,"Salt Lake City-Murray, UT",605000
16702,2023-08-01,"North Port-Bradenton-Sarasota, FL",539927
16703,2023-08-01,"Tulsa, OK",350000
16704,2023-08-01,"Greenville-Anderson-Greer, SC",351750
16705,2023-08-01,"Knoxville, TN",477450
16706,2023-08-01,"New Orleans-Metairie, LA",334938
16707,2023-08-01,"Omaha, NE-IA",399823
16708,2023-08-01,"Albany-Schenectady-Troy, NY",419900
16709,2023-08-01,"Albuquerque, NM",400223
16710,2023-08-01,"Fresno, CA",481250
16711,2023-08-01,"Bridgeport-Stamford-Danbury, CT",972450
16712,2023-08-01,"Cape Coral-Fort Myers, FL",479000
16713,2023-08-01,"Columbia, SC",320000
16714,2023-08-01,"Charleston-North Charleston, SC",531993
16715,2023-08-01,"Dayton-Kettering-Beavercreek, OH",247450
16716,2023-08-01,"Allentown-Bethlehem-Easton, PA-NJ",379900
16717,2023-08-01,"Baton Rouge, LA",319950
16718,2023-08-01,"Worcester, MA",519925
16719,2023-08-01,"Urban Honolulu, HI",822500
16720,2023-08-01,"Greensboro-High Point, NC",331495
16721,2023-08-01,"Lakeland-Winter Haven, FL",359495
16722,2023-08-01,"Little Rock-North Little Rock-Conway, AR",320450
16723,2023-08-01,"Deltona-Daytona Beach-Ormond Beach, FL",403188
16724,2023-08-01,"Boise City, ID",584950
16725,2023-08-01,"El Paso, TX",300950
16726,2023-08-01,"Madison, WI",481500
16727,2023-08-01,"Des Moines-West Des Moines, IA",369995
16728,2023-08-01,"Akron, OH",232475
16729,2023-08-01,"Winston-Salem, NC",339910
16730,2023-08-01,"Colorado Springs, CO",534236
16731,2023-08-01,"Bakersfield-Delano, CA",389963
16732,2023-08-01,"Palm Bay-Melbourne-Titusville, FL",395000
16733,2023-08-01,"McAllen-Edinburg-Mission, TX",286500
16734,2023-08-01,"Oxnard-Thousand Oaks-Ventura, CA",1021225
16735,2023-08-01,"Syracuse, NY",262175
16736,2023-08-01,"Wichita, KS",299000
16737,2023-08-01,"Kiryas Joel-Poughkeepsie-Newburgh, NY",495000
16738,2023-08-01,"Durham-Chapel Hill, NC",543535
16739,2023-08-01,"Toledo, OH",199900
16740,2023-08-01,"Augusta-Richmond County, GA-SC",299950
16741,2023-08-01,"Stockton-Lodi, CA",585965
16742,2023-08-01,"Harrisburg-Carlisle, PA",337225
16743,2023-08-01,"Portland-South Portland, ME",611350
16744,2023-08-01,"Jackson, MS",286450
16745,2023-08-01,"Chattanooga, TN-GA",437500
16746,2023-08-01,"Spokane-Spokane Valley, WA",525000
16747,2023-08-01,"Scranton--Wilkes-Barre, PA",240000
16748,2023-08-01,"New Haven, CT",425000
16749,2023-08-01,"Fayetteville-Springdale-Rogers, AR",433500
17575,2023-07-01,"New York-Newark-Jersey City, NY-NJ",745000
17576,2023-07-01,"Los Angeles-Long Beach-Anaheim, CA",1195000
17577,2023-07-01,"Chicago-Naperville-Elgin, IL-IN",389000
17578,2023-07-01,"Dallas-Fort Worth-Arlington, TX",470000
17579,2023-07-01,"Houston-Pasadena-The Woodlands, TX",375000
17580,2023-07-01,"Philadelphia-Camden-Wilmington, PA-NJ-DE-MD",350000
17581,2023-07-01,"Miami-Fort Lauderdale-West Palm Beach, FL",600995
17582,2023-07-01,"Atlanta-Sandy Springs-Roswell, GA",437863
17583,2023-07-01,"Washington-Arlington-Alexandria, DC-VA-MD-WV",639500
17584,2023-07-01,"Phoenix-Mesa-Chandler, AZ",539900
17585,2023-07-01,"Boston-Cambridge-Newton, MA-NH",849900
17586,2023-07-01,"Detroit-Warren-Dearborn, MI",269000
17587,2023-07-01,"San Francisco-Oakland-Fremont, CA",1100000
17588,2023-07-01,"Seattle-Tacoma-Bellevue, WA",815000
17589,2023-07-01,"Riverside-San Bernardino-Ontario, CA",585000
17590,2023-07-01,"Minneapolis-St. Paul-Bloomington, MN-WI",461000
17591,2023-07-01,"Tampa-St. Petersburg-Clearwater, FL",449000
17592,2023-07-01,"Denver-Aurora-Centennial, CO",675000
17593,2023-07-01,"San Diego-Chula Vista-Carlsbad, CA",1098000
17594,2023-07-01,"St. Louis, MO-IL",288900
17595,2023-07-01,"Charlotte-Concord-Gastonia, NC-SC",439900
17596,2023-07-01,"Baltimore-Columbia-Towson, MD",374900
17597,2023-07-01,"Orlando-Kissimmee-Sanford, FL",459900
17598,2023-07-01,"Pittsburgh, PA",242950
17599,2023-07-01,"San Antonio-New Braunfels, TX",365000
17600,2023-07-01,"Austin-Round Rock-San Marcos, TX",575000
17601,2023-07-01,"Portland-Vancouver-Hillsboro, OR-WA",639900
17602,2023-07-01,"Cleveland, OH",239900
17603,2023-07-01,"Cincinnati, OH-KY-IN",384998
17604,2023-07-01,"Kansas City, MO-KS",442925
17605,2023-07-01,"Las Vegas-Henderson-North Las Vegas, NV",459900
17606,2023-07-01,"Sacramento-Roseville-Folsom, CA",675993
17607,2023-07-01,"Columbus, OH",399000
17608,2023-07-01,"Indianapolis-Carmel-Greenwood, IN",349500
17609,2023-07-01,"Nashville-Davidson--Murfreesboro--Franklin, TN",590000
17610,2023-07-01,"Virginia Beach-Chesapeake-Norfolk, VA-NC",395000
17611,2023-07-01,"Jacksonville, FL",435000
17612,2023-07-01,"Providence-Warwick, RI-MA",550000
17613,2023-07-01,"San Jose-Sunnyvale-Santa Clara, CA",1498000
17614,2023-07-01,"Milwaukee-Waukesha, WI",374900
17615,2023-07-01,"Raleigh-Cary, NC",470000
17616,2023-07-01,"Oklahoma City, OK",347250
17617,2023-07-01,"Louisville/Jefferson County, KY-IN",319900
17618,2023-07-01,"Richmond, VA",439900
17619,2023-07-01,"Memphis, TN-MS-AR",325000
17620,2023-07-01,"Buffalo-Cheektowaga, NY",267900
17621,2023-07-01,"Birmingham, AL",299000
17622,2023-07-01,"Hartford-West Hartford-East Hartford, CT",449900
17623,2023-07-01,"Tucson, AZ",410000
17624,2023-07-01,"Grand Rapids-Wyoming-Kentwood, MI",402450
17625,2023-07-01,"Rochester, NY",250000
17626,2023-07-01,"Salt Lake City-Murray, UT",629000
17627,2023-07-01,"North Port-Bradenton-Sarasota, FL",550000
17628,2023-07-01,"Tulsa, OK",364195
17629,2023-07-01,"Greenville-Anderson-Greer, SC",356590
17630,2023-07-01,"Knoxville, TN",475000
17631,2023-07-01,"New Orleans-Metairie, LA",331250
17632,2023-07-01,"Omaha, NE-IA",400000
17633,2023-07-01,"Albany-Schenectady-Troy, NY",419000
17634,2023-07-01,"Albuquerque, NM",414495
17635,2023-07-01,"Fresno, CA",486250
17636,2023-07-01,"Bridgeport-Stamford-Danbury, CT",1135000
17637,2023-07-01,"Cape Coral-Fort Myers, FL",480000
17638,2023-07-01,"Columbia, SC",327165
17639,2023-07-01,"Charleston-North Charleston, SC",550000
17640,2023-07-01,"Dayton-Kettering-Beavercreek, OH",252450
17641,2023-07-01,"Allentown-Bethlehem-Easton, PA-NJ",375000
17642,2023-07-01,"Baton Rouge, LA",325000
17643,2023-07-01,"Worcester, MA",529900
17644,2023-07-01,"Urban Honolulu, HI",827000
17645,2023-07-01,"Greensboro-High Point, NC",345000
17646,2023-07-01,"Lakeland-Winter Haven, FL",357990
17647,2023-07-01,"Little Rock-North Little Rock-Conway, AR",325000
17648,2023-07-01,"Deltona-Daytona Beach-Ormond Beach, FL",399900
17649,2023-07-01,"Boise City, ID",599900
17650,2023-07-01,"El Paso, TX",304800
17651,2023-07-01,"Madison, WI",479900
17652,2023-07-01,"Des Moines-West Des Moines, IA",374900
17653,2023-07-01,"Akron, OH",230000
17654,2023-07-01,"Winston-Salem, NC",340000
17655,2023-07-01,"Colorado Springs, CO",545000
17656,2023-07-01,"Bakersfield-Delano, CA",399000
17657,2023-07-01,"Palm Bay-Melbourne-Titusville, FL",389000
17658,2023-07-01,"McAllen-Edinburg-Mission, TX",288000
17659,2023-07-01,"Oxnard-Thousand Oaks-Ventura, CA",1075000
17660,2023-07-01,"Syracuse, NY",260000
17661,2023-07-01,"Wichita, KS",300850
17662,2023-07-01,"Kiryas Joel-Poughkeepsie-Newburgh, NY",499900
17663,2023-07-01,"Durham-Chapel Hill, NC",549000
17664,2023-07-01,"Toledo, OH",200000
17665,2023-07-01,"Augusta-Richmond County, GA-SC",309900
17666,2023-07-01,"Stockton-Lodi, CA",587800
17667,2023-07-01,"Harrisburg-Carlisle, PA",332350
17668,2023-07-01,"Portland-South Portland, ME",623800
17669,2023-07-01,"Jackson, MS",280000
17670,2023-07-01,"Chattanooga, TN-GA",435000
17671,2023-07-01,"Spokane-Spokane Valley, WA",535000
17672,2023-07-01,"Scranton--Wilkes-Barre, PA",249900
17673,2023-07-01,"New Haven, CT",450000
17674,2023-07-01,"Fayetteville-Springdale-Rogers, AR",426289
18500,2023-06-01,"New York-Newark-Jersey City, NY-NJ",749000
18501,2023-06-01,"Los Angeles-Long Beach-Anaheim, CA",1169975
18502,2023-06-01,"Chicago-Naperville-Elgin, IL-IN",382500
18503,2023-06-01,"Dallas-Fort Worth-Arlington, TX",473500
18504,2023-06-01,"Houston-Pasadena-The Woodlands, TX",376525
18505,2023-06-01,"Philadelphia-Camden-Wilmington, PA-NJ-DE-MD",354950
18506,2023-06-01,"Miami-Fort Lauderdale-West Palm Beach, FL",604848
18507,2023-06-01,"Atlanta-Sandy Springs-Roswell, GA",439275
18508,2023-06-01,"Washington-Arlington-Alexandria, DC-VA-MD-WV",648250
18509,2023-06-01,"Phoenix-Mesa-Chandler, AZ",539945
18510,2023-06-01,"Boston-Cambridge-Newton, MA-NH",866443
18511,2023-06-01,"Detroit-Warren-Dearborn, MI",270000
18512,2023-06-01,"San Francisco-Oakland-Fremont, CA",1150000
18513,2023-06-01,"Seattle-Tacoma-Bellevue, WA",824500
18514,2023-06-01,"Riverside-San Bernardino-Ontario, CA",580000
18515,2023-06-01,"Minneapolis-St. Paul-Bloomington, MN-WI",460000
18516,2023-06-01,"Tampa-St. Petersburg-Clearwater, FL",445000
18517,2023-06-01,"Denver-Aurora-Centennial, CO",680000
18518,2023-06-01,"San Diego-Chula Vista-Carlsbad, CA",1092500
18519,2023-06-01,"St. Louis, MO-IL",289423
18520,2023-06-01,"Charlotte-Concord-Gastonia, NC-SC",440725
18521,2023-06-01,"Baltimore-Columbia-Towson, MD",365250
18522,2023-06-01,"Orlando-Kissimmee-Sanford, FL",459450
18523,2023-06-01,"Pittsburgh, PA",235000
18524,2023-06-01,"San Antonio-New Braunfels, TX",367325
18525,2023-06-01,"Austin-Round Rock-San Marcos, TX",580000
18526,2023-06-01,"Portland-Vancouver-Hillsboro, OR-WA",640000
18527,2023-06-01,"Cleveland, OH",239950
18528,2023-06-01,"Cincinnati, OH-KY-IN",389925
18529,2023-06-01,"Kansas City, MO-KS",452520
18530,2023-06-01,"Las Vegas-Henderson-North Las Vegas, NV",455000
18531,2023-06-01,"Sacramento-Roseville-Folsom, CA",679322
18532,2023-06-01,"Columbus, OH",399450
18533,2023-06-01,"Indianapolis-Carmel-Greenwood, IN",349950
18534,2023-06-01,"Nashville-Davidson--Murfreesboro--Franklin, TN",589945
18535,2023-06-01,"Virginia Beach-Chesapeake-Norfolk, VA-NC",399000
18536,2023-06-01,"Jacksonville, FL",438998
18537,2023-06-01,"Providence-Warwick, RI-MA",549900
18538,2023-06-01,"San Jose-Sunnyvale-Santa Clara, CA",1498000
18539,2023-06-01,"Milwaukee-Waukesha, WI",379950
18540,2023-06-01,"Raleigh-Cary, NC",480200
18541,2023-06-01,"Oklahoma City, OK",350000
18542,2023-06-01,"Louisville/Jefferson County, KY-IN",319950
18543,2023-06-01,"Richmond, VA",442258
18544,2023-06-01,"Memphis, TN-MS-AR",326995
18545,2023-06-01,"Buffalo-Cheektowaga, NY",277697
18546,2023-06-01,"Birmingham, AL",301087
18547,2023-06-01,"Hartford-West Hartford-East Hartford, CT",449450
18548,2023-06-01,"Tucson, AZ",414997
18549,2023-06-01,"Grand Rapids-Wyoming-Kentwood, MI",414925
18550,2023-06-01,"Rochester, NY",269900
18551,2023-06-01,"Salt Lake City-Murray, UT",625233
18552,2023-06-01,"North Port-Bradenton-Sarasota, FL",550000
18553,2023-06-01,"Tulsa, OK",364450
18554,2023-06-01,"Greenville-Anderson-Greer, SC",352028
18555,2023-06-01,"Knoxville, TN",475000
18556,2023-06-01,"New Orleans-Metairie, LA",339450
18557,2023-06-01,"Omaha, NE-IA",420000
18558,2023-06-01,"Albany-Schenectady-Troy, NY",416950
18559,2023-06-01,"Albuquerque, NM",417012
18560,2023-06-01,"Fresno, CA",477533
18561,2023-06-01,"Bridgeport-Stamford-Danbury, CT",1185750
18562,2023-06-01,"Cape Coral-Fort Myers, FL",486750
18563,2023-06-01,"Columbia, SC",337000
18564,2023-06-01,"Charleston-North Charleston, SC",554917
18565,2023-06-01,"Dayton-Kettering-Beavercreek, OH",250000
18566,2023-06-01,"Allentown-Bethlehem-Easton, PA-NJ",377450
18567,2023-06-01,"Baton Rouge, LA",335000
18568,2023-06-01,"Worcester, MA",527450
18569,2023-06-01,"Urban Honolulu, HI",824018
18570,2023-06-01,"Greensboro-High Point, NC",341995
18571,2023-06-01,"Lakeland-Winter Haven, FL",353777
18572,2023-06-01,"Little Rock-North Little Rock-Conway, AR",321500
18573,2023-06-01,"Deltona-Daytona Beach-Ormond Beach, FL",399950
18574,2023-06-01,"Boise City, ID",599950
18575,2023-06-01,"El Paso, TX",303888
18576,2023-06-01,"Madison, WI",476275
18577,2023-06-01,"Des Moines-West Des Moines, IA",374990
18578,2023-06-01,"Akron, OH",225500
18579,2023-06-01,"Winston-Salem, NC",341017
18580,2023-06-01,"Colorado Springs, CO",549950
18581,2023-06-01,"Bakersfield-Delano, CA",392500
18582,2023-06-01,"Palm Bay-Melbourne-Titusville, FL",385950
18583,2023-06-01,"McAllen-Edinburg-Mission, TX",289000
18584,2023-06-01,"Oxnard-Thousand Oaks-Ventura, CA",1018627
18585,2023-06-01,"Syracuse, NY",267400
18586,2023-06-01,"Wichita, KS",315657
18587,2023-06-01,"Kiryas Joel-Poughkeepsie-Newburgh, NY",499950
18588,2023-06-01,"Durham-Chapel Hill, NC",542000
18589,2023-06-01,"Toledo, OH",212400
18590,2023-06-01,"Augusta-Richmond County, GA-SC",317175
18591,2023-06-01,"Stockton-Lodi, CA",582000
18592,2023-06-01,"Harrisburg-Carlisle, PA",324450
18593,2023-06-01,"Portland-South Portland, ME",625000
18594,2023-06-01,"Jackson, MS",289450
18595,2023-06-01,"Chattanooga, TN-GA",438117
18596,2023-06-01,"Spokane-Spokane Valley, WA",532488
18597,2023-06-01,"Scranton--Wilkes-Barre, PA",250000
18598,2023-06-01,"New Haven, CT",429900
18599,2023-06-01,"Fayetteville-Springdale-Rogers, AR",423150
19425,2023-05-01,"New York-Newark-Jersey City, NY-NJ",744500
19426,2023-05-01,"Los Angeles-Long Beach-Anaheim, CA",1150222
19427,2023-05-01,"Chicago-Naperville-Elgin, IL-IN",377150
19428,2023-05-01,"Dallas-Fort Worth-Arlington, TX",469399
19429,2023-05-01,"Houston-Pasadena-The Woodlands, TX",374995
19430,2023-05-01,"Philadelphia-Camden-Wilmington, PA-NJ-DE-MD",349450
19431,2023-05-01,"Miami-Fort Lauderdale-West Palm Beach, FL",607598
19432,2023-05-01,"Atlanta-Sandy Springs-Roswell, GA",431189
19433,2023-05-01,"Washington-Arlington-Alexandria, DC-VA-MD-WV",642500
19434,2023-05-01,"Phoenix-Mesa-Chandler, AZ",529450
19435,2023-05-01,"Boston-Cambridge-Newton, MA-NH",867125
19436,2023-05-01,"Detroit-Warren-Dearborn, MI",267450
19437,2023-05-01,"San Francisco-Oakland-Fremont, CA",1178250
19438,2023-05-01,"Seattle-Tacoma-Bellevue, WA",822500
19439,2023-05-01,"Riverside-San Bernardino-Ontario, CA",580000
19440,2023-05-01,"Minneapolis-St. Paul-Bloomington, MN-WI",459935
19441,2023-05-01,"Tampa-St. Petersburg-Clearwater, FL",439000
19442,2023-05-01,"Denver-Aurora-Centennial, CO",682250
19443,2023-05-01,"San Diego-Chula Vista-Carlsbad, CA",1055000
19444,2023-05-01,"St. Louis, MO-IL",281650
19445,2023-05-01,"Charlotte-Concord-Gastonia, NC-SC",434881
19446,2023-05-01,"Baltimore-Columbia-Towson, MD",350000
19447,2023-05-01,"Orlando-Kissimmee-Sanford, FL",450000
19448,2023-05-01,"Pittsburgh, PA",230000
19449,2023-05-01,"San Antonio-New Braunfels, TX",357520
19450,2023-05-01,"Austin-Round Rock-San Marcos, TX",583505
19451,2023-05-01,"Portland-Vancouver-Hillsboro, OR-WA",639338
19452,2023-05-01,"Cleveland, OH",230975
19453,2023-05-01,"Cincinnati, OH-KY-IN",391308
19454,2023-05-01,"Kansas City, MO-KS",462500
19455,2023-05-01,"Las Vegas-Henderson-North Las Vegas, NV",450000
19456,2023-05-01,"Sacramento-Roseville-Folsom, CA",663250
19457,2023-05-01,"Columbus, OH",394200
19458,2023-05-01,"Indianapolis-Carmel-Greenwood, IN",349450
19459,2023-05-01,"Nashville-Davidson--Murfreesboro--Franklin, TN",579539
19460,2023-05-01,"Virginia Beach-Chesapeake-Norfolk, VA-NC",387450
19461,2023-05-01,"Jacksonville, FL",426376
19462,2023-05-01,"Providence-Warwick, RI-MA",539950
19463,2023-05-01,"San Jose-Sunnyvale-Santa Clara, CA",1530000
19464,2023-05-01,"Milwaukee-Waukesha, WI",374950
19465,2023-05-01,"Raleigh-Cary, NC",474950
19466,2023-05-01,"Oklahoma City, OK",353813
19467,2023-05-01,"Louisville/Jefferson County, KY-IN",319950
19468,2023-05-01,"Richmond, VA",441200
19469,2023-05-01,"Memphis, TN-MS-AR",325000
19470,2023-05-01,"Buffalo-Cheektowaga, NY",252925
19471,2023-05-01,"Birmingham, AL",297700
19472,2023-05-01,"Hartford-West Hartford-East Hartford, CT",436725
19473,2023-05-01,"Tucson, AZ",414350
19474,2023-05-01,"Grand Rapids-Wyoming-Kentwood, MI",410221
19475,2023-05-01,"Rochester, NY",263600
19476,2023-05-01,"Salt Lake City-Murray, UT",635000
19477,2023-05-01,"North Port-Bradenton-Sarasota, FL",549900
19478,2023-05-01,"Tulsa, OK",369450
19479,2023-05-01,"Greenville-Anderson-Greer, SC",349950
19480,2023-05-01,"Knoxville, TN",482500
19481,2023-05-01,"New Orleans-Metairie, LA",339450
19482,2023-05-01,"Omaha, NE-IA",429588
19483,2023-05-01,"Albany-Schenectady-Troy, NY",407500
19484,2023-05-01,"Albuquerque, NM",412920
19485,2023-05-01,"Fresno, CA",472275
19486,2023-05-01,"Bridgeport-Stamford-Danbury, CT",1197000
19487,2023-05-01,"Cape Coral-Fort Myers, FL",494500
19488,2023-05-01,"Columbia, SC",325394
19489,2023-05-01,"Charleston-North Charleston, SC",557056
19490,2023-05-01,"Dayton-Kettering-Beavercreek, OH",232450
19491,2023-05-01,"Allentown-Bethlehem-Easton, PA-NJ",385000
19492,2023-05-01,"Baton Rouge, LA",334000
19493,2023-05-01,"Worcester, MA",528698
19494,2023-05-01,"Urban Honolulu, HI",811500
19495,2023-05-01,"Greensboro-High Point, NC",334500
19496,2023-05-01,"Lakeland-Winter Haven, FL",350000
19497,2023-05-01,"Little Rock-North Little Rock-Conway, AR",312950
19498,2023-05-01,"Deltona-Daytona Beach-Ormond Beach, FL",399900
19499,2023-05-01,"Boise City, ID",609850
19500,2023-05-01,"El Paso, TX",310000
19501,2023-05-01,"Madison, WI",469450
19502,2023-05-01,"Des Moines-West Des Moines, IA",375000
19503,2023-05-01,"Akron, OH",212000
19504,2023-05-01,"Winston-Salem, NC",345983
19505,2023-05-01,"Colorado Springs, CO",550000
19506,2023-05-01,"Bakersfield-Delano, CA",390000
19507,2023-05-01,"Palm Bay-Melbourne-Titusville, FL",382815
19508,2023-05-01,"McAllen-Edinburg-Mission, TX",287125
19509,2023-05-01,"Oxnard-Thousand Oaks-Ventura, CA",1076408
19510,2023-05-01,"Syracuse, NY",229400
19511,2023-05-01,"Wichita, KS",320000
19512,2023-05-01,"Kiryas Joel-Poughkeepsie-Newburgh, NY",499950
19513,2023-05-01,"Durham-Chapel Hill, NC",542475
19514,2023-05-01,"Toledo, OH",204900
19515,2023-05-01,"Augusta-Richmond County, GA-SC",316250
19516,2023-05-01,"Stockton-Lodi, CA",575000
19517,2023-05-01,"Harrisburg-Carlisle, PA",320550
19518,2023-05-01,"Portland-South Portland, ME",623175
19519,2023-05-01,"Jackson, MS",289150
19520,2023-05-01,"Chattanooga, TN-GA",438950
19521,2023-05-01,"Spokane-Spokane Valley, WA",524924
19522,2023-05-01,"Scranton--Wilkes-Barre, PA",242000
19523,2023-05-01,"New Haven, CT",439500
19524,2023-05-01,"Fayetteville-Springdale-Rogers, AR",420100
20350,2023-04-01,"New York-Newark-Jersey City, NY-NJ",701690
20351,2023-04-01,"Los Angeles-Long Beach-Anaheim, CA",1099999
20352,2023-04-01,"Chicago-Naperville-Elgin, IL-IN",369000
20353,2023-04-01,"Dallas-Fort Worth-Arlington, TX",459900
20354,2023-04-01,"Houston-Pasadena-The Woodlands, TX",370000
20355,2023-04-01,"Philadelphia-Camden-Wilmington, PA-NJ-DE-MD",339900
20356,2023-04-01,"Miami-Fort Lauderdale-West Palm Beach, FL",605000
20357,2023-04-01,"Atlanta-Sandy Springs-Roswell, GA",420000
20358,2023-04-01,"Washington-Arlington-Alexandria, DC-VA-MD-WV",625000
20359,2023-04-01,"Phoenix-Mesa-Chandler, AZ",516011
20360,2023-04-01,"Boston-Cambridge-Newton, MA-NH",839000
20361,2023-04-01,"Detroit-Warren-Dearborn, MI",250000
20362,2023-04-01,"San Francisco-Oakland-Fremont, CA",1150000
20363,2023-04-01,"Seattle-Tacoma-Bellevue, WA",825000
20364,2023-04-01,"Riverside-San Bernardino-Ontario, CA",569000
20365,2023-04-01,"Minneapolis-St. Paul-Bloomington, MN-WI",450000
20366,2023-04-01,"Tampa-St. Petersburg-Clearwater, FL",411750
20367,2023-04-01,"Denver-Aurora-Centennial, CO",679000
20368,2023-04-01,"San Diego-Chula Vista-Carlsbad, CA",999950
20369,2023-04-01,"St. Louis, MO-IL",284900
20370,2023-04-01,"Charlotte-Concord-Gastonia, NC-SC",425000
20371,2023-04-01,"Baltimore-Columbia-Towson, MD",340000
20372,2023-04-01,"Orlando-Kissimmee-Sanford, FL",441850
20373,2023-04-01,"Pittsburgh, PA",224900
20374,2023-04-01,"San Antonio-New Braunfels, TX",351990
20375,2023-04-01,"Austin-Round Rock-San Marcos, TX",569000
20376,2023-04-01,"Portland-Vancouver-Hillsboro, OR-WA",629000
20377,2023-04-01,"Cleveland, OH",224900
20378,2023-04-01,"Cincinnati, OH-KY-IN",385000
20379,2023-04-01,"Kansas City, MO-KS",460212
20380,2023-04-01,"Las Vegas-Henderson-North Las Vegas, NV",460000
20381,2023-04-01,"Sacramento-Roseville-Folsom, CA",660000
20382,2023-04-01,"Columbus, OH",386450
20383,2023-04-01,"Indianapolis-Carmel-Greenwood, IN",333000
20384,2023-04-01,"Nashville-Davidson--Murfreesboro--Franklin, TN",559999
20385,2023-04-01,"Virginia Beach-Chesapeake-Norfolk, VA-NC",385000
20386,2023-04-01,"Jacksonville, FL",410000
20387,2023-04-01,"Providence-Warwick, RI-MA",529450
20388,2023-04-01,"San Jose-Sunnyvale-Santa Clara, CA",1536500
20389,2023-04-01,"Milwaukee-Waukesha, WI",369000
20390,2023-04-01,"Raleigh-Cary, NC",465000
20391,2023-04-01,"Oklahoma City, OK",353571
20392,2023-04-01,"Louisville/Jefferson County, KY-IN",319000
20393,2023-04-01,"Richmond, VA",424950
20394,2023-04-01,"Memphis, TN-MS-AR",324900
20395,2023-04-01,"Buffalo-Cheektowaga, NY",249900
20396,2023-04-01,"Birmingham, AL",289425
20397,2023-04-01,"Hartford-West Hartford-East Hartford, CT",414950
20398,2023-04-01,"Tucson, AZ",403675
20399,2023-04-01,"Grand Rapids-Wyoming-Kentwood, MI",404900
20400,2023-04-01,"Rochester, NY",264777
20401,2023-04-01,"Salt Lake City-Murray, UT",609481
20402,2023-04-01,"North Port-Bradenton-Sarasota, FL",549000
20403,2023-04-01,"Tulsa, OK",369900
20404,2023-04-01,"Greenville-Anderson-Greer, SC",348790
20405,2023-04-01,"Knoxville, TN",479900
20406,2023-04-01,"New Orleans-Metairie, LA",334900
20407,2023-04-01,"Omaha, NE-IA",435000
20408,2023-04-01,"Albany-Schenectady-Troy, NY",408000
20409,2023-04-01,"Albuquerque, NM",400000
20410,2023-04-01,"Fresno, CA",450000
20411,2023-04-01,"Bridgeport-Stamford-Danbury, CT",1150000
20412,2023-04-01,"Cape Coral-Fort Myers, FL",499000
20413,2023-04-01,"Columbia, SC",315000
20414,2023-04-01,"Charleston-North Charleston, SC",538995
20415,2023-04-01,"Dayton-Kettering-Beavercreek, OH",239990
20416,2023-04-01,"Allentown-Bethlehem-Easton, PA-NJ",379900
20417,2023-04-01,"Baton Rouge, LA",329000
20418,2023-04-01,"Worcester, MA",524990
20419,2023-04-01,"Urban Honolulu, HI",799900
20420,2023-04-01,"Greensboro-High Point, NC",338400
20421,2023-04-01,"Lakeland-Winter Haven, FL",349490
20422,2023-04-01,"Little Rock-North Little Rock-Conway, AR",315000
20423,2023-04-01,"Deltona-Daytona Beach-Ormond Beach, FL",399900
20424,2023-04-01,"Boise City, ID",584900
20425,2023-04-01,"El Paso, TX",300030
20426,2023-04-01,"Madison, WI",479900
20427,2023-04-01,"Des Moines-West Des Moines, IA",374900
20428,2023-04-01,"Akron, OH",199900
20429,2023-04-01,"Winston-Salem, NC",339900
20430,2023-04-01,"Colorado Springs, CO",535000
20431,2023-04-01,"Bakersfield-Delano, CA",390000
20432,2023-04-01,"Palm Bay-Melbourne-Titusville, FL",376000
20433,2023-04-01,"McAllen-Edinburg-Mission, TX",285510
20434,2023-04-01,"Oxnard-Thousand Oaks-Ventura, CA",985000
20435,2023-04-01,"Syracuse, NY",242900
20436,2023-04-01,"Wichita, KS",318394
20437,2023-04-01,"Kiryas Joel-Poughkeepsie-Newburgh, NY",499000
20438,2023-04-01,"Durham-Chapel Hill, NC",550000
20439,2023-04-01,"Toledo, OH",185450
20440,2023-04-01,"Augusta-Richmond County, GA-SC",315000
20441,2023-04-01,"Stockton-Lodi, CA",579000
20442,2023-04-01,"Harrisburg-Carlisle, PA",319990
20443,2023-04-01,"Portland-South Portland, ME",628700
20444,2023-04-01,"Jackson, MS",280000
20445,2023-04-01,"Chattanooga, TN-GA",439900
20446,2023-04-01,"Spokane-Spokane Valley, WA",512500
20447,2023-04-01,"Scranton--Wilkes-Barre, PA",235000
20448,2023-04-01,"New Haven, CT",409900
20449,2023-04-01,"Fayetteville-Springdale-Rogers, AR",412000
21275,2023-03-01,"New York-Newark-Jersey City, NY-NJ",699000
21276,2023-03-01,"Los Angeles-Long Beach-Anaheim, CA",999500
21277,2023-03-01,"Chicago-Naperville-Elgin, IL-IN",352450
21278,2023-03-01,"Dallas-Fort Worth-Arlington, TX",442166
21279,2023-03-01,"Houston-Pasadena-The Woodlands, TX",360000
21280,2023-03-01,"Philadelphia-Camden-Wilmington, PA-NJ-DE-MD",328700
21281,2023-03-01,"Miami-Fort Lauderdale-West Palm Beach, FL",599444
21282,2023-03-01,"Atlanta-Sandy Springs-Roswell, GA",410240
21283,2023-03-01,"Washington-Arlington-Alexandria, DC-VA-MD-WV",599945
21284,2023-03-01,"Phoenix-Mesa-Chandler, AZ",499363
21285,2023-03-01,"Boston-Cambridge-Newton, MA-NH",824000
21286,2023-03-01,"Detroit-Warren-Dearborn, MI",236950
21287,2023-03-01,"San Francisco-Oakland-Fremont, CA",1081250
21288,2023-03-01,"Seattle-Tacoma-Bellevue, WA",789225
21289,2023-03-01,"Riverside-San Bernardino-Ontario, CA",559495
21290,2023-03-01,"Minneapolis-St. Paul-Bloomington, MN-WI",451400
21291,2023-03-01,"Tampa-St. Petersburg-Clearwater, FL",410000
21292,2023-03-01,"Denver-Aurora-Centennial, CO",654950
21293,2023-03-01,"San Diego-Chula Vista-Carlsbad, CA",949500
21294,2023-03-01,"St. Louis, MO-IL",278950
21295,2023-03-01,"Charlotte-Concord-Gastonia, NC-SC",401784
21296,2023-03-01,"Baltimore-Columbia-Towson, MD",348125
21297,2023-03-01,"Orlando-Kissimmee-Sanford, FL",440948
21298,2023-03-01,"Pittsburgh, PA",210000
21299,2023-03-01,"San Antonio-New Braunfels, TX",346560
21300,2023-03-01,"Austin-Round Rock-San Marcos, TX",549945
21301,2023-03-01,"Portland-Vancouver-Hillsboro, OR-WA",614862
21302,2023-03-01,"Cleveland, OH",210000
21303,2023-03-01,"Cincinnati, OH-KY-IN",369650
21304,2023-03-01,"Kansas City, MO-KS",454950
21305,2023-03-01,"Las Vegas-Henderson-North Las Vegas, NV",450000
21306,2023-03-01,"Sacramento-Roseville-Folsom, CA",627000
21307,2023-03-01,"Columbus, OH",376874
21308,2023-03-01,"Indianapolis-Carmel-Greenwood, IN",316123
21309,2023-03-01,"Nashville-Davidson--Murfreesboro--Franklin, TN",527450
21310,2023-03-01,"Virginia Beach-Chesapeake-Norfolk, VA-NC",374950
21311,2023-03-01,"Jacksonville, FL",399450
21312,2023-03-01,"Providence-Warwick, RI-MA",513675
21313,2023-03-01,"San Jose-Sunnyvale-Santa Clara, CA",1495000
21314,2023-03-01,"Milwaukee-Waukesha, WI",367450
21315,2023-03-01,"Raleigh-Cary, NC",450000
21316,2023-03-01,"Oklahoma City, OK",350032
21317,2023-03-01,"Louisville/Jefferson County, KY-IN",299913
21318,2023-03-01,"Richmond, VA",402445
21319,2023-03-01,"Memphis, TN-MS-AR",318995
21320,2023-03-01,"Buffalo-Cheektowaga, NY",246175
21321,2023-03-01,"Birmingham, AL",279450
21322,2023-03-01,"Hartford-West Hartford-East Hartford, CT",407500
21323,2023-03-01,"Tucson, AZ",399950
21324,2023-03-01,"Grand Rapids-Wyoming-Kentwood, MI",399425
21325,2023-03-01,"Rochester, NY",252500
21326,2023-03-01,"Salt Lake City-Murray, UT",589975
21327,2023-03-01,"North Port-Bradenton-Sarasota, FL",546500
21328,2023-03-01,"Tulsa, OK",361950
21329,2023-03-01,"Greenville-Anderson-Greer, SC",337000
21330,2023-03-01,"Knoxville, TN",467500
21331,2023-03-01,"New Orleans-Metairie, LA",326000
21332,2023-03-01,"Omaha, NE-IA",438000
21333,2023-03-01,"Albany-Schenectady-Troy, NY",399900
21334,2023-03-01,"Albuquerque, NM",399500
21335,2023-03-01,"Fresno, CA",444968
21336,2023-03-01,"Bridgeport-Stamford-Danbury, CT",1049000
21337,2023-03-01,"Cape Coral-Fort Myers, FL",498750
21338,2023-03-01,"Columbia, SC",304725
21339,2023-03-01,"Charleston-North Charleston, SC",516672
21340,2023-03-01,"Dayton-Kettering-Beavercreek, OH",224975
21341,2023-03-01,"Allentown-Bethlehem-Easton, PA-NJ",375000
21342,2023-03-01,"Baton Rouge, LA",325000
21343,2023-03-01,"Worcester, MA",517400
21344,2023-03-01,"Urban Honolulu, HI",789500
21345,2023-03-01,"Greensboro-High Point, NC",326882
21346,2023-03-01,"Lakeland-Winter Haven, FL",349950
21347,2023-03-01,"Little Rock-North Little Rock-Conway, AR",303475
21348,2023-03-01,"Deltona-Daytona Beach-Ormond Beach, FL",399000
21349,2023-03-01,"Boise City, ID",574900
21350,2023-03-01,"El Paso, TX",298651
21351,2023-03-01,"Madison, WI",463650
21352,2023-03-01,"Des Moines-West Des Moines, IA",369950
21353,2023-03-01,"Akron, OH",179675
21354,2023-03-01,"Winston-Salem, NC",332882
21355,2023-03-01,"Colorado Springs, CO",527500
21356,2023-03-01,"Bakersfield-Delano, CA",380000
21357,2023-03-01,"Palm Bay-Melbourne-Titusville, FL",376500
21358,2023-03-01,"McAllen-Edinburg-Mission, TX",285000
21359,2023-03-01,"Oxnard-Thousand Oaks-Ventura, CA",944500
21360,2023-03-01,"Syracuse, NY",234900
21361,2023-03-01,"Wichita, KS",319621
21362,2023-03-01,"Kiryas Joel-Poughkeepsie-Newburgh, NY",499000
21363,2023-03-01,"Durham-Chapel Hill, NC",529725
21364,2023-03-01,"Toledo, OH",174950
21365,2023-03-01,"Augusta-Richmond County, GA-SC",320080
21366,2023-03-01,"Stockton-Lodi, CA",547500
21367,2023-03-01,"Harrisburg-Carlisle, PA",344925
21368,2023-03-01,"Portland-South Portland, ME",619000
21369,2023-03-01,"Jackson, MS",298250
21370,2023-03-01,"Chattanooga, TN-GA",407225
21371,2023-03-01,"Spokane-Spokane Valley, WA",497475
21372,2023-03-01,"Scranton--Wilkes-Barre, PA",229450
21373,2023-03-01,"New Haven, CT",399900
21374,2023-03-01,"Fayetteville-Springdale-Rogers, AR",407250
22200,2023-02-01,"New York-Newark-Jersey City, NY-NJ",688972
22201,2023-02-01,"Los Angeles-Long Beach-Anaheim, CA",973500
22202,2023-02-01,"Chicago-Naperville-Elgin, IL-IN",337500
22203,2023-02-01,"Dallas-Fort Worth-Arlington, TX",435000
22204,2023-02-01,"Houston-Pasadena-The Woodlands, TX",357528
22205,2023-02-01,"Philadelphia-Camden-Wilmington, PA-NJ-DE-MD",322450
22206,2023-02-01,"Miami-Fort Lauderdale-West Palm Beach, FL",599000
22207,2023-02-01,"Atlanta-Sandy Springs-Roswell, GA",399950
22208,2023-02-01,"Washington-Arlington-Alexandria, DC-VA-MD-WV",587500
22209,2023-02-01,"Phoenix-Mesa-Chandler, AZ",487000
22210,2023-02-01,"Boston-Cambridge-Newton, MA-NH",799000
22211,2023-02-01,"Detroit-Warren-Dearborn, MI",229450
22212,2023-02-01,"San Francisco-Oakland-Fremont, CA",1002500
22213,2023-02-01,"Seattle-Tacoma-Bellevue, WA",749950
22214,2023-02-01,"Riverside-San Bernardino-Ontario, CA",559900
22215,2023-02-01,"Minneapolis-St. Paul-Bloomington, MN-WI",434995
22216,2023-02-01,"Tampa-St. Petersburg-Clearwater, FL",400000
22217,2023-02-01,"Denver-Aurora-Centennial, CO",632475
22218,2023-02-01,"San Diego-Chula Vista-Carlsbad, CA",931998
22219,2023-02-01,"St. Louis, MO-IL",271750
22220,2023-02-01,"Charlotte-Concord-Gastonia, NC-SC",397324
22221,2023-02-01,"Baltimore-Columbia-Towson, MD",322500
22222,2023-02-01,"Orlando-Kissimmee-Sanford, FL",434995
22223,2023-02-01,"Pittsburgh, PA",199900
22224,2023-02-01,"San Antonio-New Braunfels, TX",340000
22225,2023-02-01,"Austin-Round Rock-San Marcos, TX",530998
22226,2023-02-01,"Portland-Vancouver-Hillsboro, OR-WA",607050
22227,2023-02-01,"Cleveland, OH",198950
22228,2023-02-01,"Cincinnati, OH-KY-IN",362150
22229,2023-02-01,"Kansas City, MO-KS",442412
22230,2023-02-01,"Las Vegas-Henderson-North Las Vegas, NV",445462
22231,2023-02-01,"Sacramento-Roseville-Folsom, CA",606445
22232,2023-02-01,"Columbus, OH",359950
22233,2023-02-01,"Indianapolis-Carmel-Greenwood, IN",302450
22234,2023-02-01,"Nashville-Davidson--Murfreesboro--Franklin, TN",517400
22235,2023-02-01,"Virginia Beach-Chesapeake-Norfolk, VA-NC",374450
22236,2023-02-01,"Jacksonville, FL",389720
22237,2023-02-01,"Providence-Warwick, RI-MA",497700
22238,2023-02-01,"San Jose-Sunnyvale-Santa Clara, CA",1399500
22239,2023-02-01,"Milwaukee-Waukesha, WI",349900
22240,2023-02-01,"Raleigh-Cary, NC",449900
22241,2023-02-01,"Oklahoma City, OK",349180
22242,2023-02-01,"Louisville/Jefferson County, KY-IN",299900
22243,2023-02-01,"Richmond, VA",392500
22244,2023-02-01,"Memphis, TN-MS-AR",323048
22245,2023-02-01,"Buffalo-Cheektowaga, NY",227450
22246,2023-02-01,"Birmingham, AL",273700
22247,2023-02-01,"Hartford-West Hartford-East Hartford, CT",402688
22248,2023-02-01,"Tucson, AZ",389000
22249,2023-02-01,"Grand Rapids-Wyoming-Kentwood, MI",397400
22250,2023-02-01,"Rochester, NY",229175
22251,2023-02-01,"Salt Lake City-Murray, UT",569950
22252,2023-02-01,"North Port-Bradenton-Sarasota, FL",538173
22253,2023-02-01,"Tulsa, OK",354262
22254,2023-02-01,"Greenville-Anderson-Greer, SC",335075
22255,2023-02-01,"Knoxville, TN",450000
22256,2023-02-01,"New Orleans-Metairie, LA",321950
22257,2023-02-01,"Omaha, NE-IA",428250
22258,2023-02-01,"Albany-Schenectady-Troy, NY",384900
22259,2023-02-01,"Albuquerque, NM",386498
22260,2023-02-01,"Fresno, CA",441250
22261,2023-02-01,"Bridgeport-Stamford-Danbury, CT",941000
22262,2023-02-01,"Cape Coral-Fort Myers, FL",479940
22263,2023-02-01,"Columbia, SC",301694
22264,2023-02-01,"Charleston-North Charleston, SC",497450
22265,2023-02-01,"Dayton-Kettering-Beavercreek, OH",218000
22266,2023-02-01,"Allentown-Bethlehem-Easton, PA-NJ",361950
22267,2023-02-01,"Baton Rouge, LA",324350
22268,2023-02-01,"Worcester, MA",507400
22269,2023-02-01,"Urban Honolulu, HI",782500
22270,2023-02-01,"Greensboro-High Point, NC",323700
22271,2023-02-01,"Lakeland-Winter Haven, FL",349000
22272,2023-02-01,"Little Rock-North Little Rock-Conway, AR",303745
22273,2023-02-01,"Deltona-Daytona Beach-Ormond Beach, FL",395573
22274,2023-02-01,"Boise City, ID",552495
22275,2023-02-01,"El Paso, TX",296963
22276,2023-02-01,"Madison, WI",446400
22277,2023-02-01,"Des Moines-West Des Moines, IA",369945
22278,2023-02-01,"Akron, OH",180450
22279,2023-02-01,"Winston-Salem, NC",329764
22280,2023-02-01,"Colorado Springs, CO",499000
22281,2023-02-01,"Bakersfield-Delano, CA",374504
22282,2023-02-01,"Palm Bay-Melbourne-Titusville, FL",374950
22283,2023-02-01,"McAllen-Edinburg-Mission, TX",283000
22284,2023-02-01,"Oxnard-Thousand Oaks-Ventura, CA",932500
22285,2023-02-01,"Syracuse, NY",226610
22286,2023-02-01,"Wichita, KS",319995
22287,2023-02-01,"Kiryas Joel-Poughkeepsie-Newburgh, NY",469950
22288,2023-02-01,"Durham-Chapel Hill, NC",496200
22289,2023-02-01,"Toledo, OH",173700
22290,2023-02-01,"Augusta-Richmond County, GA-SC",329900
22291,2023-02-01,"Stockton-Lodi, CA",543998
22292,2023-02-01,"Harrisburg-Carlisle, PA",322423
22293,2023-02-01,"Portland-South Portland, ME",590000
22294,2023-02-01,"Jackson, MS",320000
22295,2023-02-01,"Chattanooga, TN-GA",398400
22296,2023-02-01,"Spokane-Spokane Valley, WA",479000
22297,2023-02-01,"Scranton--Wilkes-Barre, PA",217000
22298,2023-02-01,"New Haven, CT",387450
22299,2023-02-01,"Fayetteville-Springdale-Rogers, AR",402488
23125,2023-01-01,"New York-Newark-Jersey City, NY-NJ",672000
23126,2023-01-01,"Los Angeles-Long Beach-Anaheim, CA",938458
23127,2023-01-01,"Chicago-Naperville-Elgin, IL-IN",327450
23128,2023-01-01,"Dallas-Fort Worth-Arlington, TX",433500
23129,2023-01-01,"Houston-Pasadena-The Woodlands, TX",354850
23130,2023-01-01,"Philadelphia-Camden-Wilmington, PA-NJ-DE-MD",322245
23131,2023-01-01,"Miami-Fort Lauderdale-West Palm Beach, FL",595000
23132,2023-01-01,"Atlanta-Sandy Springs-Roswell, GA",399900
23133,2023-01-01,"Washington-Arlington-Alexandria, DC-VA-MD-WV",572444
23134,2023-01-01,"Phoenix-Mesa-Chandler, AZ",479495
23135,2023-01-01,"Boston-Cambridge-Newton, MA-NH",759450
23136,2023-01-01,"Detroit-Warren-Dearborn, MI",227250
23137,2023-01-01,"San Francisco-Oakland-Fremont, CA",978500
23138,2023-01-01,"Seattle-Tacoma-Bellevue, WA",727000
23139,2023-01-01,"Riverside-San Bernardino-Ontario, CA",560000
23140,2023-01-01,"Minneapolis-St. Paul-Bloomington, MN-WI",419083
23141,2023-01-01,"Tampa-St. Petersburg-Clearwater, FL",400000
23142,2023-01-01,"Denver-Aurora-Centennial, CO",600000
23143,2023-01-01,"San Diego-Chula Vista-Carlsbad, CA",904700
23144,2023-01-01,"St. Louis, MO-IL",269900
23145,2023-01-01,"Charlotte-Concord-Gastonia, NC-SC",395000
23146,2023-01-01,"Baltimore-Columbia-Towson, MD",319988
23147,2023-01-01,"Orlando-Kissimmee-Sanford, FL",429450
23148,2023-01-01,"Pittsburgh, PA",199450
23149,2023-01-01,"San Antonio-New Braunfels, TX",347000
23150,2023-01-01,"Austin-Round Rock-San Marcos, TX",522000
23151,2023-01-01,"Portland-Vancouver-Hillsboro, OR-WA",597450
23152,2023-01-01,"Cleveland, OH",189900
23153,2023-01-01,"Cincinnati, OH-KY-IN",329450
23154,2023-01-01,"Kansas City, MO-KS",432425
23155,2023-01-01,"Las Vegas-Henderson-North Las Vegas, NV",440000
23156,2023-01-01,"Sacramento-Roseville-Folsom, CA",594625
23157,2023-01-01,"Columbus, OH",347900
23158,2023-01-01,"Indianapolis-Carmel-Greenwood, IN",289750
23159,2023-01-01,"Nashville-Davidson--Murfreesboro--Franklin, TN",505450
23160,2023-01-01,"Virginia Beach-Chesapeake-Norfolk, VA-NC",369000
23161,2023-01-01,"Jacksonville, FL",385000
23162,2023-01-01,"Providence-Warwick, RI-MA",475000
23163,2023-01-01,"San Jose-Sunnyvale-Santa Clara, CA",1349000
23164,2023-01-01,"Milwaukee-Waukesha, WI",349900
23165,2023-01-01,"Raleigh-Cary, NC",446347
23166,2023-01-01,"Oklahoma City, OK",338933
23167,2023-01-01,"Louisville/Jefferson County, KY-IN",298500
23168,2023-01-01,"Richmond, VA",381169
23169,2023-01-01,"Memphis, TN-MS-AR",324950
23170,2023-01-01,"Buffalo-Cheektowaga, NY",225000
23171,2023-01-01,"Birmingham, AL",271542
23172,2023-01-01,"Hartford-West Hartford-East Hartford, CT",379950
23173,2023-01-01,"Tucson, AZ",377000
23174,2023-01-01,"Grand Rapids-Wyoming-Kentwood, MI",366218
23175,2023-01-01,"Rochester, NY",226000
23176,2023-01-01,"Salt Lake City-Murray, UT",559125
23177,2023-01-01,"North Port-Bradenton-Sarasota, FL",539732
23178,2023-01-01,"Tulsa, OK",344748
23179,2023-01-01,"Greenville-Anderson-Greer, SC",336015
23180,2023-01-01,"Knoxville, TN",439450
23181,2023-01-01,"New Orleans-Metairie, LA",318450
23182,2023-01-01,"Omaha, NE-IA",411038
23183,2023-01-01,"Albany-Schenectady-Troy, NY",364171
23184,2023-01-01,"Albuquerque, NM",377450
23185,2023-01-01,"Fresno, CA",437000
23186,2023-01-01,"Bridgeport-Stamford-Danbury, CT",813725
23187,2023-01-01,"Cape Coral-Fort Myers, FL",471950
23188,2023-01-01,"Columbia, SC",299950
23189,2023-01-01,"Charleston-North Charleston, SC",479902
23190,2023-01-01,"Dayton-Kettering-Beavercreek, OH",202433
23191,2023-01-01,"Allentown-Bethlehem-Easton, PA-NJ",357450
23192,2023-01-01,"Baton Rouge, LA",323245
23193,2023-01-01,"Worcester, MA",482450
23194,2023-01-01,"Urban Honolulu, HI",814000
23195,2023-01-01,"Greensboro-High Point, NC",322551
23196,2023-01-01,"Lakeland-Winter Haven, FL",349000
23197,2023-01-01,"Little Rock-North Little Rock-Conway, AR",300000
23198,2023-01-01,"Deltona-Daytona Beach-Ormond Beach, FL",394445
23199,2023-01-01,"Boise City, ID",524900
23200,2023-01-01,"El Paso, TX",293475
23201,2023-01-01,"Madison, WI",443550
23202,2023-01-01,"Des Moines-West Des Moines, IA",357450
23203,2023-01-01,"Akron, OH",177450
23204,2023-01-01,"Winston-Salem, NC",325000
23205,2023-01-01,"Colorado Springs, CO",498779
23206,2023-01-01,"Bakersfield-Delano, CA",374700
23207,2023-01-01,"Palm Bay-Melbourne-Titusville, FL",375000
23208,2023-01-01,"McAllen-Edinburg-Mission, TX",280200
23209,2023-01-01,"Oxnard-Thousand Oaks-Ventura, CA",873725
23210,2023-01-01,"Syracuse, NY",205000
23211,2023-01-01,"Wichita, KS",299000
23212,2023-01-01,"Kiryas Joel-Poughkeepsie-Newburgh, NY",467725
23213,2023-01-01,"Durham-Chapel Hill, NC",472945
23214,2023-01-01,"Toledo, OH",162400
23215,2023-01-01,"Augusta-Richmond County, GA-SC",324200
23216,2023-01-01,"Stockton-Lodi, CA",539495
23217,2023-01-01,"Harrisburg-Carlisle, PA",319998
23218,2023-01-01,"Portland-South Portland, ME",584775
23219,2023-01-01,"Jackson, MS",317750
23220,2023-01-01,"Chattanooga, TN-GA",398150
23221,2023-01-01,"Spokane-Spokane Valley, WA",449463
23222,2023-01-01,"Scranton--Wilkes-Barre, PA",217450
23223,2023-01-01,"New Haven, CT",382475
23224,2023-01-01,"Fayetteville-Springdale-Rogers, AR",399450
24050,2022-12-01,"New York-Newark-Jersey City, NY-NJ",670000
24051,2022-12-01,"Los Angeles-Long Beach-Anaheim, CA",935000
24052,2022-12-01,"Chicago-Naperville-Elgin, IL-IN",322938
24053,2022-12-01,"Dallas-Fort Worth-Arlington, TX",438999
24054,2022-12-01,"Houston-Pasadena-The Woodlands, TX",359900
24055,2022-12-01,"Philadelphia-Camden-Wilmington, PA-NJ-DE-MD",325000
24056,2022-12-01,"Miami-Fort Lauderdale-West Palm Beach, FL",595000
24057,2022-12-01,"Atlanta-Sandy Springs-Roswell, GA",399900
24058,2022-12-01,"Washington-Arlington-Alexandria, DC-VA-MD-WV",564990
24059,2022-12-01,"Phoenix-Mesa-Chandler, AZ",474900
24060,2022-12-01,"Boston-Cambridge-Newton, MA-NH",749000
24061,2022-12-01,"Detroit-Warren-Dearborn, MI",230000
24062,2022-12-01,"San Francisco-Oakland-Fremont, CA",993420
24063,2022-12-01,"Seattle-Tacoma-Bellevue, WA",725000
24064,2022-12-01,"Riverside-San Bernardino-Ontario, CA",564900
24065,2022-12-01,"Minneapolis-St. Paul-Bloomington, MN-WI",400000
24066,2022-12-01,"Tampa-St. Petersburg-Clearwater, FL",409000
24067,2022-12-01,"Denver-Aurora-Centennial, CO",600000
24068,2022-12-01,"San Diego-Chula Vista-Carlsbad, CA",899000
24069,2022-12-01,"St. Louis, MO-IL",269000
24070,2022-12-01,"Charlotte-Concord-Gastonia, NC-SC",396795
24071,2022-12-01,"Baltimore-Columbia-Towson, MD",329999
24072,2022-12-01,"Orlando-Kissimmee-Sanford, FL",430000
24073,2022-12-01,"Pittsburgh, PA",200000
24074,2022-12-01,"San Antonio-New Braunfels, TX",349000
24075,2022-12-01,"Austin-Round Rock-San Marcos, TX",525000
24076,2022-12-01,"Portland-Vancouver-Hillsboro, OR-WA",589900
24077,2022-12-01,"Cleveland, OH",189900
24078,2022-12-01,"Cincinnati, OH-KY-IN",325000
24079,2022-12-01,"Kansas City, MO-KS",410000
24080,2022-12-01,"Las Vegas-Henderson-North Las Vegas, NV",442900
24081,2022-12-01,"Sacramento-Roseville-Folsom, CA",587450
24082,2022-12-01,"Columbus, OH",330000
24083,2022-12-01,"Indianapolis-Carmel-Greenwood, IN",294700
24084,2022-12-01,"Nashville-Davidson--Murfreesboro--Franklin, TN",515000
24085,2022-12-01,"Virginia Beach-Chesapeake-Norfolk, VA-NC",360000
24086,2022-12-01,"Jacksonville, FL",389000
24087,2022-12-01,"Providence-Warwick, RI-MA",475000
24088,2022-12-01,"San Jose-Sunnyvale-Santa Clara, CA",1398000
24089,2022-12-01,"Milwaukee-Waukesha, WI",337900
24090,2022-12-01,"Raleigh-Cary, NC",449000
24091,2022-12-01,"Oklahoma City, OK",324990
24092,2022-12-01,"Louisville/Jefferson County, KY-IN",295000
24093,2022-12-01,"Richmond, VA",378088
24094,2022-12-01,"Memphis, TN-MS-AR",325000
24095,2022-12-01,"Buffalo-Cheektowaga, NY",229900
24096,2022-12-01,"Birmingham, AL",274900
24097,2022-12-01,"Hartford-West Hartford-East Hartford, CT",375000
24098,2022-12-01,"Tucson, AZ",375000
24099,2022-12-01,"Grand Rapids-Wyoming-Kentwood, MI",359900
24100,2022-12-01,"Rochester, NY",229900
24101,2022-12-01,"Salt Lake City-Murray, UT",549945
24102,2022-12-01,"North Port-Bradenton-Sarasota, FL",525000
24103,2022-12-01,"Tulsa, OK",330000
24104,2022-12-01,"Greenville-Anderson-Greer, SC",339800
24105,2022-12-01,"Knoxville, TN",429000
24106,2022-12-01,"New Orleans-Metairie, LA",319000
24107,2022-12-01,"Omaha, NE-IA",399000
24108,2022-12-01,"Albany-Schenectady-Troy, NY",344950
24109,2022-12-01,"Albuquerque, NM",375000
24110,2022-12-01,"Fresno, CA",430000
24111,2022-12-01,"Bridgeport-Stamford-Danbury, CT",799000
24112,2022-12-01,"Cape Coral-Fort Myers, FL",465000
24113,2022-12-01,"Columbia, SC",299000
24114,2022-12-01,"Charleston-North Charleston, SC",479900
24115,2022-12-01,"Dayton-Kettering-Beavercreek, OH",216500
24116,2022-12-01,"Allentown-Bethlehem-Easton, PA-NJ",365000
24117,2022-12-01,"Baton Rouge, LA",320000
24118,2022-12-01,"Worcester, MA",469400
24119,2022-12-01,"Urban Honolulu, HI",819750
24120,2022-12-01,"Greensboro-High Point, NC",317895
24121,2022-12-01,"Lakeland-Winter Haven, FL",349900
24122,2022-12-01,"Little Rock-North Little Rock-Conway, AR",299900
24123,2022-12-01,"Deltona-Daytona Beach-Ormond Beach, FL",389900
24124,2022-12-01,"Boise City, ID",515000
24125,2022-12-01,"El Paso, TX",291250
24126,2022-12-01,"Madison, WI",424150
24127,2022-12-01,"Des Moines-West Des Moines, IA",349000
24128,2022-12-01,"Akron, OH",179999
24129,2022-12-01,"Winston-Salem, NC",319997
24130,2022-12-01,"Colorado Springs, CO",499000
24131,2022-12-01,"Bakersfield-Delano, CA",370000
24132,2022-12-01,"Palm Bay-Melbourne-Titusville, FL",375000
24133,2022-12-01,"McAllen-Edinburg-Mission, TX",279900
24134,2022-12-01,"Oxnard-Thousand Oaks-Ventura, CA",871000
24135,2022-12-01,"Syracuse, NY",209000
24136,2022-12-01,"Wichita, KS",289900
24137,2022-12-01,"Kiryas Joel-Poughkeepsie-Newburgh, NY",463000
24138,2022-12-01,"Durham-Chapel Hill, NC",460950
24139,2022-12-01,"Toledo, OH",149900
24140,2022-12-01,"Augusta-Richmond County, GA-SC",319700
24141,2022-12-01,"Stockton-Lodi, CA",542745
24142,2022-12-01,"Harrisburg-Carlisle, PA",300000
24143,2022-12-01,"Portland-South Portland, ME",551750
24144,2022-12-01,"Jackson, MS",324999
24145,2022-12-01,"Chattanooga, TN-GA",395000
24146,2022-12-01,"Spokane-Spokane Valley, WA",449032
24147,2022-12-01,"Scranton--Wilkes-Barre, PA",215000
24148,2022-12-01,"New Haven, CT",375000
24149,2022-12-01,"Fayetteville-Springdale-Rogers, AR",396282
24975,2022-11-01,"New York-Newark-Jersey City, NY-NJ",675000
24976,2022-11-01,"Los Angeles-Long Beach-Anaheim, CA",933944
24977,2022-11-01,"Chicago-Naperville-Elgin, IL-IN",329950
24978,2022-11-01,"Dallas-Fort Worth-Arlington, TX",448450
24979,2022-11-01,"Houston-Pasadena-The Woodlands, TX",362293
24980,2022-11-01,"Philadelphia-Camden-Wilmington, PA-NJ-DE-MD",331850
24981,2022-11-01,"Miami-Fort Lauderdale-West Palm Beach, FL",599000
24982,2022-11-01,"Atlanta-Sandy Springs-Roswell, GA",403667
24983,2022-11-01,"Washington-Arlington-Alexandria, DC-VA-MD-WV",569498
24984,2022-11-01,"Phoenix-Mesa-Chandler, AZ",477000
24985,2022-11-01,"Boston-Cambridge-Newton, MA-NH",744925
24986,2022-11-01,"Detroit-Warren-Dearborn, MI",247000
24987,2022-11-01,"San Francisco-Oakland-Fremont, CA",1037000
24988,2022-11-01,"Seattle-Tacoma-Bellevue, WA",737450
24989,2022-11-01,"Riverside-San Bernardino-Ontario, CA",569000
24990,2022-11-01,"Minneapolis-St. Paul-Bloomington, MN-WI",399900
24991,2022-11-01,"Tampa-St. Petersburg-Clearwater, FL",415000
24992,2022-11-01,"Denver-Aurora-Centennial, CO",608700
24993,2022-11-01,"San Diego-Chula Vista-Carlsbad, CA",884500
24994,2022-11-01,"St. Louis, MO-IL",274000
24995,2022-11-01,"Charlotte-Concord-Gastonia, NC-SC",403923
24996,2022-11-01,"Baltimore-Columbia-Towson, MD",339700
24997,2022-11-01,"Orlando-Kissimmee-Sanford, FL",439653
24998,2022-11-01,"Pittsburgh, PA",214950
24999,2022-11-01,"San Antonio-New Braunfels, TX",349999
25000,2022-11-01,"Austin-Round Rock-San Marcos, TX",531430
25001,2022-11-01,"Portland-Vancouver-Hillsboro, OR-WA",582480
25002,2022-11-01,"Cleveland, OH",199900
25003,2022-11-01,"Cincinnati, OH-KY-IN",325000
25004,2022-11-01,"Kansas City, MO-KS",399900
25005,2022-11-01,"Las Vegas-Henderson-North Las Vegas, NV",448900
25006,2022-11-01,"Sacramento-Roseville-Folsom, CA",589995
25007,2022-11-01,"Columbus, OH",334900
25008,2022-11-01,"Indianapolis-Carmel-Greenwood, IN",297025
25009,2022-11-01,"Nashville-Davidson--Murfreesboro--Franklin, TN",521500
25010,2022-11-01,"Virginia Beach-Chesapeake-Norfolk, VA-NC",359950
25011,2022-11-01,"Jacksonville, FL",397500
25012,2022-11-01,"Providence-Warwick, RI-MA",474975
25013,2022-11-01,"San Jose-Sunnyvale-Santa Clara, CA",1399000
25014,2022-11-01,"Milwaukee-Waukesha, WI",324950
25015,2022-11-01,"Raleigh-Cary, NC",449950
25016,2022-11-01,"Oklahoma City, OK",325000
25017,2022-11-01,"Louisville/Jefferson County, KY-IN",290000
25018,2022-11-01,"Richmond, VA",379913
25019,2022-11-01,"Memphis, TN-MS-AR",324950
25020,2022-11-01,"Buffalo-Cheektowaga, NY",239900
25021,2022-11-01,"Birmingham, AL",275285
25022,2022-11-01,"Hartford-West Hartford-East Hartford, CT",382400
25023,2022-11-01,"Tucson, AZ",375000
25024,2022-11-01,"Grand Rapids-Wyoming-Kentwood, MI",352450
25025,2022-11-01,"Rochester, NY",221200
25026,2022-11-01,"Salt Lake City-Murray, UT",550000
25027,2022-11-01,"North Port-Bradenton-Sarasota, FL",526000
25028,2022-11-01,"Tulsa, OK",316995
25029,2022-11-01,"Greenville-Anderson-Greer, SC",341950
25030,2022-11-01,"Knoxville, TN",425000
25031,2022-11-01,"New Orleans-Metairie, LA",322500
25032,2022-11-01,"Omaha, NE-IA",389725
25033,2022-11-01,"Albany-Schenectady-Troy, NY",339950
25034,2022-11-01,"Albuquerque, NM",379000
25035,2022-11-01,"Fresno, CA",427000
25036,2022-11-01,"Bridgeport-Stamford-Danbury, CT",799225
25037,2022-11-01,"Cape Coral-Fort Myers, FL",459950
25038,2022-11-01,"Columbia, SC",303024
25039,2022-11-01,"Charleston-North Charleston, SC",485445
25040,2022-11-01,"Dayton-Kettering-Beavercreek, OH",225000
25041,2022-11-01,"Allentown-Bethlehem-Easton, PA-NJ",351033
25042,2022-11-01,"Baton Rouge, LA",320938
25043,2022-11-01,"Worcester, MA",462400
25044,2022-11-01,"Urban Honolulu, HI",821100
25045,2022-11-01,"Greensboro-High Point, NC",322450
25046,2022-11-01,"Lakeland-Winter Haven, FL",351350
25047,2022-11-01,"Little Rock-North Little Rock-Conway, AR",289950
25048,2022-11-01,"Deltona-Daytona Beach-Ormond Beach, FL",395000
25049,2022-11-01,"Boise City, ID",522400
25050,2022-11-01,"El Paso, TX",290975
25051,2022-11-01,"Madison, WI",417950
25052,2022-11-01,"Des Moines-West Des Moines, IA",349900
25053,2022-11-01,"Akron, OH",188250
25054,2022-11-01,"Winston-Salem, NC",319950
25055,2022-11-01,"Colorado Springs, CO",499700
25056,2022-11-01,"Bakersfield-Delano, CA",375000
25057,2022-11-01,"Palm Bay-Melbourne-Titusville, FL",376400
25058,2022-11-01,"McAllen-Edinburg-Mission, TX",278850
25059,2022-11-01,"Oxnard-Thousand Oaks-Ventura, CA",875000
25060,2022-11-01,"Syracuse, NY",211225
25061,2022-11-01,"Wichita, KS",290000
25062,2022-11-01,"Kiryas Joel-Poughkeepsie-Newburgh, NY",457313
25063,2022-11-01,"Durham-Chapel Hill, NC",471250
25064,2022-11-01,"Toledo, OH",149900
25065,2022-11-01,"Augusta-Richmond County, GA-SC",319800
25066,2022-11-01,"Stockton-Lodi, CA",550450
25067,2022-11-01,"Harrisburg-Carlisle, PA",309500
25068,2022-11-01,"Portland-South Portland, ME",542000
25069,2022-11-01,"Jackson, MS",301488
25070,2022-11-01,"Chattanooga, TN-GA",395000
25071,2022-11-01,"Spokane-Spokane Valley, WA",449935
25072,2022-11-01,"Scranton--Wilkes-Barre, PA",219950
25073,2022-11-01,"New Haven, CT",369950
25074,2022-11-01,"Fayetteville-Springdale-Rogers, AR",403475
25900,2022-10-01,"New York-Newark-Jersey City, NY-NJ",675000
25901,2022-10-01,"Los Angeles-Long Beach-Anaheim, CA",940000
25902,2022-10-01,"Chicago-Naperville-Elgin, IL-IN",339900
25903,2022-10-01,"Dallas-Fort Worth-Arlington, TX",450000
25904,2022-10-01,"Houston-Pasadena-The Woodlands, TX",368000
25905,2022-10-01,"Philadelphia-Camden-Wilmington, PA-NJ-DE-MD",335000
25906,2022-10-01,"Miami-Fort Lauderdale-West Palm Beach, FL",599000
25907,2022-10-01,"Atlanta-Sandy Springs-Roswell, GA",414275
25908,2022-10-01,"Washington-Arlington-Alexandria, DC-VA-MD-WV",574999
25909,2022-10-01,"Phoenix-Mesa-Chandler, AZ",485000
25910,2022-10-01,"Boston-Cambridge-Newton, MA-NH",749000
25911,2022-10-01,"Detroit-Warren-Dearborn, MI",250000
25912,2022-10-01,"San Francisco-Oakland-Fremont, CA",1090000
25913,2022-10-01,"Seattle-Tacoma-Bellevue, WA",750000
25914,2022-10-01,"Riverside-San Bernardino-Ontario, CA",575000
25915,2022-10-01,"Minneapolis-St. Paul-Bloomington, MN-WI",405450
25916,2022-10-01,"Tampa-St. Petersburg-Clearwater, FL",425000
25917,2022-10-01,"Denver-Aurora-Centennial, CO",620000
25918,2022-10-01,"San Diego-Chula Vista-Carlsbad, CA",890000
25919,2022-10-01,"St. Louis, MO-IL",275900
25920,2022-10-01,"Charlotte-Concord-Gastonia, NC-SC",415000
25921,2022-10-01,"Baltimore-Columbia-Towson, MD",340000
25922,2022-10-01,"Orlando-Kissimmee-Sanford, FL",445000
25923,2022-10-01,"Pittsburgh, PA",215000
25924,2022-10-01,"San Antonio-New Braunfels, TX",354900
25925,2022-10-01,"Austin-Round Rock-San Marcos, TX",549900
25926,2022-10-01,"Portland-Vancouver-Hillsboro, OR-WA",579900
25927,2022-10-01,"Cleveland, OH",208000
25928,2022-10-01,"Cincinnati, OH-KY-IN",324900
25929,2022-10-01,"Kansas City, MO-KS",389000
25930,2022-10-01,"Las Vegas-Henderson-North Las Vegas, NV",450000
25931,2022-10-01,"Sacramento-Roseville-Folsom, CA",599000
25932,2022-10-01,"Columbus, OH",339900
25933,2022-10-01,"Indianapolis-Carmel-Greenwood, IN",300000
25934,2022-10-01,"Nashville-Davidson--Murfreesboro--Franklin, TN",524900
25935,2022-10-01,"Virginia Beach-Chesapeake-Norfolk, VA-NC",359900
25936,2022-10-01,"Jacksonville, FL",400000
25937,2022-10-01,"Providence-Warwick, RI-MA",474500
25938,2022-10-01,"San Jose-Sunnyvale-Santa Clara, CA",1399000
25939,2022-10-01,"Milwaukee-Waukesha, WI",329900
25940,2022-10-01,"Raleigh-Cary, NC",455000
25941,2022-10-01,"Oklahoma City, OK",320000
25942,2022-10-01,"Louisville/Jefferson County, KY-IN",299900
25943,2022-10-01,"Richmond, VA",379970
25944,2022-10-01,"Memphis, TN-MS-AR",319900
25945,2022-10-01,"Buffalo-Cheektowaga, NY",239900
25946,2022-10-01,"Birmingham, AL",279900
25947,2022-10-01,"Hartford-West Hartford-East Hartford, CT",382500
25948,2022-10-01,"Tucson, AZ",379000
25949,2022-10-01,"Grand Rapids-Wyoming-Kentwood, MI",354900
25950,2022-10-01,"Rochester, NY",224450
25951,2022-10-01,"Salt Lake City-Murray, UT",574900
25952,2022-10-01,"North Port-Bradenton-Sarasota, FL",539500
25953,2022-10-01,"Tulsa, OK",319250
25954,2022-10-01,"Greenville-Anderson-Greer, SC",345000
25955,2022-10-01,"Knoxville, TN",424900
25956,2022-10-01,"New Orleans-Metairie, LA",325000
25957,2022-10-01,"Omaha, NE-IA",389000
25958,2022-10-01,"Albany-Schenectady-Troy, NY",348250
25959,2022-10-01,"Albuquerque, NM",385000
25960,2022-10-01,"Fresno, CA",435000
25961,2022-10-01,"Bridgeport-Stamford-Danbury, CT",799000
25962,2022-10-01,"Cape Coral-Fort Myers, FL",459900
25963,2022-10-01,"Columbia, SC",306356
25964,2022-10-01,"Charleston-North Charleston, SC",489900
25965,2022-10-01,"Dayton-Kettering-Beavercreek, OH",220000
25966,2022-10-01,"Allentown-Bethlehem-Easton, PA-NJ",350000
25967,2022-10-01,"Baton Rouge, LA",324900
25968,2022-10-01,"Worcester, MA",464961
25969,2022-10-01,"Urban Honolulu, HI",830000
25970,2022-10-01,"Greensboro-High Point, NC",324640
25971,2022-10-01,"Lakeland-Winter Haven, FL",359900
25972,2022-10-01,"Little Rock-North Little Rock-Conway, AR",296000
25973,2022-10-01,"Deltona-Daytona Beach-Ormond Beach, FL",399000
25974,2022-10-01,"Boise City, ID",539500
25975,2022-10-01,"El Paso, TX",291725
25976,2022-10-01,"Madison, WI",409900
25977,2022-10-01,"Des Moines-West Des Moines, IA",350000
25978,2022-10-01,"Akron, OH",189000
25979,2022-10-01,"Winston-Salem, NC",319995
25980,2022-10-01,"Colorado Springs, CO",499999
25981,2022-10-01,"Bakersfield-Delano, CA",380000
25982,2022-10-01,"Palm Bay-Melbourne-Titusville, FL",379900
25983,2022-10-01,"McAllen-Edinburg-Mission, TX",275000
25984,2022-10-01,"Oxnard-Thousand Oaks-Ventura, CA",859999
25985,2022-10-01,"Syracuse, NY",214950
25986,2022-10-01,"Wichita, KS",303950
25987,2022-10-01,"Kiryas Joel-Poughkeepsie-Newburgh, NY",450999
25988,2022-10-01,"Durham-Chapel Hill, NC",468000
25989,2022-10-01,"Toledo, OH",154900
25990,2022-10-01,"Augusta-Richmond County, GA-SC",312900
25991,2022-10-01,"Stockton-Lodi, CA",560000
25992,2022-10-01,"Harrisburg-Carlisle, PA",309900
25993,2022-10-01,"Portland-South Portland, ME",549000
25994,2022-10-01,"Jackson, MS",298000
25995,2022-10-01,"Chattanooga, TN-GA",399000
25996,2022-10-01,"Spokane-Spokane Valley, WA",469900
25997,2022-10-01,"Scranton--Wilkes-Barre, PA",225000
25998,2022-10-01,"New Haven, CT",359900
25999,2022-10-01,"Fayetteville-Springdale-Rogers, AR",415000
26825,2022-09-01,"New York-Newark-Jersey City, NY-NJ",669950
26826,2022-09-01,"Los Angeles-Long Beach-Anaheim, CA",949450
26827,2022-09-01,"Chicago-Naperville-Elgin, IL-IN",340000
26828,2022-09-01,"Dallas-Fort Worth-Arlington, TX",453995
26829,2022-09-01,"Houston-Pasadena-The Woodlands, TX",375000
26830,2022-09-01,"Philadelphia-Camden-Wilmington, PA-NJ-DE-MD",335000
26831,2022-09-01,"Miami-Fort Lauderdale-West Palm Beach, FL",599000
26832,2022-09-01,"Atlanta-Sandy Springs-Roswell, GA",420000
26833,2022-09-01,"Washington-Arlington-Alexandria, DC-VA-MD-WV",572125
26834,2022-09-01,"Phoenix-Mesa-Chandler, AZ",494475
26835,2022-09-01,"Boston-Cambridge-Newton, MA-NH",744000
26836,2022-09-01,"Detroit-Warren-Dearborn, MI",263908
26837,2022-09-01,"San Francisco-Oakland-Fremont, CA",1089500
26838,2022-09-01,"Seattle-Tacoma-Bellevue, WA",762485
26839,2022-09-01,"Riverside-San Bernardino-Ontario, CA",579900
26840,2022-09-01,"Minneapolis-St. Paul-Bloomington, MN-WI",413445
26841,2022-09-01,"Tampa-St. Petersburg-Clearwater, FL",429450
26842,2022-09-01,"Denver-Aurora-Centennial, CO",626750
26843,2022-09-01,"San Diego-Chula Vista-Carlsbad, CA",888699
26844,2022-09-01,"St. Louis, MO-IL",274950
26845,2022-09-01,"Charlotte-Concord-Gastonia, NC-SC",420500
26846,2022-09-01,"Baltimore-Columbia-Towson, MD",348625
26847,2022-09-01,"Orlando-Kissimmee-Sanford, FL",449411
26848,2022-09-01,"Pittsburgh, PA",220000
26849,2022-09-01,"San Antonio-New Braunfels, TX",359950
26850,2022-09-01,"Austin-Round Rock-San Marcos, TX",559089
26851,2022-09-01,"Portland-Vancouver-Hillsboro, OR-WA",589900
26852,2022-09-01,"Cleveland, OH",215000
26853,2022-09-01,"Cincinnati, OH-KY-IN",325000
26854,2022-09-01,"Kansas City, MO-KS",387750
26855,2022-09-01,"Las Vegas-Henderson-North Las Vegas, NV",460000
26856,2022-09-01,"Sacramento-Roseville-Folsom, CA",600000
26857,2022-09-01,"Columbus, OH",339350
26858,2022-09-01,"Indianapolis-Carmel-Greenwood, IN",300000
26859,2022-09-01,"Nashville-Davidson--Murfreesboro--Franklin, TN",528875
26860,2022-09-01,"Virginia Beach-Chesapeake-Norfolk, VA-NC",349950
26861,2022-09-01,"Jacksonville, FL",409498
26862,2022-09-01,"Providence-Warwick, RI-MA",479900
26863,2022-09-01,"San Jose-Sunnyvale-Santa Clara, CA",1398500
26864,2022-09-01,"Milwaukee-Waukesha, WI",332450
26865,2022-09-01,"Raleigh-Cary, NC",464450
26866,2022-09-01,"Oklahoma City, OK",321875
26867,2022-09-01,"Louisville/Jefferson County, KY-IN",299925
26868,2022-09-01,"Richmond, VA",381925
26869,2022-09-01,"Memphis, TN-MS-AR",316100
26870,2022-09-01,"Buffalo-Cheektowaga, NY",239900
26871,2022-09-01,"Birmingham, AL",281548
26872,2022-09-01,"Hartford-West Hartford-East Hartford, CT",384950
26873,2022-09-01,"Tucson, AZ",384123
26874,2022-09-01,"Grand Rapids-Wyoming-Kentwood, MI",362450
26875,2022-09-01,"Rochester, NY",220650
26876,2022-09-01,"Salt Lake City-Murray, UT",580250
26877,2022-09-01,"North Port-Bradenton-Sarasota, FL",548354
26878,2022-09-01,"Tulsa, OK",315589
26879,2022-09-01,"Greenville-Anderson-Greer, SC",349900
26880,2022-09-01,"Knoxville, TN",422475
26881,2022-09-01,"New Orleans-Metairie, LA",325000
26882,2022-09-01,"Omaha, NE-IA",378150
26883,2022-09-01,"Albany-Schenectady-Troy, NY",344000
26884,2022-09-01,"Albuquerque, NM",385283
26885,2022-09-01,"Fresno, CA",447450
26886,2022-09-01,"Bridgeport-Stamford-Danbury, CT",779000
26887,2022-09-01,"Cape Coral-Fort Myers, FL",465000
26888,2022-09-01,"Columbia, SC",310046
26889,2022-09-01,"Charleston-North Charleston, SC",500000
26890,2022-09-01,"Dayton-Kettering-Beavercreek, OH",209950
26891,2022-09-01,"Allentown-Bethlehem-Easton, PA-NJ",355860
26892,2022-09-01,"Baton Rouge, LA",324968
26893,2022-09-01,"Worcester, MA",459900
26894,2022-09-01,"Urban Honolulu, HI",838250
26895,2022-09-01,"Greensboro-High Point, NC",326060
26896,2022-09-01,"Lakeland-Winter Haven, FL",359999
26897,2022-09-01,"Little Rock-North Little Rock-Conway, AR",284700
26898,2022-09-01,"Deltona-Daytona Beach-Ormond Beach, FL",399450
26899,2022-09-01,"Boise City, ID",549450
26900,2022-09-01,"El Paso, TX",291225
26901,2022-09-01,"Madison, WI",405000
26902,2022-09-01,"Des Moines-West Des Moines, IA",357025
26903,2022-09-01,"Akron, OH",198000
26904,2022-09-01,"Winston-Salem, NC",315000
26905,2022-09-01,"Colorado Springs, CO",505000
26906,2022-09-01,"Bakersfield-Delano, CA",387529
26907,2022-09-01,"Palm Bay-Melbourne-Titusville, FL",380000
26908,2022-09-01,"McAllen-Edinburg-Mission, TX",269000
26909,2022-09-01,"Oxnard-Thousand Oaks-Ventura, CA",879450
26910,2022-09-01,"Syracuse, NY",219900
26911,2022-09-01,"Wichita, KS",290130
26912,2022-09-01,"Kiryas Joel-Poughkeepsie-Newburgh, NY",454500
26913,2022-09-01,"Durham-Chapel Hill, NC",465019
26914,2022-09-01,"Toledo, OH",167425
26915,2022-09-01,"Augusta-Richmond County, GA-SC",312989
26916,2022-09-01,"Stockton-Lodi, CA",581950
26917,2022-09-01,"Harrisburg-Carlisle, PA",297450
26918,2022-09-01,"Portland-South Portland, ME",542000
26919,2022-09-01,"Jackson, MS",296250
26920,2022-09-01,"Chattanooga, TN-GA",399450
26921,2022-09-01,"Spokane-Spokane Valley, WA",476125
26922,2022-09-01,"Scranton--Wilkes-Barre, PA",227000
26923,2022-09-01,"New Haven, CT",379675
26924,2022-09-01,"Fayetteville-Springdale-Rogers, AR",407500
27750,2022-08-01,"New York-Newark-Jersey City, NY-NJ",659000
27751,2022-08-01,"Los Angeles-Long Beach-Anaheim, CA",950000
27752,2022-08-01,"Chicago-Naperville-Elgin, IL-IN",349875
27753,2022-08-01,"Dallas-Fort Worth-Arlington, TX",462551
27754,2022-08-01,"Houston-Pasadena-The Woodlands, TX",382311
27755,2022-08-01,"Philadelphia-Camden-Wilmington, PA-NJ-DE-MD",339450
27756,2022-08-01,"Miami-Fort Lauderdale-West Palm Beach, FL",604250
27757,2022-08-01,"Atlanta-Sandy Springs-Roswell, GA",425000
27758,2022-08-01,"Washington-Arlington-Alexandria, DC-VA-MD-WV",574900
27759,2022-08-01,"Phoenix-Mesa-Chandler, AZ",499950
27760,2022-08-01,"Boston-Cambridge-Newton, MA-NH",725000
27761,2022-08-01,"Detroit-Warren-Dearborn, MI",272350
27762,2022-08-01,"San Francisco-Oakland-Fremont, CA",1043073
27763,2022-08-01,"Seattle-Tacoma-Bellevue, WA",774950
27764,2022-08-01,"Riverside-San Bernardino-Ontario, CA",586166
27765,2022-08-01,"Minneapolis-St. Paul-Bloomington, MN-WI",419978
27766,2022-08-01,"Tampa-St. Petersburg-Clearwater, FL",437450
27767,2022-08-01,"Denver-Aurora-Centennial, CO",636490
27768,2022-08-01,"San Diego-Chula Vista-Carlsbad, CA",897000
27769,2022-08-01,"St. Louis, MO-IL",276293
27770,2022-08-01,"Charlotte-Concord-Gastonia, NC-SC",425000
27771,2022-08-01,"Baltimore-Columbia-Towson, MD",350000
27772,2022-08-01,"Orlando-Kissimmee-Sanford, FL",453168
27773,2022-08-01,"Pittsburgh, PA",229900
27774,2022-08-01,"San Antonio-New Braunfels, TX",363089
27775,2022-08-01,"Austin-Round Rock-San Marcos, TX",575000
27776,2022-08-01,"Portland-Vancouver-Hillsboro, OR-WA",591000
27777,2022-08-01,"Cleveland, OH",219450
27778,2022-08-01,"Cincinnati, OH-KY-IN",322400
27779,2022-08-01,"Kansas City, MO-KS",387444
27780,2022-08-01,"Las Vegas-Henderson-North Las Vegas, NV",469950
27781,2022-08-01,"Sacramento-Roseville-Folsom, CA",614700
27782,2022-08-01,"Columbus, OH",336995
27783,2022-08-01,"Indianapolis-Carmel-Greenwood, IN",312500
27784,2022-08-01,"Nashville-Davidson--Murfreesboro--Franklin, TN",533120
27785,2022-08-01,"Virginia Beach-Chesapeake-Norfolk, VA-NC",349950
27786,2022-08-01,"Jacksonville, FL",420135
27787,2022-08-01,"Providence-Warwick, RI-MA",475000
27788,2022-08-01,"San Jose-Sunnyvale-Santa Clara, CA",1386500
27789,2022-08-01,"Milwaukee-Waukesha, WI",332400
27790,2022-08-01,"Raleigh-Cary, NC",487450
27791,2022-08-01,"Oklahoma City, OK",318995
27792,2022-08-01,"Louisville/Jefferson County, KY-IN",299900
27793,2022-08-01,"Richmond, VA",386853
27794,2022-08-01,"Memphis, TN-MS-AR",312629
27795,2022-08-01,"Buffalo-Cheektowaga, NY",244925
27796,2022-08-01,"Birmingham, AL",285560
27797,2022-08-01,"Hartford-West Hartford-East Hartford, CT",382000
27798,2022-08-01,"Tucson, AZ",391199
27799,2022-08-01,"Grand Rapids-Wyoming-Kentwood, MI",374950
27800,2022-08-01,"Rochester, NY",224900
27801,2022-08-01,"Salt Lake City-Murray, UT",598450
27802,2022-08-01,"North Port-Bradenton-Sarasota, FL",555000
27803,2022-08-01,"Tulsa, OK",313269
27804,2022-08-01,"Greenville-Anderson-Greer, SC",350821
27805,2022-08-01,"Knoxville, TN",413725
27806,2022-08-01,"New Orleans-Metairie, LA",327450
27807,2022-08-01,"Omaha, NE-IA",379950
27808,2022-08-01,"Albany-Schenectady-Troy, NY",351950
27809,2022-08-01,"Albuquerque, NM",394688
27810,2022-08-01,"Fresno, CA",442500
27811,2022-08-01,"Bridgeport-Stamford-Danbury, CT",804750
27812,2022-08-01,"Cape Coral-Fort Myers, FL",475000
27813,2022-08-01,"Columbia, SC",319300
27814,2022-08-01,"Charleston-North Charleston, SC",506733
27815,2022-08-01,"Dayton-Kettering-Beavercreek, OH",212583
27816,2022-08-01,"Allentown-Bethlehem-Easton, PA-NJ",354533
27817,2022-08-01,"Baton Rouge, LA",323000
27818,2022-08-01,"Worcester, MA",469900
27819,2022-08-01,"Urban Honolulu, HI",850000
27820,2022-08-01,"Greensboro-High Point, NC",325000
27821,2022-08-01,"Lakeland-Winter Haven, FL",364000
27822,2022-08-01,"Little Rock-North Little Rock-Conway, AR",278600
27823,2022-08-01,"Deltona-Daytona Beach-Ormond Beach, FL",399900
27824,2022-08-01,"Boise City, ID",552500
27825,2022-08-01,"El Paso, TX",285475
27826,2022-08-01,"Madison, WI",412425
27827,2022-08-01,"Des Moines-West Des Moines, IA",351000
27828,2022-08-01,"Akron, OH",199750
27829,2022-08-01,"Winston-Salem, NC",320493
27830,2022-08-01,"Colorado Springs, CO",517450
27831,2022-08-01,"Bakersfield-Delano, CA",389600
27832,2022-08-01,"Palm Bay-Melbourne-Titusville, FL",390000
27833,2022-08-01,"McAllen-Edinburg-Mission, TX",275000
27834,2022-08-01,"Oxnard-Thousand Oaks-Ventura, CA",892500
27835,2022-08-01,"Syracuse, NY",224125
27836,2022-08-01,"Wichita, KS",290000
27837,2022-08-01,"Kiryas Joel-Poughkeepsie-Newburgh, NY",455725
27838,2022-08-01,"Durham-Chapel Hill, NC",499000
27839,2022-08-01,"Toledo, OH",165825
27840,2022-08-01,"Augusta-Richmond County, GA-SC",313869
27841,2022-08-01,"Stockton-Lodi, CA",594795
27842,2022-08-01,"Harrisburg-Carlisle, PA",312450
27843,2022-08-01,"Portland-South Portland, ME",549950
27844,2022-08-01,"Jackson, MS",299950
27845,2022-08-01,"Chattanooga, TN-GA",396300
27846,2022-08-01,"Spokane-Spokane Valley, WA",489951
27847,2022-08-01,"Scranton--Wilkes-Barre, PA",225000
27848,2022-08-01,"New Haven, CT",384900
27849,2022-08-01,"Fayetteville-Springdale-Rogers, AR",415105
28675,2022-07-01,"New York-Newark-Jersey City, NY-NJ",669000
28676,2022-07-01,"Los Angeles-Long Beach-Anaheim, CA",970000
28677,2022-07-01,"Chicago-Naperville-Elgin, IL-IN",350000
28678,2022-07-01,"Dallas-Fort Worth-Arlington, TX",480710
28679,2022-07-01,"Houston-Pasadena-The Woodlands, TX",389990
28680,2022-07-01,"Philadelphia-Camden-Wilmington, PA-NJ-DE-MD",345000
28681,2022-07-01,"Miami-Fort Lauderdale-West Palm Beach, FL",620000
28682,2022-07-01,"Atlanta-Sandy Springs-Roswell, GA",439500
28683,2022-07-01,"Washington-Arlington-Alexandria, DC-VA-MD-WV",585000
28684,2022-07-01,"Phoenix-Mesa-Chandler, AZ",525000
28685,2022-07-01,"Boston-Cambridge-Newton, MA-NH",739900
28686,2022-07-01,"Detroit-Warren-Dearborn, MI",279900
28687,2022-07-01,"San Francisco-Oakland-Fremont, CA",1098000
28688,2022-07-01,"Seattle-Tacoma-Bellevue, WA",789950
28689,2022-07-01,"Riverside-San Bernardino-Ontario, CA",596000
28690,2022-07-01,"Minneapolis-St. Paul-Bloomington, MN-WI",424900
28691,2022-07-01,"Tampa-St. Petersburg-Clearwater, FL",444900
28692,2022-07-01,"Denver-Aurora-Centennial, CO",650000
28693,2022-07-01,"San Diego-Chula Vista-Carlsbad, CA",899900
28694,2022-07-01,"St. Louis, MO-IL",275000
28695,2022-07-01,"Charlotte-Concord-Gastonia, NC-SC",432000
28696,2022-07-01,"Baltimore-Columbia-Towson, MD",359000
28697,2022-07-01,"Orlando-Kissimmee-Sanford, FL",464000
28698,2022-07-01,"Pittsburgh, PA",235000
28699,2022-07-01,"San Antonio-New Braunfels, TX",379900
28700,2022-07-01,"Austin-Round Rock-San Marcos, TX",599800
28701,2022-07-01,"Portland-Vancouver-Hillsboro, OR-WA",599000
28702,2022-07-01,"Cleveland, OH",220000
28703,2022-07-01,"Cincinnati, OH-KY-IN",319000
28704,2022-07-01,"Kansas City, MO-KS",394925
28705,2022-07-01,"Las Vegas-Henderson-North Las Vegas, NV",484990
28706,2022-07-01,"Sacramento-Roseville-Folsom, CA",629900
28707,2022-07-01,"Columbus, OH",347000
28708,2022-07-01,"Indianapolis-Carmel-Greenwood, IN",325000
28709,2022-07-01,"Nashville-Davidson--Murfreesboro--Franklin, TN",549900
28710,2022-07-01,"Virginia Beach-Chesapeake-Norfolk, VA-NC",350000
28711,2022-07-01,"Jacksonville, FL",426963
28712,2022-07-01,"Providence-Warwick, RI-MA",479900
28713,2022-07-01,"San Jose-Sunnyvale-Santa Clara, CA",1400000
28714,2022-07-01,"Milwaukee-Waukesha, WI",325000
28715,2022-07-01,"Raleigh-Cary, NC",495000
28716,2022-07-01,"Oklahoma City, OK",315495
28717,2022-07-01,"Louisville/Jefferson County, KY-IN",299900
28718,2022-07-01,"Richmond, VA",393365
28719,2022-07-01,"Memphis, TN-MS-AR",319900
28720,2022-07-01,"Buffalo-Cheektowaga, NY",249900
28721,2022-07-01,"Birmingham, AL",299000
28722,2022-07-01,"Hartford-West Hartford-East Hartford, CT",385000
28723,2022-07-01,"Tucson, AZ",399990
28724,2022-07-01,"Grand Rapids-Wyoming-Kentwood, MI",375000
28725,2022-07-01,"Rochester, NY",229900
28726,2022-07-01,"Salt Lake City-Murray, UT",615000
28727,2022-07-01,"North Port-Bradenton-Sarasota, FL",579000
28728,2022-07-01,"Tulsa, OK",313964
28729,2022-07-01,"Greenville-Anderson-Greer, SC",353000
28730,2022-07-01,"Knoxville, TN",415000
28731,2022-07-01,"New Orleans-Metairie, LA",339000
28732,2022-07-01,"Omaha, NE-IA",380000
28733,2022-07-01,"Albany-Schenectady-Troy, NY",350000
28734,2022-07-01,"Albuquerque, NM",390000
28735,2022-07-01,"Fresno, CA",449900
28736,2022-07-01,"Bridgeport-Stamford-Danbury, CT",824950
28737,2022-07-01,"Cape Coral-Fort Myers, FL",485250
28738,2022-07-01,"Columbia, SC",319900
28739,2022-07-01,"Charleston-North Charleston, SC",524400
28740,2022-07-01,"Dayton-Kettering-Beavercreek, OH",219900
28741,2022-07-01,"Allentown-Bethlehem-Easton, PA-NJ",350000
28742,2022-07-01,"Baton Rouge, LA",325000
28743,2022-07-01,"Worcester, MA",474900
28744,2022-07-01,"Urban Honolulu, HI",850000
28745,2022-07-01,"Greensboro-High Point, NC",324900
28746,2022-07-01,"Lakeland-Winter Haven, FL",365000
28747,2022-07-01,"Little Rock-North Little Rock-Conway, AR",280000
28748,2022-07-01,"Deltona-Daytona Beach-Ormond Beach, FL",403500
28749,2022-07-01,"Boise City, ID",569900
28750,2022-07-01,"El Paso, TX",284950
28751,2022-07-01,"Madison, WI",410000
28752,2022-07-01,"Des Moines-West Des Moines, IA",350100
28753,2022-07-01,"Akron, OH",199900
28754,2022-07-01,"Winston-Salem, NC",320995
28755,2022-07-01,"Colorado Springs, CO",521674
28756,2022-07-01,"Bakersfield-Delano, CA",390000
28757,2022-07-01,"Palm Bay-Melbourne-Titusville, FL",399900
28758,2022-07-01,"McAllen-Edinburg-Mission, TX",270000
28759,2022-07-01,"Oxnard-Thousand Oaks-Ventura, CA",899900
28760,2022-07-01,"Syracuse, NY",234900
28761,2022-07-01,"Wichita, KS",280000
28762,2022-07-01,"Kiryas Joel-Poughkeepsie-Newburgh, NY",462450
28763,2022-07-01,"Durham-Chapel Hill, NC",501716
28764,2022-07-01,"Toledo, OH",169900
28765,2022-07-01,"Augusta-Richmond County, GA-SC",315000
28766,2022-07-01,"Stockton-Lodi, CA",601278
28767,2022-07-01,"Harrisburg-Carlisle, PA",298053
28768,2022-07-01,"Portland-South Portland, ME",549900
28769,2022-07-01,"Jackson, MS",306000
28770,2022-07-01,"Chattanooga, TN-GA",399000
28771,2022-07-01,"Spokane-Spokane Valley, WA",499000
28772,2022-07-01,"Scranton--Wilkes-Barre, PA",229000
28773,2022-07-01,"New Haven, CT",379900
28774,2022-07-01,"Fayetteville-Springdale-Rogers, AR",425000
29600,2022-06-01,"New York-Newark-Jersey City, NY-NJ",677000
29601,2022-06-01,"Los Angeles-Long Beach-Anaheim, CA",996500
29602,2022-06-01,"Chicago-Naperville-Elgin, IL-IN",359950
29603,2022-06-01,"Dallas-Fort Worth-Arlington, TX",490793
29604,2022-06-01,"Houston-Pasadena-The Woodlands, TX",398478
29605,2022-06-01,"Philadelphia-Camden-Wilmington, PA-NJ-DE-MD",348950
29606,2022-06-01,"Miami-Fort Lauderdale-West Palm Beach, FL",625000
29607,2022-06-01,"Atlanta-Sandy Springs-Roswell, GA",449675
29608,2022-06-01,"Washington-Arlington-Alexandria, DC-VA-MD-WV",595000
29609,2022-06-01,"Phoenix-Mesa-Chandler, AZ",547500
29610,2022-06-01,"Boston-Cambridge-Newton, MA-NH",750000
29611,2022-06-01,"Detroit-Warren-Dearborn, MI",279950
29612,2022-06-01,"San Francisco-Oakland-Fremont, CA",1146250
29613,2022-06-01,"Seattle-Tacoma-Bellevue, WA",802495
29614,2022-06-01,"Riverside-San Bernardino-Ontario, CA",599000
29615,2022-06-01,"Minneapolis-St. Paul-Bloomington, MN-WI",422400
29616,2022-06-01,"Tampa-St. Petersburg-Clearwater, FL",449450
29617,2022-06-01,"Denver-Aurora-Centennial, CO",680000
29618,2022-06-01,"San Diego-Chula Vista-Carlsbad, CA",949000
29619,2022-06-01,"St. Louis, MO-IL",279700
29620,2022-06-01,"Charlotte-Concord-Gastonia, NC-SC",445450
29621,2022-06-01,"Baltimore-Columbia-Towson, MD",364950
29622,2022-06-01,"Orlando-Kissimmee-Sanford, FL",465000
29623,2022-06-01,"Pittsburgh, PA",239175
29624,2022-06-01,"San Antonio-New Braunfels, TX",382400
29625,2022-06-01,"Austin-Round Rock-San Marcos, TX",622445
29626,2022-06-01,"Portland-Vancouver-Hillsboro, OR-WA",599995
29627,2022-06-01,"Cleveland, OH",219950
29628,2022-06-01,"Cincinnati, OH-KY-IN",325000
29629,2022-06-01,"Kansas City, MO-KS",399000
29630,2022-06-01,"Las Vegas-Henderson-North Las Vegas, NV",499450
29631,2022-06-01,"Sacramento-Roseville-Folsom, CA",643500
29632,2022-06-01,"Columbus, OH",349950
29633,2022-06-01,"Indianapolis-Carmel-Greenwood, IN",320000
29634,2022-06-01,"Nashville-Davidson--Murfreesboro--Franklin, TN",561468
29635,2022-06-01,"Virginia Beach-Chesapeake-Norfolk, VA-NC",350000
29636,2022-06-01,"Jacksonville, FL",439473
29637,2022-06-01,"Providence-Warwick, RI-MA",480450
29638,2022-06-01,"San Jose-Sunnyvale-Santa Clara, CA",1495000
29639,2022-06-01,"Milwaukee-Waukesha, WI",334900
29640,2022-06-01,"Raleigh-Cary, NC",499950
29641,2022-06-01,"Oklahoma City, OK",321945
29642,2022-06-01,"Louisville/Jefferson County, KY-IN",299900
29643,2022-06-01,"Richmond, VA",394823
29644,2022-06-01,"Memphis, TN-MS-AR",305000
29645,2022-06-01,"Buffalo-Cheektowaga, NY",244675
29646,2022-06-01,"Birmingham, AL",295075
29647,2022-06-01,"Hartford-West Hartford-East Hartford, CT",379900
29648,2022-06-01,"Tucson, AZ",409950
29649,2022-06-01,"Grand Rapids-Wyoming-Kentwood, MI",374950
29650,2022-06-01,"Rochester, NY",226625
29651,2022-06-01,"Salt Lake City-Murray, UT",632450
29652,2022-06-01,"North Port-Bradenton-Sarasota, FL",599450
29653,2022-06-01,"Tulsa, OK",299950
29654,2022-06-01,"Greenville-Anderson-Greer, SC",355337
29655,2022-06-01,"Knoxville, TN",402500
29656,2022-06-01,"New Orleans-Metairie, LA",347000
29657,2022-06-01,"Omaha, NE-IA",379995
29658,2022-06-01,"Albany-Schenectady-Troy, NY",369900
29659,2022-06-01,"Albuquerque, NM",392500
29660,2022-06-01,"Fresno, CA",452950
29661,2022-06-01,"Bridgeport-Stamford-Danbury, CT",840750
29662,2022-06-01,"Cape Coral-Fort Myers, FL",499450
29663,2022-06-01,"Columbia, SC",317300
29664,2022-06-01,"Charleston-North Charleston, SC",549000
29665,2022-06-01,"Dayton-Kettering-Beavercreek, OH",217000
29666,2022-06-01,"Allentown-Bethlehem-Easton, PA-NJ",353950
29667,2022-06-01,"Baton Rouge, LA",326900
29668,2022-06-01,"Worcester, MA",472400
29669,2022-06-01,"Urban Honolulu, HI",841750
29670,2022-06-01,"Greensboro-High Point, NC",337225
29671,2022-06-01,"Lakeland-Winter Haven, FL",369990
29672,2022-06-01,"Little Rock-North Little Rock-Conway, AR",289598
29673,2022-06-01,"Deltona-Daytona Beach-Ormond Beach, FL",417837
29674,2022-06-01,"Boise City, ID",585995
29675,2022-06-01,"El Paso, TX",281600
29676,2022-06-01,"Madison, WI",415250
29677,2022-06-01,"Des Moines-West Des Moines, IA",357123
29678,2022-06-01,"Akron, OH",199900
29679,2022-06-01,"Winston-Salem, NC",317475
29680,2022-06-01,"Colorado Springs, CO",537475
29681,2022-06-01,"Bakersfield-Delano, CA",399450
29682,2022-06-01,"Palm Bay-Melbourne-Titusville, FL",417000
29683,2022-06-01,"McAllen-Edinburg-Mission, TX",272500
29684,2022-06-01,"Oxnard-Thousand Oaks-Ventura, CA",929210
29685,2022-06-01,"Syracuse, NY",229925
29686,2022-06-01,"Wichita, KS",277475
29687,2022-06-01,"Kiryas Joel-Poughkeepsie-Newburgh, NY",468500
29688,2022-06-01,"Durham-Chapel Hill, NC",502090
29689,2022-06-01,"Toledo, OH",169950
29690,2022-06-01,"Augusta-Richmond County, GA-SC",313915
29691,2022-06-01,"Stockton-Lodi, CA",631997
29692,2022-06-01,"Harrisburg-Carlisle, PA",292450
29693,2022-06-01,"Portland-South Portland, ME",544000
29694,2022-06-01,"Jackson, MS",283200
29695,2022-06-01,"Chattanooga, TN-GA",419950
29696,2022-06-01,"Spokane-Spokane Valley, WA",517450
29697,2022-06-01,"Scranton--Wilkes-Barre, PA",225000
29698,2022-06-01,"New Haven, CT",379900
29699,2022-06-01,"Fayetteville-Springdale-Rogers, AR",435000
30525,2022-05-01,"New York-Newark-Jersey City, NY-NJ",677000
30526,2022-05-01,"Los Angeles-Long Beach-Anaheim, CA",992875
30527,2022-05-01,"Chicago-Naperville-Elgin, IL-IN",355375
30528,2022-05-01,"Dallas-Fort Worth-Arlington, TX",476203
30529,2022-05-01,"Houston-Pasadena-The Woodlands, TX",398000
30530,2022-05-01,"Philadelphia-Camden-Wilmington, PA-NJ-DE-MD",339950
30531,2022-05-01,"Miami-Fort Lauderdale-West Palm Beach, FL",622000
30532,2022-05-01,"Atlanta-Sandy Springs-Roswell, GA",429950
30533,2022-05-01,"Washington-Arlington-Alexandria, DC-VA-MD-WV",589450
30534,2022-05-01,"Phoenix-Mesa-Chandler, AZ",549450
30535,2022-05-01,"Boston-Cambridge-Newton, MA-NH",757500
30536,2022-05-01,"Detroit-Warren-Dearborn, MI",274000
30537,2022-05-01,"San Francisco-Oakland-Fremont, CA",1124000
30538,2022-05-01,"Seattle-Tacoma-Bellevue, WA",824995
30539,2022-05-01,"Riverside-San Bernardino-Ontario, CA",599000
30540,2022-05-01,"Minneapolis-St. Paul-Bloomington, MN-WI",424900
30541,2022-05-01,"Tampa-St. Petersburg-Clearwater, FL",439625
30542,2022-05-01,"Denver-Aurora-Centennial, CO",695000
30543,2022-05-01,"San Diego-Chula Vista-Carlsbad, CA",926750
30544,2022-05-01,"St. Louis, MO-IL",275400
30545,2022-05-01,"Charlotte-Concord-Gastonia, NC-SC",432474
30546,2022-05-01,"Baltimore-Columbia-Towson, MD",349950
30547,2022-05-01,"Orlando-Kissimmee-Sanford, FL",450000
30548,2022-05-01,"Pittsburgh, PA",237000
30549,2022-05-01,"San Antonio-New Braunfels, TX",379495
30550,2022-05-01,"Austin-Round Rock-San Marcos, TX",629479
30551,2022-05-01,"Portland-Vancouver-Hillsboro, OR-WA",597450
30552,2022-05-01,"Cleveland, OH",210000
30553,2022-05-01,"Cincinnati, OH-KY-IN",324950
30554,2022-05-01,"Kansas City, MO-KS",399900
30555,2022-05-01,"Las Vegas-Henderson-North Las Vegas, NV",499900
30556,2022-05-01,"Sacramento-Roseville-Folsom, CA",649500
30557,2022-05-01,"Columbus, OH",349000
30558,2022-05-01,"Indianapolis-Carmel-Greenwood, IN",318327
30559,2022-05-01,"Nashville-Davidson--Murfreesboro--Franklin, TN",549800
30560,2022-05-01,"Virginia Beach-Chesapeake-Norfolk, VA-NC",350000
30561,2022-05-01,"Jacksonville, FL",427950
30562,2022-05-01,"Providence-Warwick, RI-MA",472450
30563,2022-05-01,"San Jose-Sunnyvale-Santa Clara, CA",1496500
30564,2022-05-01,"Milwaukee-Waukesha, WI",322450
30565,2022-05-01,"Raleigh-Cary, NC",494500
30566,2022-05-01,"Oklahoma City, OK",325766
30567,2022-05-01,"Louisville/Jefferson County, KY-IN",299425
30568,2022-05-01,"Richmond, VA",381801
30569,2022-05-01,"Memphis, TN-MS-AR",292500
30570,2022-05-01,"Buffalo-Cheektowaga, NY",238950
30571,2022-05-01,"Birmingham, AL",289900
30572,2022-05-01,"Hartford-West Hartford-East Hartford, CT",369900
30573,2022-05-01,"Tucson, AZ",407000
30574,2022-05-01,"Grand Rapids-Wyoming-Kentwood, MI",359950
30575,2022-05-01,"Rochester, NY",219450
30576,2022-05-01,"Salt Lake City-Murray, UT",637500
30577,2022-05-01,"North Port-Bradenton-Sarasota, FL",599450
30578,2022-05-01,"Tulsa, OK",297500
30579,2022-05-01,"Greenville-Anderson-Greer, SC",356494
30580,2022-05-01,"Knoxville, TN",399950
30581,2022-05-01,"New Orleans-Metairie, LA",342500
30582,2022-05-01,"Omaha, NE-IA",377741
30583,2022-05-01,"Albany-Schenectady-Troy, NY",369900
30584,2022-05-01,"Albuquerque, NM",393581
30585,2022-05-01,"Fresno, CA",454997
30586,2022-05-01,"Bridgeport-Stamford-Danbury, CT",849000
30587,2022-05-01,"Cape Coral-Fort Myers, FL",499000
30588,2022-05-01,"Columbia, SC",312866
30589,2022-05-01,"Charleston-North Charleston, SC",546000
30590,2022-05-01,"Dayton-Kettering-Beavercreek, OH",207475
30591,2022-05-01,"Allentown-Bethlehem-Easton, PA-NJ",349900
30592,2022-05-01,"Baton Rouge, LA",325700
30593,2022-05-01,"Worcester, MA",495000
30594,2022-05-01,"Urban Honolulu, HI",809000
30595,2022-05-01,"Greensboro-High Point, NC",319500
30596,2022-05-01,"Lakeland-Winter Haven, FL",364805
30597,2022-05-01,"Little Rock-North Little Rock-Conway, AR",289900
30598,2022-05-01,"Deltona-Daytona Beach-Ormond Beach, FL",402500
30599,2022-05-01,"Boise City, ID",618450
30600,2022-05-01,"El Paso, TX",282600
30601,2022-05-01,"Madison, WI",407450
30602,2022-05-01,"Des Moines-West Des Moines, IA",355256
30603,2022-05-01,"Akron, OH",187400
30604,2022-05-01,"Winston-Salem, NC",304498
30605,2022-05-01,"Colorado Springs, CO",537171
30606,2022-05-01,"Bakersfield-Delano, CA",389487
30607,2022-05-01,"Palm Bay-Melbourne-Titusville, FL",402470
30608,2022-05-01,"McAllen-Edinburg-Mission, TX",275000
30609,2022-05-01,"Oxnard-Thousand Oaks-Ventura, CA",914825
30610,2022-05-01,"Syracuse, NY",217450
30611,2022-05-01,"Wichita, KS",269950
30612,2022-05-01,"Kiryas Joel-Poughkeepsie-Newburgh, NY",459900
30613,2022-05-01,"Durham-Chapel Hill, NC",501971
30614,2022-05-01,"Toledo, OH",168450
30615,2022-05-01,"Augusta-Richmond County, GA-SC",307370
30616,2022-05-01,"Stockton-Lodi, CA",627000
30617,2022-05-01,"Harrisburg-Carlisle, PA",277450
30618,2022-05-01,"Portland-South Portland, ME",532500
30619,2022-05-01,"Jackson, MS",282000
30620,2022-05-01,"Chattanooga, TN-GA",437450
30621,2022-05-01,"Spokane-Spokane Valley, WA",509625
30622,2022-05-01,"Scranton--Wilkes-Barre, PA",219225
30623,2022-05-01,"New Haven, CT",370225
30624,2022-05-01,"Fayetteville-Springdale-Rogers, AR",424125
31450,2022-04-01,"New York-Newark-Jersey City, NY-NJ",669000
31451,2022-04-01,"Los Angeles-Long Beach-Anaheim, CA",980000
31452,2022-04-01,"Chicago-Naperville-Elgin, IL-IN",349900
31453,2022-04-01,"Dallas-Fort Worth-Arlington, TX",441900
31454,2022-04-01,"Houston-Pasadena-The Woodlands, TX",389000
31455,2022-04-01,"Philadelphia-Camden-Wilmington, PA-NJ-DE-MD",325000
31456,2022-04-01,"Miami-Fort Lauderdale-West Palm Beach, FL",577500
31457,2022-04-01,"Atlanta-Sandy Springs-Roswell, GA",415000
31458,2022-04-01,"Washington-Arlington-Alexandria, DC-VA-MD-WV",569900
31459,2022-04-01,"Phoenix-Mesa-Chandler, AZ",525000
31460,2022-04-01,"Boston-Cambridge-Newton, MA-NH",749000
31461,2022-04-01,"Detroit-Warren-Dearborn, MI",249900
31462,2022-04-01,"San Francisco-Oakland-Fremont, CA",1098000
31463,2022-04-01,"Seattle-Tacoma-Bellevue, WA",799950
31464,2022-04-01,"Riverside-San Bernardino-Ontario, CA",594000
31465,2022-04-01,"Minneapolis-St. Paul-Bloomington, MN-WI",417995
31466,2022-04-01,"Tampa-St. Petersburg-Clearwater, FL",421000
31467,2022-04-01,"Denver-Aurora-Centennial, CO",677000
31468,2022-04-01,"San Diego-Chula Vista-Carlsbad, CA",900000
31469,2022-04-01,"St. Louis, MO-IL",269900
31470,2022-04-01,"Charlotte-Concord-Gastonia, NC-SC",415000
31471,2022-04-01,"Baltimore-Columbia-Towson, MD",329900
31472,2022-04-01,"Orlando-Kissimmee-Sanford, FL",429900
31473,2022-04-01,"Pittsburgh, PA",224900
31474,2022-04-01,"San Antonio-New Braunfels, TX",360000
31475,2022-04-01,"Austin-Round Rock-San Marcos, TX",625000
31476,2022-04-01,"Portland-Vancouver-Hillsboro, OR-WA",585000
31477,2022-04-01,"Cleveland, OH",190000
31478,2022-04-01,"Cincinnati, OH-KY-IN",324900
31479,2022-04-01,"Kansas City, MO-KS",380000
31480,2022-04-01,"Las Vegas-Henderson-North Las Vegas, NV",495000
31481,2022-04-01,"Sacramento-Roseville-Folsom, CA",649000
31482,2022-04-01,"Columbus, OH",329900
31483,2022-04-01,"Indianapolis-Carmel-Greenwood, IN",299900
31484,2022-04-01,"Nashville-Davidson--Murfreesboro--Franklin, TN",525000
31485,2022-04-01,"Virginia Beach-Chesapeake-Norfolk, VA-NC",340000
31486,2022-04-01,"Jacksonville, FL",410000
31487,2022-04-01,"Providence-Warwick, RI-MA",474999
31488,2022-04-01,"San Jose-Sunnyvale-Santa Clara, CA",1439000
31489,2022-04-01,"Milwaukee-Waukesha, WI",299900
31490,2022-04-01,"Raleigh-Cary, NC",478503
31491,2022-04-01,"Oklahoma City, OK",314490
31492,2022-04-01,"Louisville/Jefferson County, KY-IN",295000
31493,2022-04-01,"Richmond, VA",371925
31494,2022-04-01,"Memphis, TN-MS-AR",246500
31495,2022-04-01,"Buffalo-Cheektowaga, NY",225000
31496,2022-04-01,"Birmingham, AL",275000
31497,2022-04-01,"Hartford-West Hartford-East Hartford, CT",354900
31498,2022-04-01,"Tucson, AZ",399500
31499,2022-04-01,"Grand Rapids-Wyoming-Kentwood, MI",349900
31500,2022-04-01,"Rochester, NY",199900
31501,2022-04-01,"Salt Lake City-Murray, UT",624950
31502,2022-04-01,"North Port-Bradenton-Sarasota, FL",599000
31503,2022-04-01,"Tulsa, OK",295000
31504,2022-04-01,"Greenville-Anderson-Greer, SC",353655
31505,2022-04-01,"Knoxville, TN",389900
31506,2022-04-01,"New Orleans-Metairie, LA",344450
31507,2022-04-01,"Omaha, NE-IA",375000
31508,2022-04-01,"Albany-Schenectady-Troy, NY",369900
31509,2022-04-01,"Albuquerque, NM",379000
31510,2022-04-01,"Fresno, CA",449000
31511,2022-04-01,"Bridgeport-Stamford-Danbury, CT",859500
31512,2022-04-01,"Cape Coral-Fort Myers, FL",495000
31513,2022-04-01,"Columbia, SC",306066
31514,2022-04-01,"Charleston-North Charleston, SC",530000
31515,2022-04-01,"Dayton-Kettering-Beavercreek, OH",199900
31516,2022-04-01,"Allentown-Bethlehem-Easton, PA-NJ",328880
31517,2022-04-01,"Baton Rouge, LA",340000
31518,2022-04-01,"Worcester, MA",470000
31519,2022-04-01,"Urban Honolulu, HI",775000
31520,2022-04-01,"Greensboro-High Point, NC",299000
31521,2022-04-01,"Lakeland-Winter Haven, FL",350000
31522,2022-04-01,"Little Rock-North Little Rock-Conway, AR",285000
31523,2022-04-01,"Deltona-Daytona Beach-Ormond Beach, FL",399900
31524,2022-04-01,"Boise City, ID",610990
31525,2022-04-01,"El Paso, TX",280000
31526,2022-04-01,"Madison, WI",405500
31527,2022-04-01,"Des Moines-West Des Moines, IA",359900
31528,2022-04-01,"Akron, OH",179900
31529,2022-04-01,"Winston-Salem, NC",299900
31530,2022-04-01,"Colorado Springs, CO",515000
31531,2022-04-01,"Bakersfield-Delano, CA",365000
31532,2022-04-01,"Palm Bay-Melbourne-Titusville, FL",390000
31533,2022-04-01,"McAllen-Edinburg-Mission, TX",258495
31534,2022-04-01,"Oxnard-Thousand Oaks-Ventura, CA",899900
31535,2022-04-01,"Syracuse, NY",199900
31536,2022-04-01,"Wichita, KS",268500
31537,2022-04-01,"Kiryas Joel-Poughkeepsie-Newburgh, NY",465000
31538,2022-04-01,"Durham-Chapel Hill, NC",495000
31539,2022-04-01,"Toledo, OH",163700
31540,2022-04-01,"Augusta-Richmond County, GA-SC",290000
31541,2022-04-01,"Stockton-Lodi, CA",600000
31542,2022-04-01,"Harrisburg-Carlisle, PA",289900
31543,2022-04-01,"Portland-South Portland, ME",525000
31544,2022-04-01,"Jackson, MS",304999
31545,2022-04-01,"Chattanooga, TN-GA",422450
31546,2022-04-01,"Spokane-Spokane Valley, WA",500000
31547,2022-04-01,"Scranton--Wilkes-Barre, PA",217000
31548,2022-04-01,"New Haven, CT",369900
31549,2022-04-01,"Fayetteville-Springdale-Rogers, AR",429900
32375,2022-03-01,"New York-Newark-Jersey City, NY-NJ",649995
32376,2022-03-01,"Los Angeles-Long Beach-Anaheim, CA",975000
32377,2022-03-01,"Chicago-Naperville-Elgin, IL-IN",332500
32378,2022-03-01,"Dallas-Fort Worth-Arlington, TX",425000
32379,2022-03-01,"Houston-Pasadena-The Woodlands, TX",372500
32380,2022-03-01,"Philadelphia-Camden-Wilmington, PA-NJ-DE-MD",312000
32381,2022-03-01,"Miami-Fort Lauderdale-West Palm Beach, FL",544500
32382,2022-03-01,"Atlanta-Sandy Springs-Roswell, GA",399450
32383,2022-03-01,"Washington-Arlington-Alexandria, DC-VA-MD-WV",547448
32384,2022-03-01,"Phoenix-Mesa-Chandler, AZ",500950
32385,2022-03-01,"Boston-Cambridge-Newton, MA-NH",749450
32386,2022-03-01,"Detroit-Warren-Dearborn, MI",227450
32387,2022-03-01,"San Francisco-Oakland-Fremont, CA",1047500
32388,2022-03-01,"Seattle-Tacoma-Bellevue, WA",749950
32389,2022-03-01,"Riverside-San Bernardino-Ontario, CA",573500
32390,2022-03-01,"Minneapolis-St. Paul-Bloomington, MN-WI",415677
32391,2022-03-01,"Tampa-St. Petersburg-Clearwater, FL",399950
32392,2022-03-01,"Denver-Aurora-Centennial, CO",662225
32393,2022-03-01,"San Diego-Chula Vista-Carlsbad, CA",881500
32394,2022-03-01,"St. Louis, MO-IL",270100
32395,2022-03-01,"Charlotte-Concord-Gastonia, NC-SC",404000
32396,2022-03-01,"Baltimore-Columbia-Towson, MD",324850
32397,2022-03-01,"Orlando-Kissimmee-Sanford, FL",412500
32398,2022-03-01,"Pittsburgh, PA",217450
32399,2022-03-01,"San Antonio-New Braunfels, TX",344500
32400,2022-03-01,"Austin-Round Rock-San Marcos, TX",600000
32401,2022-03-01,"Portland-Vancouver-Hillsboro, OR-WA",573950
32402,2022-03-01,"Cleveland, OH",187900
32403,2022-03-01,"Cincinnati, OH-KY-IN",319950
32404,2022-03-01,"Kansas City, MO-KS",386325
32405,2022-03-01,"Las Vegas-Henderson-North Las Vegas, NV",482500
32406,2022-03-01,"Sacramento-Roseville-Folsom, CA",629475
32407,2022-03-01,"Columbus, OH",334900
32408,2022-03-01,"Indianapolis-Carmel-Greenwood, IN",297500
32409,2022-03-01,"Nashville-Davidson--Murfreesboro--Franklin, TN",499900
32410,2022-03-01,"Virginia Beach-Chesapeake-Norfolk, VA-NC",327475
32411,2022-03-01,"Jacksonville, FL",395925
32412,2022-03-01,"Providence-Warwick, RI-MA",442225
32413,2022-03-01,"San Jose-Sunnyvale-Santa Clara, CA",1399500
32414,2022-03-01,"Milwaukee-Waukesha, WI",289950
32415,2022-03-01,"Raleigh-Cary, NC",450250
32416,2022-03-01,"Oklahoma City, OK",339428
32417,2022-03-01,"Louisville/Jefferson County, KY-IN",292450
32418,2022-03-01,"Richmond, VA",359778
32419,2022-03-01,"Memphis, TN-MS-AR",224950
32420,2022-03-01,"Buffalo-Cheektowaga, NY",219900
32421,2022-03-01,"Birmingham, AL",260725
32422,2022-03-01,"Hartford-West Hartford-East Hartford, CT",358175
32423,2022-03-01,"Tucson, AZ",388494
32424,2022-03-01,"Grand Rapids-Wyoming-Kentwood, MI",336950
32425,2022-03-01,"Rochester, NY",214394
32426,2022-03-01,"Salt Lake City-Murray, UT",582500
32427,2022-03-01,"North Port-Bradenton-Sarasota, FL",576665
32428,2022-03-01,"Tulsa, OK",272185
32429,2022-03-01,"Greenville-Anderson-Greer, SC",342450
32430,2022-03-01,"Knoxville, TN",371500
32431,2022-03-01,"New Orleans-Metairie, LA",347000
32432,2022-03-01,"Omaha, NE-IA",384838
32433,2022-03-01,"Albany-Schenectady-Troy, NY",369900
32434,2022-03-01,"Albuquerque, NM",369595
32435,2022-03-01,"Fresno, CA",434950
32436,2022-03-01,"Bridgeport-Stamford-Danbury, CT",899000
32437,2022-03-01,"Cape Coral-Fort Myers, FL",488500
32438,2022-03-01,"Columbia, SC",305830
32439,2022-03-01,"Charleston-North Charleston, SC",516238
32440,2022-03-01,"Dayton-Kettering-Beavercreek, OH",199950
32441,2022-03-01,"Allentown-Bethlehem-Easton, PA-NJ",309250
32442,2022-03-01,"Baton Rouge, LA",346275
32443,2022-03-01,"Worcester, MA",457500
32444,2022-03-01,"Urban Honolulu, HI",726750
32445,2022-03-01,"Greensboro-High Point, NC",278950
32446,2022-03-01,"Lakeland-Winter Haven, FL",342900
32447,2022-03-01,"Little Rock-North Little Rock-Conway, AR",251575
32448,2022-03-01,"Deltona-Daytona Beach-Ormond Beach, FL",381495
32449,2022-03-01,"Boise City, ID",592495
32450,2022-03-01,"El Paso, TX",275000
32451,2022-03-01,"Madison, WI",399913
32452,2022-03-01,"Des Moines-West Des Moines, IA",351450
32453,2022-03-01,"Akron, OH",171950
32454,2022-03-01,"Winston-Salem, NC",287450
32455,2022-03-01,"Colorado Springs, CO",487552
32456,2022-03-01,"Bakersfield-Delano, CA",359500
32457,2022-03-01,"Palm Bay-Melbourne-Titusville, FL",373126
32458,2022-03-01,"McAllen-Edinburg-Mission, TX",258901
32459,2022-03-01,"Oxnard-Thousand Oaks-Ventura, CA",928536
32460,2022-03-01,"Syracuse, NY",195450
32461,2022-03-01,"Wichita, KS",254900
32462,2022-03-01,"Kiryas Joel-Poughkeepsie-Newburgh, NY",444500
32463,2022-03-01,"Durham-Chapel Hill, NC",491200
32464,2022-03-01,"Toledo, OH",153325
32465,2022-03-01,"Augusta-Richmond County, GA-SC",281503
32466,2022-03-01,"Stockton-Lodi, CA",595000
32467,2022-03-01,"Harrisburg-Carlisle, PA",262450
32468,2022-03-01,"Portland-South Portland, ME",520000
32469,2022-03-01,"Jackson, MS",305000
32470,2022-03-01,"Chattanooga, TN-GA",350000
32471,2022-03-01,"Spokane-Spokane Valley, WA",479995
32472,2022-03-01,"Scranton--Wilkes-Barre, PA",188450
32473,2022-03-01,"New Haven, CT",377450
32474,2022-03-01,"Fayetteville-Springdale-Rogers, AR",410950
33300,2022-02-01,"New York-Newark-Jersey City, NY-NJ",644000
33301,2022-02-01,"Los Angeles-Long Beach-Anaheim, CA",949000
33302,2022-02-01,"Chicago-Naperville-Elgin, IL-IN",324500
33303,2022-02-01,"Dallas-Fort Worth-Arlington, TX",412000
33304,2022-02-01,"Houston-Pasadena-The Woodlands, TX",360760
33305,2022-02-01,"Philadelphia-Camden-Wilmington, PA-NJ-DE-MD",299950
33306,2022-02-01,"Miami-Fort Lauderdale-West Palm Beach, FL",522450
33307,2022-02-01,"Atlanta-Sandy Springs-Roswell, GA",393281
33308,2022-02-01,"Washington-Arlington-Alexandria, DC-VA-MD-WV",529995
33309,2022-02-01,"Phoenix-Mesa-Chandler, AZ",499950
33310,2022-02-01,"Boston-Cambridge-Newton, MA-NH",749000
33311,2022-02-01,"Detroit-Warren-Dearborn, MI",216100
33312,2022-02-01,"San Francisco-Oakland-Fremont, CA",992000
33313,2022-02-01,"Seattle-Tacoma-Bellevue, WA",722450
33314,2022-02-01,"Riverside-San Bernardino-Ontario, CA",550000
33315,2022-02-01,"Minneapolis-St. Paul-Bloomington, MN-WI",399643
33316,2022-02-01,"Tampa-St. Petersburg-Clearwater, FL",395794
33317,2022-02-01,"Denver-Aurora-Centennial, CO",647500
33318,2022-02-01,"San Diego-Chula Vista-Carlsbad, CA",850000
33319,2022-02-01,"St. Louis, MO-IL",262450
33320,2022-02-01,"Charlotte-Concord-Gastonia, NC-SC",398000
33321,2022-02-01,"Baltimore-Columbia-Towson, MD",299950
33322,2022-02-01,"Orlando-Kissimmee-Sanford, FL",397500
33323,2022-02-01,"Pittsburgh, PA",210000
33324,2022-02-01,"San Antonio-New Braunfels, TX",335819
33325,2022-02-01,"Austin-Round Rock-San Marcos, TX",577497
33326,2022-02-01,"Portland-Vancouver-Hillsboro, OR-WA",561950
33327,2022-02-01,"Cleveland, OH",174950
33328,2022-02-01,"Cincinnati, OH-KY-IN",322000
33329,2022-02-01,"Kansas City, MO-KS",387474
33330,2022-02-01,"Las Vegas-Henderson-North Las Vegas, NV",475000
33331,2022-02-01,"Sacramento-Roseville-Folsom, CA",628125
33332,2022-02-01,"Columbus, OH",325000
33333,2022-02-01,"Indianapolis-Carmel-Greenwood, IN",292500
33334,2022-02-01,"Nashville-Davidson--Murfreesboro--Franklin, TN",472000
33335,2022-02-01,"Virginia Beach-Chesapeake-Norfolk, VA-NC",319950
33336,2022-02-01,"Jacksonville, FL",380000
33337,2022-02-01,"Providence-Warwick, RI-MA",457400
33338,2022-02-01,"San Jose-Sunnyvale-Santa Clara, CA",1356500
33339,2022-02-01,"Milwaukee-Waukesha, WI",267900
33340,2022-02-01,"Raleigh-Cary, NC",433157
33341,2022-02-01,"Oklahoma City, OK",329170
33342,2022-02-01,"Louisville/Jefferson County, KY-IN",282400
33343,2022-02-01,"Richmond, VA",367495
33344,2022-02-01,"Memphis, TN-MS-AR",225000
33345,2022-02-01,"Buffalo-Cheektowaga, NY",209950
33346,2022-02-01,"Birmingham, AL",259000
33347,2022-02-01,"Hartford-West Hartford-East Hartford, CT",372000
33348,2022-02-01,"Tucson, AZ",375505
33349,2022-02-01,"Grand Rapids-Wyoming-Kentwood, MI",341500
33350,2022-02-01,"Rochester, NY",222000
33351,2022-02-01,"Salt Lake City-Murray, UT",555000
33352,2022-02-01,"North Port-Bradenton-Sarasota, FL",556353
33353,2022-02-01,"Tulsa, OK",273310
33354,2022-02-01,"Greenville-Anderson-Greer, SC",345000
33355,2022-02-01,"Knoxville, TN",375000
33356,2022-02-01,"New Orleans-Metairie, LA",340250
33357,2022-02-01,"Omaha, NE-IA",392050
33358,2022-02-01,"Albany-Schenectady-Troy, NY",367750
33359,2022-02-01,"Albuquerque, NM",371870
33360,2022-02-01,"Fresno, CA",420000
33361,2022-02-01,"Bridgeport-Stamford-Danbury, CT",891000
33362,2022-02-01,"Cape Coral-Fort Myers, FL",468125
33363,2022-02-01,"Columbia, SC",302030
33364,2022-02-01,"Charleston-North Charleston, SC",509900
33365,2022-02-01,"Dayton-Kettering-Beavercreek, OH",194950
33366,2022-02-01,"Allentown-Bethlehem-Easton, PA-NJ",297450
33367,2022-02-01,"Baton Rouge, LA",337225
33368,2022-02-01,"Worcester, MA",450000
33369,2022-02-01,"Urban Honolulu, HI",696750
33370,2022-02-01,"Greensboro-High Point, NC",275000
33371,2022-02-01,"Lakeland-Winter Haven, FL",331033
33372,2022-02-01,"Little Rock-North Little Rock-Conway, AR",241925
33373,2022-02-01,"Deltona-Daytona Beach-Ormond Beach, FL",375000
33374,2022-02-01,"Boise City, ID",586900
33375,2022-02-01,"El Paso, TX",267656
33376,2022-02-01,"Madison, WI",399900
33377,2022-02-01,"Des Moines-West Des Moines, IA",349900
33378,2022-02-01,"Akron, OH",155000
33379,2022-02-01,"Winston-Salem, NC",292375
33380,2022-02-01,"Colorado Springs, CO",482576
33381,2022-02-01,"Bakersfield-Delano, CA",349450
33382,2022-02-01,"Palm Bay-Melbourne-Titusville, FL",373361
33383,2022-02-01,"McAllen-Edinburg-Mission, TX",258950
33384,2022-02-01,"Oxnard-Thousand Oaks-Ventura, CA",895950
33385,2022-02-01,"Syracuse, NY",184950
33386,2022-02-01,"Wichita, KS",252450
33387,2022-02-01,"Kiryas Joel-Poughkeepsie-Newburgh, NY",432500
33388,2022-02-01,"Durham-Chapel Hill, NC",478500
33389,2022-02-01,"Toledo, OH",134925
33390,2022-02-01,"Augusta-Richmond County, GA-SC",284900
33391,2022-02-01,"Stockton-Lodi, CA",565000
33392,2022-02-01,"Harrisburg-Carlisle, PA",261950
33393,2022-02-01,"Portland-South Portland, ME",530500
33394,2022-02-01,"Jackson, MS",295175
33395,2022-02-01,"Chattanooga, TN-GA",358720
33396,2022-02-01,"Spokane-Spokane Valley, WA",480480
33397,2022-02-01,"Scranton--Wilkes-Barre, PA",179450
33398,2022-02-01,"New Haven, CT",375000
33399,2022-02-01,"Fayetteville-Springdale-Rogers, AR",400000
34225,2022-01-01,"New York-Newark-Jersey City, NY-NJ",625000
34226,2022-01-01,"Los Angeles-Long Beach-Anaheim, CA",920000
34227,2022-01-01,"Chicago-Naperville-Elgin, IL-IN",314500
34228,2022-01-01,"Dallas-Fort Worth-Arlington, TX",403900
34229,2022-01-01,"Houston-Pasadena-The Woodlands, TX",355990
34230,2022-01-01,"Philadelphia-Camden-Wilmington, PA-NJ-DE-MD",299900
34231,2022-01-01,"Miami-Fort Lauderdale-West Palm Beach, FL",495000
34232,2022-01-01,"Atlanta-Sandy Springs-Roswell, GA",389900
34233,2022-01-01,"Washington-Arlington-Alexandria, DC-VA-MD-WV",505000
34234,2022-01-01,"Phoenix-Mesa-Chandler, AZ",499000
34235,2022-01-01,"Boston-Cambridge-Newton, MA-NH",718000
34236,2022-01-01,"Detroit-Warren-Dearborn, MI",205000
34237,2022-01-01,"San Francisco-Oakland-Fremont, CA",949000
34238,2022-01-01,"Seattle-Tacoma-Bellevue, WA",685000
34239,2022-01-01,"Riverside-San Bernardino-Ontario, CA",545000
34240,2022-01-01,"Minneapolis-St. Paul-Bloomington, MN-WI",372500
34241,2022-01-01,"Tampa-St. Petersburg-Clearwater, FL",385000
34242,2022-01-01,"Denver-Aurora-Centennial, CO",640000
34243,2022-01-01,"San Diego-Chula Vista-Carlsbad, CA",848500
34244,2022-01-01,"St. Louis, MO-IL",243900
34245,2022-01-01,"Charlotte-Concord-Gastonia, NC-SC",399500
34246,2022-01-01,"Baltimore-Columbia-Towson, MD",295500
34247,2022-01-01,"Orlando-Kissimmee-Sanford, FL",397500
34248,2022-01-01,"Pittsburgh, PA",200000
34249,2022-01-01,"San Antonio-New Braunfels, TX",339542
34250,2022-01-01,"Austin-Round Rock-San Marcos, TX",549000
34251,2022-01-01,"Portland-Vancouver-Hillsboro, OR-WA",550000
34252,2022-01-01,"Cleveland, OH",175000
34253,2022-01-01,"Cincinnati, OH-KY-IN",299900
34254,2022-01-01,"Kansas City, MO-KS",365000
34255,2022-01-01,"Las Vegas-Henderson-North Las Vegas, NV",465000
34256,2022-01-01,"Sacramento-Roseville-Folsom, CA",619900
34257,2022-01-01,"Columbus, OH",299900
34258,2022-01-01,"Indianapolis-Carmel-Greenwood, IN",279900
34259,2022-01-01,"Nashville-Davidson--Murfreesboro--Franklin, TN",453000
34260,2022-01-01,"Virginia Beach-Chesapeake-Norfolk, VA-NC",313980
34261,2022-01-01,"Jacksonville, FL",375000
34262,2022-01-01,"Providence-Warwick, RI-MA",450000
34263,2022-01-01,"San Jose-Sunnyvale-Santa Clara, CA",1298888
34264,2022-01-01,"Milwaukee-Waukesha, WI",259900
34265,2022-01-01,"Raleigh-Cary, NC",425500
34266,2022-01-01,"Oklahoma City, OK",309700
34267,2022-01-01,"Louisville/Jefferson County, KY-IN",265000
34268,2022-01-01,"Richmond, VA",367252
34269,2022-01-01,"Memphis, TN-MS-AR",219900
34270,2022-01-01,"Buffalo-Cheektowaga, NY",210750
34271,2022-01-01,"Birmingham, AL",264400
34272,2022-01-01,"Hartford-West Hartford-East Hartford, CT",359900
34273,2022-01-01,"Tucson, AZ",364995
34274,2022-01-01,"Grand Rapids-Wyoming-Kentwood, MI",325000
34275,2022-01-01,"Rochester, NY",199900
34276,2022-01-01,"Salt Lake City-Murray, UT",565000
34277,2022-01-01,"North Port-Bradenton-Sarasota, FL",534680
34278,2022-01-01,"Tulsa, OK",260000
34279,2022-01-01,"Greenville-Anderson-Greer, SC",329000
34280,2022-01-01,"Knoxville, TN",350000
34281,2022-01-01,"New Orleans-Metairie, LA",339000
34282,2022-01-01,"Omaha, NE-IA",375000
34283,2022-01-01,"Albany-Schenectady-Troy, NY",349900
34284,2022-01-01,"Albuquerque, NM",369000
34285,2022-01-01,"Fresno, CA",439000
34286,2022-01-01,"Bridgeport-Stamford-Danbury, CT",797900
34287,2022-01-01,"Cape Coral-Fort Myers, FL",430000
34288,2022-01-01,"Columbia, SC",299990
34289,2022-01-01,"Charleston-North Charleston, SC",480000
34290,2022-01-01,"Dayton-Kettering-Beavercreek, OH",179900
34291,2022-01-01,"Allentown-Bethlehem-Easton, PA-NJ",307500
34292,2022-01-01,"Baton Rouge, LA",329995
34293,2022-01-01,"Worcester, MA",430000
34294,2022-01-01,"Urban Honolulu, HI",695000
34295,2022-01-01,"Greensboro-High Point, NC",274900
34296,2022-01-01,"Lakeland-Winter Haven, FL",325000
34297,2022-01-01,"Little Rock-North Little Rock-Conway, AR",238900
34298,2022-01-01,"Deltona-Daytona Beach-Ormond Beach, FL",349900
34299,2022-01-01,"Boise City, ID",559900
34300,2022-01-01,"El Paso, TX",261500
34301,2022-01-01,"Madison, WI",389900
34302,2022-01-01,"Des Moines-West Des Moines, IA",327183
34303,2022-01-01,"Akron, OH",149250
34304,2022-01-01,"Winston-Salem, NC",290609
34305,2022-01-01,"Colorado Springs, CO",490760
34306,2022-01-01,"Bakersfield-Delano, CA",339500
34307,2022-01-01,"Palm Bay-Melbourne-Titusville, FL",369250
34308,2022-01-01,"McAllen-Edinburg-Mission, TX",259000
34309,2022-01-01,"Oxnard-Thousand Oaks-Ventura, CA",898900
34310,2022-01-01,"Syracuse, NY",188500
34311,2022-01-01,"Wichita, KS",244965
34312,2022-01-01,"Kiryas Joel-Poughkeepsie-Newburgh, NY",420000
34313,2022-01-01,"Durham-Chapel Hill, NC",469950
34314,2022-01-01,"Toledo, OH",135000
34315,2022-01-01,"Augusta-Richmond County, GA-SC",281670
34316,2022-01-01,"Stockton-Lodi, CA",548250
34317,2022-01-01,"Harrisburg-Carlisle, PA",234500
34318,2022-01-01,"Portland-South Portland, ME",498900
34319,2022-01-01,"Jackson, MS",270000
34320,2022-01-01,"Chattanooga, TN-GA",345000
34321,2022-01-01,"Spokane-Spokane Valley, WA",480825
34322,2022-01-01,"Scranton--Wilkes-Barre, PA",175000
34323,2022-01-01,"New Haven, CT",349900
34324,2022-01-01,"Fayetteville-Springdale-Rogers, AR",385000
35150,2021-12-01,"New York-Newark-Jersey City, NY-NJ",625000
35151,2021-12-01,"Los Angeles-Long Beach-Anaheim, CA",909725
35152,2021-12-01,"Chicago-Naperville-Elgin, IL-IN",312500
35153,2021-12-01,"Dallas-Fort Worth-Arlington, TX",400000
35154,2021-12-01,"Houston-Pasadena-The Woodlands, TX",359750
35155,2021-12-01,"Philadelphia-Camden-Wilmington, PA-NJ-DE-MD",299950
35156,2021-12-01,"Miami-Fort Lauderdale-West Palm Beach, FL",492000
35157,2021-12-01,"Atlanta-Sandy Springs-Roswell, GA",390746
35158,2021-12-01,"Washington-Arlington-Alexandria, DC-VA-MD-WV",502500
35159,2021-12-01,"Phoenix-Mesa-Chandler, AZ",487000
35160,2021-12-01,"Boston-Cambridge-Newton, MA-NH",692000
35161,2021-12-01,"Detroit-Warren-Dearborn, MI",216950
35162,2021-12-01,"San Francisco-Oakland-Fremont, CA",953225
35163,2021-12-01,"Seattle-Tacoma-Bellevue, WA",662500
35164,2021-12-01,"Riverside-San Bernardino-Ontario, CA",549450
35165,2021-12-01,"Minneapolis-St. Paul-Bloomington, MN-WI",357400
35166,2021-12-01,"Tampa-St. Petersburg-Clearwater, FL",378450
35167,2021-12-01,"Denver-Aurora-Centennial, CO",627035
35168,2021-12-01,"San Diego-Chula Vista-Carlsbad, CA",822750
35169,2021-12-01,"St. Louis, MO-IL",239950
35170,2021-12-01,"Charlotte-Concord-Gastonia, NC-SC",392000
35171,2021-12-01,"Baltimore-Columbia-Towson, MD",309950
35172,2021-12-01,"Orlando-Kissimmee-Sanford, FL",389900
35173,2021-12-01,"Pittsburgh, PA",204950
35174,2021-12-01,"San Antonio-New Braunfels, TX",338090
35175,2021-12-01,"Austin-Round Rock-San Marcos, TX",544500
35176,2021-12-01,"Portland-Vancouver-Hillsboro, OR-WA",549250
35177,2021-12-01,"Cleveland, OH",181950
35178,2021-12-01,"Cincinnati, OH-KY-IN",297000
35179,2021-12-01,"Kansas City, MO-KS",342900
35180,2021-12-01,"Las Vegas-Henderson-North Las Vegas, NV",450000
35181,2021-12-01,"Sacramento-Roseville-Folsom, CA",597000
35182,2021-12-01,"Columbus, OH",289900
35183,2021-12-01,"Indianapolis-Carmel-Greenwood, IN",277350
35184,2021-12-01,"Nashville-Davidson--Murfreesboro--Franklin, TN",459425
35185,2021-12-01,"Virginia Beach-Chesapeake-Norfolk, VA-NC",302967
35186,2021-12-01,"Jacksonville, FL",367950
35187,2021-12-01,"Providence-Warwick, RI-MA",427450
35188,2021-12-01,"San Jose-Sunnyvale-Santa Clara, CA",1239416
35189,2021-12-01,"Milwaukee-Waukesha, WI",250000
35190,2021-12-01,"Raleigh-Cary, NC",423320
35191,2021-12-01,"Oklahoma City, OK",290000
35192,2021-12-01,"Louisville/Jefferson County, KY-IN",259900
35193,2021-12-01,"Richmond, VA",353675
35194,2021-12-01,"Memphis, TN-MS-AR",242500
35195,2021-12-01,"Buffalo-Cheektowaga, NY",213475
35196,2021-12-01,"Birmingham, AL",271556
35197,2021-12-01,"Hartford-West Hartford-East Hartford, CT",349975
35198,2021-12-01,"Tucson, AZ",361950
35199,2021-12-01,"Grand Rapids-Wyoming-Kentwood, MI",304331
35200,2021-12-01,"Rochester, NY",193150
35201,2021-12-01,"Salt Lake City-Murray, UT",563970
35202,2021-12-01,"North Port-Bradenton-Sarasota, FL",512450
35203,2021-12-01,"Tulsa, OK",251450
35204,2021-12-01,"Greenville-Anderson-Greer, SC",330731
35205,2021-12-01,"Knoxville, TN",340000
35206,2021-12-01,"New Orleans-Metairie, LA",339000
35207,2021-12-01,"Omaha, NE-IA",302500
35208,2021-12-01,"Albany-Schenectady-Troy, NY",344200
35209,2021-12-01,"Albuquerque, NM",350000
35210,2021-12-01,"Fresno, CA",437000
35211,2021-12-01,"Bridgeport-Stamford-Danbury, CT",749450
35212,2021-12-01,"Cape Coral-Fort Myers, FL",437000
35213,2021-12-01,"Columbia, SC",297201
35214,2021-12-01,"Charleston-North Charleston, SC",467450
35215,2021-12-01,"Dayton-Kettering-Beavercreek, OH",179400
35216,2021-12-01,"Allentown-Bethlehem-Easton, PA-NJ",299900
35217,2021-12-01,"Baton Rouge, LA",326168
35218,2021-12-01,"Worcester, MA",416250
35219,2021-12-01,"Urban Honolulu, HI",696500
35220,2021-12-01,"Greensboro-High Point, NC",258847
35221,2021-12-01,"Lakeland-Winter Haven, FL",327450
35222,2021-12-01,"Little Rock-North Little Rock-Conway, AR",236725
35223,2021-12-01,"Deltona-Daytona Beach-Ormond Beach, FL",349900
35224,2021-12-01,"Boise City, ID",541968
35225,2021-12-01,"El Paso, TX",255950
35226,2021-12-01,"Madison, WI",387400
35227,2021-12-01,"Des Moines-West Des Moines, IA",314140
35228,2021-12-01,"Akron, OH",157400
35229,2021-12-01,"Winston-Salem, NC",269900
35230,2021-12-01,"Colorado Springs, CO",484948
35231,2021-12-01,"Bakersfield-Delano, CA",339950
35232,2021-12-01,"Palm Bay-Melbourne-Titusville, FL",365250
35233,2021-12-01,"McAllen-Edinburg-Mission, TX",256975
35234,2021-12-01,"Oxnard-Thousand Oaks-Ventura, CA",894500
35235,2021-12-01,"Syracuse, NY",179900
35236,2021-12-01,"Wichita, KS",229950
35237,2021-12-01,"Kiryas Joel-Poughkeepsie-Newburgh, NY",414985
35238,2021-12-01,"Durham-Chapel Hill, NC",470788
35239,2021-12-01,"Toledo, OH",144950
35240,2021-12-01,"Augusta-Richmond County, GA-SC",280675
35241,2021-12-01,"Stockton-Lodi, CA",542475
35242,2021-12-01,"Harrisburg-Carlisle, PA",247675
35243,2021-12-01,"Portland-South Portland, ME",492000
35244,2021-12-01,"Jackson, MS",264950
35245,2021-12-01,"Chattanooga, TN-GA",354900
35246,2021-12-01,"Spokane-Spokane Valley, WA",459725
35247,2021-12-01,"Scranton--Wilkes-Barre, PA",175000
35248,2021-12-01,"New Haven, CT",340950
35249,2021-12-01,"Fayetteville-Springdale-Rogers, AR",369416
36075,2021-11-01,"New York-Newark-Jersey City, NY-NJ",625000
36076,2021-11-01,"Los Angeles-Long Beach-Anaheim, CA",910000
36077,2021-11-01,"Chicago-Naperville-Elgin, IL-IN",322400
36078,2021-11-01,"Dallas-Fort Worth-Arlington, TX",400000
36079,2021-11-01,"Houston-Pasadena-The Woodlands, TX",359912
36080,2021-11-01,"Philadelphia-Camden-Wilmington, PA-NJ-DE-MD",311075
36081,2021-11-01,"Miami-Fort Lauderdale-West Palm Beach, FL",482500
36082,2021-11-01,"Atlanta-Sandy Springs-Roswell, GA",395000
36083,2021-11-01,"Washington-Arlington-Alexandria, DC-VA-MD-WV",504295
36084,2021-11-01,"Phoenix-Mesa-Chandler, AZ",482495
36085,2021-11-01,"Boston-Cambridge-Newton, MA-NH",674520
36086,2021-11-01,"Detroit-Warren-Dearborn, MI",227450
36087,2021-11-01,"San Francisco-Oakland-Fremont, CA",984450
36088,2021-11-01,"Seattle-Tacoma-Bellevue, WA",674995
36089,2021-11-01,"Riverside-San Bernardino-Ontario, CA",549700
36090,2021-11-01,"Minneapolis-St. Paul-Bloomington, MN-WI",350000
36091,2021-11-01,"Tampa-St. Petersburg-Clearwater, FL",382000
36092,2021-11-01,"Denver-Aurora-Centennial, CO",617475
36093,2021-11-01,"San Diego-Chula Vista-Carlsbad, CA",834000
36094,2021-11-01,"St. Louis, MO-IL",236975
36095,2021-11-01,"Charlotte-Concord-Gastonia, NC-SC",399250
36096,2021-11-01,"Baltimore-Columbia-Towson, MD",314950
36097,2021-11-01,"Orlando-Kissimmee-Sanford, FL",385445
36098,2021-11-01,"Pittsburgh, PA",215000
36099,2021-11-01,"San Antonio-New Braunfels, TX",332085
36100,2021-11-01,"Austin-Round Rock-San Marcos, TX",549450
36101,2021-11-01,"Portland-Vancouver-Hillsboro, OR-WA",550000
36102,2021-11-01,"Cleveland, OH",186500
36103,2021-11-01,"Cincinnati, OH-KY-IN",299450
36104,2021-11-01,"Kansas City, MO-KS",329950
36105,2021-11-01,"Las Vegas-Henderson-North Las Vegas, NV",449450
36106,2021-11-01,"Sacramento-Roseville-Folsom, CA",592474
36107,2021-11-01,"Columbus, OH",289815
36108,2021-11-01,"Indianapolis-Carmel-Greenwood, IN",269850
36109,2021-11-01,"Nashville-Davidson--Murfreesboro--Franklin, TN",459200
36110,2021-11-01,"Virginia Beach-Chesapeake-Norfolk, VA-NC",300000
36111,2021-11-01,"Jacksonville, FL",361500
36112,2021-11-01,"Providence-Warwick, RI-MA",434425
36113,2021-11-01,"San Jose-Sunnyvale-Santa Clara, CA",1244444
36114,2021-11-01,"Milwaukee-Waukesha, WI",262400
36115,2021-11-01,"Raleigh-Cary, NC",426724
36116,2021-11-01,"Oklahoma City, OK",289552
36117,2021-11-01,"Louisville/Jefferson County, KY-IN",250000
36118,2021-11-01,"Richmond, VA",350800
36119,2021-11-01,"Memphis, TN-MS-AR",256875
36120,2021-11-01,"Buffalo-Cheektowaga, NY",217450
36121,2021-11-01,"Birmingham, AL",275250
36122,2021-11-01,"Hartford-West Hartford-East Hartford, CT",348975
36123,2021-11-01,"Tucson, AZ",359950
36124,2021-11-01,"Grand Rapids-Wyoming-Kentwood, MI",309950
36125,2021-11-01,"Rochester, NY",199325
36126,2021-11-01,"Salt Lake City-Murray, UT",552400
36127,2021-11-01,"North Port-Bradenton-Sarasota, FL",507450
36128,2021-11-01,"Tulsa, OK",254087
36129,2021-11-01,"Greenville-Anderson-Greer, SC",331490
36130,2021-11-01,"Knoxville, TN",333050
36131,2021-11-01,"New Orleans-Metairie, LA",340000
36132,2021-11-01,"Omaha, NE-IA",291750
36133,2021-11-01,"Albany-Schenectady-Troy, NY",324925
36134,2021-11-01,"Albuquerque, NM",362450
36135,2021-11-01,"Fresno, CA",427000
36136,2021-11-01,"Bridgeport-Stamford-Danbury, CT",752000
36137,2021-11-01,"Cape Coral-Fort Myers, FL",429500
36138,2021-11-01,"Columbia, SC",290292
36139,2021-11-01,"Charleston-North Charleston, SC",465755
36140,2021-11-01,"Dayton-Kettering-Beavercreek, OH",177450
36141,2021-11-01,"Allentown-Bethlehem-Easton, PA-NJ",299900
36142,2021-11-01,"Baton Rouge, LA",315000
36143,2021-11-01,"Worcester, MA",405995
36144,2021-11-01,"Urban Honolulu, HI",717500
36145,2021-11-01,"Greensboro-High Point, NC",259195
36146,2021-11-01,"Lakeland-Winter Haven, FL",317000
36147,2021-11-01,"Little Rock-North Little Rock-Conway, AR",232950
36148,2021-11-01,"Deltona-Daytona Beach-Ormond Beach, FL",349900
36149,2021-11-01,"Boise City, ID",529950
36150,2021-11-01,"El Paso, TX",253588
36151,2021-11-01,"Madison, WI",380650
36152,2021-11-01,"Des Moines-West Des Moines, IA",308851
36153,2021-11-01,"Akron, OH",169950
36154,2021-11-01,"Winston-Salem, NC",275975
36155,2021-11-01,"Colorado Springs, CO",484324
36156,2021-11-01,"Bakersfield-Delano, CA",337000
36157,2021-11-01,"Palm Bay-Melbourne-Titusville, FL",369900
36158,2021-11-01,"McAllen-Edinburg-Mission, TX",261000
36159,2021-11-01,"Oxnard-Thousand Oaks-Ventura, CA",885225
36160,2021-11-01,"Syracuse, NY",181200
36161,2021-11-01,"Wichita, KS",222475
36162,2021-11-01,"Kiryas Joel-Poughkeepsie-Newburgh, NY",412400
36163,2021-11-01,"Durham-Chapel Hill, NC",461485
36164,2021-11-01,"Toledo, OH",149450
36165,2021-11-01,"Augusta-Richmond County, GA-SC",287225
36166,2021-11-01,"Stockton-Lodi, CA",540144
36167,2021-11-01,"Harrisburg-Carlisle, PA",249925
36168,2021-11-01,"Portland-South Portland, ME",481825
36169,2021-11-01,"Jackson, MS",267900
36170,2021-11-01,"Chattanooga, TN-GA",360000
36171,2021-11-01,"Spokane-Spokane Valley, WA",449975
36172,2021-11-01,"Scranton--Wilkes-Barre, PA",175000
36173,2021-11-01,"New Haven, CT",349975
36174,2021-11-01,"Fayetteville-Springdale-Rogers, AR",363737
37000,2021-10-01,"New York-Newark-Jersey City, NY-NJ",625000
37001,2021-10-01,"Los Angeles-Long Beach-Anaheim, CA",925000
37002,2021-10-01,"Chicago-Naperville-Elgin, IL-IN",329000
37003,2021-10-01,"Dallas-Fort Worth-Arlington, TX",399000
37004,2021-10-01,"Houston-Pasadena-The Woodlands, TX",359900
37005,2021-10-01,"Philadelphia-Camden-Wilmington, PA-NJ-DE-MD",319900
37006,2021-10-01,"Miami-Fort Lauderdale-West Palm Beach, FL",479850
37007,2021-10-01,"Atlanta-Sandy Springs-Roswell, GA",394900
37008,2021-10-01,"Washington-Arlington-Alexandria, DC-VA-MD-WV",509900
37009,2021-10-01,"Phoenix-Mesa-Chandler, AZ",484993
37010,2021-10-01,"Boston-Cambridge-Newton, MA-NH",679000
37011,2021-10-01,"Detroit-Warren-Dearborn, MI",242990
37012,2021-10-01,"San Francisco-Oakland-Fremont, CA",997000
37013,2021-10-01,"Seattle-Tacoma-Bellevue, WA",675000
37014,2021-10-01,"Riverside-San Bernardino-Ontario, CA",549000
37015,2021-10-01,"Minneapolis-St. Paul-Bloomington, MN-WI",350000
37016,2021-10-01,"Tampa-St. Petersburg-Clearwater, FL",375000
37017,2021-10-01,"Denver-Aurora-Centennial, CO",615000
37018,2021-10-01,"San Diego-Chula Vista-Carlsbad, CA",825000
37019,2021-10-01,"St. Louis, MO-IL",240000
37020,2021-10-01,"Charlotte-Concord-Gastonia, NC-SC",398400
37021,2021-10-01,"Baltimore-Columbia-Towson, MD",324900
37022,2021-10-01,"Orlando-Kissimmee-Sanford, FL",389995
37023,2021-10-01,"Pittsburgh, PA",223900
37024,2021-10-01,"San Antonio-New Braunfels, TX",332225
37025,2021-10-01,"Austin-Round Rock-San Marcos, TX",549900
37026,2021-10-01,"Portland-Vancouver-Hillsboro, OR-WA",550000
37027,2021-10-01,"Cleveland, OH",189000
37028,2021-10-01,"Cincinnati, OH-KY-IN",300000
37029,2021-10-01,"Kansas City, MO-KS",321000
37030,2021-10-01,"Las Vegas-Henderson-North Las Vegas, NV",439900
37031,2021-10-01,"Sacramento-Roseville-Folsom, CA",594400
37032,2021-10-01,"Columbus, OH",292500
37033,2021-10-01,"Indianapolis-Carmel-Greenwood, IN",275000
37034,2021-10-01,"Nashville-Davidson--Murfreesboro--Franklin, TN",454900
37035,2021-10-01,"Virginia Beach-Chesapeake-Norfolk, VA-NC",302500
37036,2021-10-01,"Jacksonville, FL",355000
37037,2021-10-01,"Providence-Warwick, RI-MA",439900
37038,2021-10-01,"San Jose-Sunnyvale-Santa Clara, CA",1275000
37039,2021-10-01,"Milwaukee-Waukesha, WI",274900
37040,2021-10-01,"Raleigh-Cary, NC",425000
37041,2021-10-01,"Oklahoma City, OK",274993
37042,2021-10-01,"Louisville/Jefferson County, KY-IN",259900
37043,2021-10-01,"Richmond, VA",350000
37044,2021-10-01,"Memphis, TN-MS-AR",265000
37045,2021-10-01,"Buffalo-Cheektowaga, NY",225000
37046,2021-10-01,"Birmingham, AL",282700
37047,2021-10-01,"Hartford-West Hartford-East Hartford, CT",335000
37048,2021-10-01,"Tucson, AZ",359000
37049,2021-10-01,"Grand Rapids-Wyoming-Kentwood, MI",299900
37050,2021-10-01,"Rochester, NY",199950
37051,2021-10-01,"Salt Lake City-Murray, UT",539900
37052,2021-10-01,"North Port-Bradenton-Sarasota, FL",497900
37053,2021-10-01,"Tulsa, OK",265000
37054,2021-10-01,"Greenville-Anderson-Greer, SC",337950
37055,2021-10-01,"Knoxville, TN",325000
37056,2021-10-01,"New Orleans-Metairie, LA",335000
37057,2021-10-01,"Omaha, NE-IA",285000
37058,2021-10-01,"Albany-Schenectady-Troy, NY",325000
37059,2021-10-01,"Albuquerque, NM",359900
37060,2021-10-01,"Fresno, CA",419000
37061,2021-10-01,"Bridgeport-Stamford-Danbury, CT",699900
37062,2021-10-01,"Cape Coral-Fort Myers, FL",424900
37063,2021-10-01,"Columbia, SC",281343
37064,2021-10-01,"Charleston-North Charleston, SC",474450
37065,2021-10-01,"Dayton-Kettering-Beavercreek, OH",189900
37066,2021-10-01,"Allentown-Bethlehem-Easton, PA-NJ",299000
37067,2021-10-01,"Baton Rouge, LA",299000
37068,2021-10-01,"Worcester, MA",402000
37069,2021-10-01,"Urban Honolulu, HI",716500
37070,2021-10-01,"Greensboro-High Point, NC",255000
37071,2021-10-01,"Lakeland-Winter Haven, FL",319900
37072,2021-10-01,"Little Rock-North Little Rock-Conway, AR",249000
37073,2021-10-01,"Deltona-Daytona Beach-Ormond Beach, FL",349900
37074,2021-10-01,"Boise City, ID",529990
37075,2021-10-01,"El Paso, TX",250000
37076,2021-10-01,"Madison, WI",375000
37077,2021-10-01,"Des Moines-West Des Moines, IA",303275
37078,2021-10-01,"Akron, OH",175000
37079,2021-10-01,"Winston-Salem, NC",269900
37080,2021-10-01,"Colorado Springs, CO",485000
37081,2021-10-01,"Bakersfield-Delano, CA",329900
37082,2021-10-01,"Palm Bay-Melbourne-Titusville, FL",369500
37083,2021-10-01,"McAllen-Edinburg-Mission, TX",265000
37084,2021-10-01,"Oxnard-Thousand Oaks-Ventura, CA",869000
37085,2021-10-01,"Syracuse, NY",189900
37086,2021-10-01,"Wichita, KS",220000
37087,2021-10-01,"Kiryas Joel-Poughkeepsie-Newburgh, NY",410000
37088,2021-10-01,"Durham-Chapel Hill, NC",470222
37089,2021-10-01,"Toledo, OH",154950
37090,2021-10-01,"Augusta-Richmond County, GA-SC",279900
37091,2021-10-01,"Stockton-Lodi, CA",539570
37092,2021-10-01,"Harrisburg-Carlisle, PA",249900
37093,2021-10-01,"Portland-South Portland, ME",465000
37094,2021-10-01,"Jackson, MS",292400
37095,2021-10-01,"Chattanooga, TN-GA",350000
37096,2021-10-01,"Spokane-Spokane Valley, WA",450000
37097,2021-10-01,"Scranton--Wilkes-Barre, PA",179000
37098,2021-10-01,"New Haven, CT",354900
37099,2021-10-01,"Fayetteville-Springdale-Rogers, AR",350000
37925,2021-09-01,"New York-Newark-Jersey City, NY-NJ",618500
37926,2021-09-01,"Los Angeles-Long Beach-Anaheim, CA",912100
37927,2021-09-01,"Chicago-Naperville-Elgin, IL-IN",330000
37928,2021-09-01,"Dallas-Fort Worth-Arlington, TX",398852
37929,2021-09-01,"Houston-Pasadena-The Woodlands, TX",360848
37930,2021-09-01,"Philadelphia-Camden-Wilmington, PA-NJ-DE-MD",319500
37931,2021-09-01,"Miami-Fort Lauderdale-West Palm Beach, FL",467450
37932,2021-09-01,"Atlanta-Sandy Springs-Roswell, GA",397950
37933,2021-09-01,"Washington-Arlington-Alexandria, DC-VA-MD-WV",512450
37934,2021-09-01,"Phoenix-Mesa-Chandler, AZ",476950
37935,2021-09-01,"Boston-Cambridge-Newton, MA-NH",671125
37936,2021-09-01,"Detroit-Warren-Dearborn, MI",249950
37937,2021-09-01,"San Francisco-Oakland-Fremont, CA",993950
37938,2021-09-01,"Seattle-Tacoma-Bellevue, WA",675000
37939,2021-09-01,"Riverside-San Bernardino-Ontario, CA",542700
37940,2021-09-01,"Minneapolis-St. Paul-Bloomington, MN-WI",350825
37941,2021-09-01,"Tampa-St. Petersburg-Clearwater, FL",367000
37942,2021-09-01,"Denver-Aurora-Centennial, CO",599950
37943,2021-09-01,"San Diego-Chula Vista-Carlsbad, CA",802500
37944,2021-09-01,"St. Louis, MO-IL",249900
37945,2021-09-01,"Charlotte-Concord-Gastonia, NC-SC",389180
37946,2021-09-01,"Baltimore-Columbia-Towson, MD",334950
37947,2021-09-01,"Orlando-Kissimmee-Sanford, FL",379950
37948,2021-09-01,"Pittsburgh, PA",224950
37949,2021-09-01,"San Antonio-New Braunfels, TX",330000
37950,2021-09-01,"Austin-Round Rock-San Marcos, TX",546975
37951,2021-09-01,"Portland-Vancouver-Hillsboro, OR-WA",550000
37952,2021-09-01,"Cleveland, OH",196950
37953,2021-09-01,"Cincinnati, OH-KY-IN",304950
37954,2021-09-01,"Kansas City, MO-KS",322450
37955,2021-09-01,"Las Vegas-Henderson-North Las Vegas, NV",430000
37956,2021-09-01,"Sacramento-Roseville-Folsom, CA",589000
37957,2021-09-01,"Columbus, OH",289850
37958,2021-09-01,"Indianapolis-Carmel-Greenwood, IN",280000
37959,2021-09-01,"Nashville-Davidson--Murfreesboro--Franklin, TN",443684
37960,2021-09-01,"Virginia Beach-Chesapeake-Norfolk, VA-NC",304375
37961,2021-09-01,"Jacksonville, FL",359923
37962,2021-09-01,"Providence-Warwick, RI-MA",437400
37963,2021-09-01,"San Jose-Sunnyvale-Santa Clara, CA",1262639
37964,2021-09-01,"Milwaukee-Waukesha, WI",276850
37965,2021-09-01,"Raleigh-Cary, NC",425000
37966,2021-09-01,"Oklahoma City, OK",275642
37967,2021-09-01,"Louisville/Jefferson County, KY-IN",259900
37968,2021-09-01,"Richmond, VA",349950
37969,2021-09-01,"Memphis, TN-MS-AR",248200
37970,2021-09-01,"Buffalo-Cheektowaga, NY",229925
37971,2021-09-01,"Birmingham, AL",273716
37972,2021-09-01,"Hartford-West Hartford-East Hartford, CT",339047
37973,2021-09-01,"Tucson, AZ",359950
37974,2021-09-01,"Grand Rapids-Wyoming-Kentwood, MI",300000
37975,2021-09-01,"Rochester, NY",199925
37976,2021-09-01,"Salt Lake City-Murray, UT",542450
37977,2021-09-01,"North Port-Bradenton-Sarasota, FL",476678
37978,2021-09-01,"Tulsa, OK",265000
37979,2021-09-01,"Greenville-Anderson-Greer, SC",348075
37980,2021-09-01,"Knoxville, TN",329675
37981,2021-09-01,"New Orleans-Metairie, LA",337000
37982,2021-09-01,"Omaha, NE-IA",292316
37983,2021-09-01,"Albany-Schenectady-Troy, NY",334175
37984,2021-09-01,"Albuquerque, NM",346184
37985,2021-09-01,"Fresno, CA",413500
37986,2021-09-01,"Bridgeport-Stamford-Danbury, CT",699973
37987,2021-09-01,"Cape Coral-Fort Myers, FL",399000
37988,2021-09-01,"Columbia, SC",275396
37989,2021-09-01,"Charleston-North Charleston, SC",454394
37990,2021-09-01,"Dayton-Kettering-Beavercreek, OH",204750
37991,2021-09-01,"Allentown-Bethlehem-Easton, PA-NJ",299800
37992,2021-09-01,"Baton Rouge, LA",299947
37993,2021-09-01,"Worcester, MA",429450
37994,2021-09-01,"Urban Honolulu, HI",719250
37995,2021-09-01,"Greensboro-High Point, NC",257000
37996,2021-09-01,"Lakeland-Winter Haven, FL",307500
37997,2021-09-01,"Little Rock-North Little Rock-Conway, AR",249450
37998,2021-09-01,"Deltona-Daytona Beach-Ormond Beach, FL",343408
37999,2021-09-01,"Boise City, ID",527000
38000,2021-09-01,"El Paso, TX",247950
38001,2021-09-01,"Madison, WI",374900
38002,2021-09-01,"Des Moines-West Des Moines, IA",302123
38003,2021-09-01,"Akron, OH",179450
38004,2021-09-01,"Winston-Salem, NC",267400
38005,2021-09-01,"Colorado Springs, CO",477382
38006,2021-09-01,"Bakersfield-Delano, CA",318850
38007,2021-09-01,"Palm Bay-Melbourne-Titusville, FL",359350
38008,2021-09-01,"McAllen-Edinburg-Mission, TX",264700
38009,2021-09-01,"Oxnard-Thousand Oaks-Ventura, CA",864375
38010,2021-09-01,"Syracuse, NY",188400
38011,2021-09-01,"Wichita, KS",207125
38012,2021-09-01,"Kiryas Joel-Poughkeepsie-Newburgh, NY",416738
38013,2021-09-01,"Durham-Chapel Hill, NC",455000
38014,2021-09-01,"Toledo, OH",159900
38015,2021-09-01,"Augusta-Richmond County, GA-SC",285250
38016,2021-09-01,"Stockton-Lodi, CA",542250
38017,2021-09-01,"Harrisburg-Carlisle, PA",239925
38018,2021-09-01,"Portland-South Portland, ME",450000
38019,2021-09-01,"Jackson, MS",272425
38020,2021-09-01,"Chattanooga, TN-GA",341800
38021,2021-09-01,"Spokane-Spokane Valley, WA",450000
38022,2021-09-01,"Scranton--Wilkes-Barre, PA",191575
38023,2021-09-01,"New Haven, CT",344998
38024,2021-09-01,"Fayetteville-Springdale-Rogers, AR",350032
38850,2021-08-01,"New York-Newark-Jersey City, NY-NJ",622500
38851,2021-08-01,"Los Angeles-Long Beach-Anaheim, CA",921223
38852,2021-08-01,"Chicago-Naperville-Elgin, IL-IN",339495
38853,2021-08-01,"Dallas-Fort Worth-Arlington, TX",399000
38854,2021-08-01,"Houston-Pasadena-The Woodlands, TX",361062
38855,2021-08-01,"Philadelphia-Camden-Wilmington, PA-NJ-DE-MD",319900
38856,2021-08-01,"Miami-Fort Lauderdale-West Palm Beach, FL",459500
38857,2021-08-01,"Atlanta-Sandy Springs-Roswell, GA",395500
38858,2021-08-01,"Washington-Arlington-Alexandria, DC-VA-MD-WV",507950
38859,2021-08-01,"Phoenix-Mesa-Chandler, AZ",475000
38860,2021-08-01,"Boston-Cambridge-Newton, MA-NH",650000
38861,2021-08-01,"Detroit-Warren-Dearborn, MI",267400
38862,2021-08-01,"San Francisco-Oakland-Fremont, CA",995000
38863,2021-08-01,"Seattle-Tacoma-Bellevue, WA",674975
38864,2021-08-01,"Riverside-San Bernardino-Ontario, CA",539900
38865,2021-08-01,"Minneapolis-St. Paul-Bloomington, MN-WI",359753
38866,2021-08-01,"Tampa-St. Petersburg-Clearwater, FL",359950
38867,2021-08-01,"Denver-Aurora-Centennial, CO",600000
38868,2021-08-01,"San Diego-Chula Vista-Carlsbad, CA",821650
38869,2021-08-01,"St. Louis, MO-IL",249900
38870,2021-08-01,"Charlotte-Concord-Gastonia, NC-SC",388044
38871,2021-08-01,"Baltimore-Columbia-Towson, MD",334950
38872,2021-08-01,"Orlando-Kissimmee-Sanford, FL",374950
38873,2021-08-01,"Pittsburgh, PA",225450
38874,2021-08-01,"San Antonio-New Braunfels, TX",335975
38875,2021-08-01,"Austin-Round Rock-San Marcos, TX",545868
38876,2021-08-01,"Portland-Vancouver-Hillsboro, OR-WA",550000
38877,2021-08-01,"Cleveland, OH",199900
38878,2021-08-01,"Cincinnati, OH-KY-IN",315000
38879,2021-08-01,"Kansas City, MO-KS",317475
38880,2021-08-01,"Las Vegas-Henderson-North Las Vegas, NV",422450
38881,2021-08-01,"Sacramento-Roseville-Folsom, CA",585225
38882,2021-08-01,"Columbus, OH",299900
38883,2021-08-01,"Indianapolis-Carmel-Greenwood, IN",279125
38884,2021-08-01,"Nashville-Davidson--Murfreesboro--Franklin, TN",439900
38885,2021-08-01,"Virginia Beach-Chesapeake-Norfolk, VA-NC",299950
38886,2021-08-01,"Jacksonville, FL",350000
38887,2021-08-01,"Providence-Warwick, RI-MA",438900
38888,2021-08-01,"San Jose-Sunnyvale-Santa Clara, CA",1250250
38889,2021-08-01,"Milwaukee-Waukesha, WI",280000
38890,2021-08-01,"Raleigh-Cary, NC",424873
38891,2021-08-01,"Oklahoma City, OK",279751
38892,2021-08-01,"Louisville/Jefferson County, KY-IN",269938
38893,2021-08-01,"Richmond, VA",349950
38894,2021-08-01,"Memphis, TN-MS-AR",249900
38895,2021-08-01,"Buffalo-Cheektowaga, NY",227475
38896,2021-08-01,"Birmingham, AL",272500
38897,2021-08-01,"Hartford-West Hartford-East Hartford, CT",337850
38898,2021-08-01,"Tucson, AZ",359950
38899,2021-08-01,"Grand Rapids-Wyoming-Kentwood, MI",304950
38900,2021-08-01,"Rochester, NY",219900
38901,2021-08-01,"Salt Lake City-Murray, UT",562800
38902,2021-08-01,"North Port-Bradenton-Sarasota, FL",464250
38903,2021-08-01,"Tulsa, OK",265000
38904,2021-08-01,"Greenville-Anderson-Greer, SC",342125
38905,2021-08-01,"Knoxville, TN",330831
38906,2021-08-01,"New Orleans-Metairie, LA",330000
38907,2021-08-01,"Omaha, NE-IA",289900
38908,2021-08-01,"Albany-Schenectady-Troy, NY",344375
38909,2021-08-01,"Albuquerque, NM",340000
38910,2021-08-01,"Fresno, CA",401750
38911,2021-08-01,"Bridgeport-Stamford-Danbury, CT",699473
38912,2021-08-01,"Cape Coral-Fort Myers, FL",394850
38913,2021-08-01,"Columbia, SC",273250
38914,2021-08-01,"Charleston-North Charleston, SC",477450
38915,2021-08-01,"Dayton-Kettering-Beavercreek, OH",209950
38916,2021-08-01,"Allentown-Bethlehem-Easton, PA-NJ",299450
38917,2021-08-01,"Baton Rouge, LA",299445
38918,2021-08-01,"Worcester, MA",430000
38919,2021-08-01,"Urban Honolulu, HI",712500
38920,2021-08-01,"Greensboro-High Point, NC",256995
38921,2021-08-01,"Lakeland-Winter Haven, FL",296475
38922,2021-08-01,"Little Rock-North Little Rock-Conway, AR",249450
38923,2021-08-01,"Deltona-Daytona Beach-Ormond Beach, FL",339000
38924,2021-08-01,"Boise City, ID",533675
38925,2021-08-01,"El Paso, TX",247950
38926,2021-08-01,"Madison, WI",382400
38927,2021-08-01,"Des Moines-West Des Moines, IA",301991
38928,2021-08-01,"Akron, OH",183950
38929,2021-08-01,"Winston-Salem, NC",267400
38930,2021-08-01,"Colorado Springs, CO",477450
38931,2021-08-01,"Bakersfield-Delano, CA",320000
38932,2021-08-01,"Palm Bay-Melbourne-Titusville, FL",357175
38933,2021-08-01,"McAllen-Edinburg-Mission, TX",262125
38934,2021-08-01,"Oxnard-Thousand Oaks-Ventura, CA",849000
38935,2021-08-01,"Syracuse, NY",194450
38936,2021-08-01,"Wichita, KS",215000
38937,2021-08-01,"Kiryas Joel-Poughkeepsie-Newburgh, NY",415799
38938,2021-08-01,"Durham-Chapel Hill, NC",452500
38939,2021-08-01,"Toledo, OH",169450
38940,2021-08-01,"Augusta-Richmond County, GA-SC",284900
38941,2021-08-01,"Stockton-Lodi, CA",537450
38942,2021-08-01,"Harrisburg-Carlisle, PA",239950
38943,2021-08-01,"Portland-South Portland, ME",465225
38944,2021-08-01,"Jackson, MS",269900
38945,2021-08-01,"Chattanooga, TN-GA",324900
38946,2021-08-01,"Spokane-Spokane Valley, WA",454400
38947,2021-08-01,"Scranton--Wilkes-Barre, PA",198875
38948,2021-08-01,"New Haven, CT",349925
38949,2021-08-01,"Fayetteville-Springdale-Rogers, AR",349947
39775,2021-07-01,"New York-Newark-Jersey City, NY-NJ",629000
39776,2021-07-01,"Los Angeles-Long Beach-Anaheim, CA",949999
39777,2021-07-01,"Chicago-Naperville-Elgin, IL-IN",349900
39778,2021-07-01,"Dallas-Fort Worth-Arlington, TX",397160
39779,2021-07-01,"Houston-Pasadena-The Woodlands, TX",364999
39780,2021-07-01,"Philadelphia-Camden-Wilmington, PA-NJ-DE-MD",325000
39781,2021-07-01,"Miami-Fort Lauderdale-West Palm Beach, FL",455500
39782,2021-07-01,"Atlanta-Sandy Springs-Roswell, GA",399900
39783,2021-07-01,"Washington-Arlington-Alexandria, DC-VA-MD-WV",515000
39784,2021-07-01,"Phoenix-Mesa-Chandler, AZ",475000
39785,2021-07-01,"Boston-Cambridge-Newton, MA-NH",669900
39786,2021-07-01,"Detroit-Warren-Dearborn, MI",275000
39787,2021-07-01,"San Francisco-Oakland-Fremont, CA",999000
39788,2021-07-01,"Seattle-Tacoma-Bellevue, WA",689950
39789,2021-07-01,"Riverside-San Bernardino-Ontario, CA",539000
39790,2021-07-01,"Minneapolis-St. Paul-Bloomington, MN-WI",364900
39791,2021-07-01,"Tampa-St. Petersburg-Clearwater, FL",350000
39792,2021-07-01,"Denver-Aurora-Centennial, CO",600000
39793,2021-07-01,"San Diego-Chula Vista-Carlsbad, CA",819000
39794,2021-07-01,"St. Louis, MO-IL",250000
39795,2021-07-01,"Charlotte-Concord-Gastonia, NC-SC",385983
39796,2021-07-01,"Baltimore-Columbia-Towson, MD",345000
39797,2021-07-01,"Orlando-Kissimmee-Sanford, FL",364850
39798,2021-07-01,"Pittsburgh, PA",239900
39799,2021-07-01,"San Antonio-New Braunfels, TX",325108
39800,2021-07-01,"Austin-Round Rock-San Marcos, TX",540000
39801,2021-07-01,"Portland-Vancouver-Hillsboro, OR-WA",555000
39802,2021-07-01,"Cleveland, OH",210000
39803,2021-07-01,"Cincinnati, OH-KY-IN",325000
39804,2021-07-01,"Kansas City, MO-KS",325000
39805,2021-07-01,"Las Vegas-Henderson-North Las Vegas, NV",412000
39806,2021-07-01,"Sacramento-Roseville-Folsom, CA",595000
39807,2021-07-01,"Columbus, OH",309000
39808,2021-07-01,"Indianapolis-Carmel-Greenwood, IN",279250
39809,2021-07-01,"Nashville-Davidson--Murfreesboro--Franklin, TN",445000
39810,2021-07-01,"Virginia Beach-Chesapeake-Norfolk, VA-NC",305000
39811,2021-07-01,"Jacksonville, FL",349900
39812,2021-07-01,"Providence-Warwick, RI-MA",429900
39813,2021-07-01,"San Jose-Sunnyvale-Santa Clara, CA",1275000
39814,2021-07-01,"Milwaukee-Waukesha, WI",284900
39815,2021-07-01,"Raleigh-Cary, NC",409945
39816,2021-07-01,"Oklahoma City, OK",285000
39817,2021-07-01,"Louisville/Jefferson County, KY-IN",275000
39818,2021-07-01,"Richmond, VA",349000
39819,2021-07-01,"Memphis, TN-MS-AR",245000
39820,2021-07-01,"Buffalo-Cheektowaga, NY",239900
39821,2021-07-01,"Birmingham, AL",269900
39822,2021-07-01,"Hartford-West Hartford-East Hartford, CT",346950
39823,2021-07-01,"Tucson, AZ",350000
39824,2021-07-01,"Grand Rapids-Wyoming-Kentwood, MI",299900
39825,2021-07-01,"Rochester, NY",229900
39826,2021-07-01,"Salt Lake City-Murray, UT",559079
39827,2021-07-01,"North Port-Bradenton-Sarasota, FL",455000
39828,2021-07-01,"Tulsa, OK",255450
39829,2021-07-01,"Greenville-Anderson-Greer, SC",319000
39830,2021-07-01,"Knoxville, TN",325000
39831,2021-07-01,"New Orleans-Metairie, LA",339000
39832,2021-07-01,"Omaha, NE-IA",289900
39833,2021-07-01,"Albany-Schenectady-Troy, NY",349900
39834,2021-07-01,"Albuquerque, NM",340000
39835,2021-07-01,"Fresno, CA",399950
39836,2021-07-01,"Bridgeport-Stamford-Danbury, CT",750000
39837,2021-07-01,"Cape Coral-Fort Myers, FL",375000
39838,2021-07-01,"Columbia, SC",265000
39839,2021-07-01,"Charleston-North Charleston, SC",491580
39840,2021-07-01,"Dayton-Kettering-Beavercreek, OH",205900
39841,2021-07-01,"Allentown-Bethlehem-Easton, PA-NJ",299000
39842,2021-07-01,"Baton Rouge, LA",300000
39843,2021-07-01,"Worcester, MA",449000
39844,2021-07-01,"Urban Honolulu, HI",697400
39845,2021-07-01,"Greensboro-High Point, NC",250000
39846,2021-07-01,"Lakeland-Winter Haven, FL",285000
39847,2021-07-01,"Little Rock-North Little Rock-Conway, AR",245000
39848,2021-07-01,"Deltona-Daytona Beach-Ormond Beach, FL",330000
39849,2021-07-01,"Boise City, ID",539900
39850,2021-07-01,"El Paso, TX",249900
39851,2021-07-01,"Madison, WI",385900
39852,2021-07-01,"Des Moines-West Des Moines, IA",304900
39853,2021-07-01,"Akron, OH",189900
39854,2021-07-01,"Winston-Salem, NC",274317
39855,2021-07-01,"Colorado Springs, CO",478900
39856,2021-07-01,"Bakersfield-Delano, CA",320000
39857,2021-07-01,"Palm Bay-Melbourne-Titusville, FL",350000
39858,2021-07-01,"McAllen-Edinburg-Mission, TX",260000
39859,2021-07-01,"Oxnard-Thousand Oaks-Ventura, CA",879900
39860,2021-07-01,"Syracuse, NY",219900
39861,2021-07-01,"Wichita, KS",220000
39862,2021-07-01,"Kiryas Joel-Poughkeepsie-Newburgh, NY",424900
39863,2021-07-01,"Durham-Chapel Hill, NC",449900
39864,2021-07-01,"Toledo, OH",179900
39865,2021-07-01,"Augusta-Richmond County, GA-SC",289900
39866,2021-07-01,"Stockton-Lodi, CA",540000
39867,2021-07-01,"Harrisburg-Carlisle, PA",239900
39868,2021-07-01,"Portland-South Portland, ME",479450
39869,2021-07-01,"Jackson, MS",274950
39870,2021-07-01,"Chattanooga, TN-GA",335000
39871,2021-07-01,"Spokane-Spokane Valley, WA",439995
39872,2021-07-01,"Scranton--Wilkes-Barre, PA",199900
39873,2021-07-01,"New Haven, CT",349900
39874,2021-07-01,"Fayetteville-Springdale-Rogers, AR",339999
40700,2021-06-01,"New York-Newark-Jersey City, NY-NJ",649000
40701,2021-06-01,"Los Angeles-Long Beach-Anaheim, CA",966950
40702,2021-06-01,"Chicago-Naperville-Elgin, IL-IN",350000
40703,2021-06-01,"Dallas-Fort Worth-Arlington, TX",389945
40704,2021-06-01,"Houston-Pasadena-The Woodlands, TX",364700
40705,2021-06-01,"Philadelphia-Camden-Wilmington, PA-NJ-DE-MD",330000
40706,2021-06-01,"Miami-Fort Lauderdale-West Palm Beach, FL",449000
40707,2021-06-01,"Atlanta-Sandy Springs-Roswell, GA",395000
40708,2021-06-01,"Washington-Arlington-Alexandria, DC-VA-MD-WV",525000
40709,2021-06-01,"Phoenix-Mesa-Chandler, AZ",460000
40710,2021-06-01,"Boston-Cambridge-Newton, MA-NH",697000
40711,2021-06-01,"Detroit-Warren-Dearborn, MI",276575
40712,2021-06-01,"San Francisco-Oakland-Fremont, CA",1067000
40713,2021-06-01,"Seattle-Tacoma-Bellevue, WA",683725
40714,2021-06-01,"Riverside-San Bernardino-Ontario, CA",526922
40715,2021-06-01,"Minneapolis-St. Paul-Bloomington, MN-WI",365000
40716,2021-06-01,"Tampa-St. Petersburg-Clearwater, FL",349900
40717,2021-06-01,"Denver-Aurora-Centennial, CO",599175
40718,2021-06-01,"San Diego-Chula Vista-Carlsbad, CA",809950
40719,2021-06-01,"St. Louis, MO-IL",255800
40720,2021-06-01,"Charlotte-Concord-Gastonia, NC-SC",388770
40721,2021-06-01,"Baltimore-Columbia-Towson, MD",339950
40722,2021-06-01,"Orlando-Kissimmee-Sanford, FL",355698
40723,2021-06-01,"Pittsburgh, PA",252500
40724,2021-06-01,"San Antonio-New Braunfels, TX",315000
40725,2021-06-01,"Austin-Round Rock-San Marcos, TX",530000
40726,2021-06-01,"Portland-Vancouver-Hillsboro, OR-WA",554950
40727,2021-06-01,"Cleveland, OH",213000
40728,2021-06-01,"Cincinnati, OH-KY-IN",349208
40729,2021-06-01,"Kansas City, MO-KS",327500
40730,2021-06-01,"Las Vegas-Henderson-North Las Vegas, NV",399950
40731,2021-06-01,"Sacramento-Roseville-Folsom, CA",593500
40732,2021-06-01,"Columbus, OH",300000
40733,2021-06-01,"Indianapolis-Carmel-Greenwood, IN",275000
40734,2021-06-01,"Nashville-Davidson--Murfreesboro--Franklin, TN",427450
40735,2021-06-01,"Virginia Beach-Chesapeake-Norfolk, VA-NC",309498
40736,2021-06-01,"Jacksonville, FL",345592
40737,2021-06-01,"Providence-Warwick, RI-MA",424225
40738,2021-06-01,"San Jose-Sunnyvale-Santa Clara, CA",1299444
40739,2021-06-01,"Milwaukee-Waukesha, WI",289900
40740,2021-06-01,"Raleigh-Cary, NC",409063
40741,2021-06-01,"Oklahoma City, OK",284930
40742,2021-06-01,"Louisville/Jefferson County, KY-IN",282500
40743,2021-06-01,"Richmond, VA",350001
40744,2021-06-01,"Memphis, TN-MS-AR",240000
40745,2021-06-01,"Buffalo-Cheektowaga, NY",247625
40746,2021-06-01,"Birmingham, AL",272500
40747,2021-06-01,"Hartford-West Hartford-East Hartford, CT",349900
40748,2021-06-01,"Tucson, AZ",350000
40749,2021-06-01,"Grand Rapids-Wyoming-Kentwood, MI",312450
40750,2021-06-01,"Rochester, NY",236944
40751,2021-06-01,"Salt Lake City-Murray, UT",566950
40752,2021-06-01,"North Port-Bradenton-Sarasota, FL",444500
40753,2021-06-01,"Tulsa, OK",252500
40754,2021-06-01,"Greenville-Anderson-Greer, SC",318900
40755,2021-06-01,"Knoxville, TN",343550
40756,2021-06-01,"New Orleans-Metairie, LA",339350
40757,2021-06-01,"Omaha, NE-IA",297975
40758,2021-06-01,"Albany-Schenectady-Troy, NY",349900
40759,2021-06-01,"Albuquerque, NM",344975
40760,2021-06-01,"Fresno, CA",406143
40761,2021-06-01,"Bridgeport-Stamford-Danbury, CT",849000
40762,2021-06-01,"Cape Coral-Fort Myers, FL",370725
40763,2021-06-01,"Columbia, SC",254950
40764,2021-06-01,"Charleston-North Charleston, SC",525000
40765,2021-06-01,"Dayton-Kettering-Beavercreek, OH",191950
40766,2021-06-01,"Allentown-Bethlehem-Easton, PA-NJ",299900
40767,2021-06-01,"Baton Rouge, LA",306830
40768,2021-06-01,"Worcester, MA",443250
40769,2021-06-01,"Urban Honolulu, HI",675000
40770,2021-06-01,"Greensboro-High Point, NC",256175
40771,2021-06-01,"Lakeland-Winter Haven, FL",283960
40772,2021-06-01,"Little Rock-North Little Rock-Conway, AR",235000
40773,2021-06-01,"Deltona-Daytona Beach-Ormond Beach, FL",335000
40774,2021-06-01,"Boise City, ID",535858
40775,2021-06-01,"El Paso, TX",248950
40776,2021-06-01,"Madison, WI",385000
40777,2021-06-01,"Des Moines-West Des Moines, IA",302400
40778,2021-06-01,"Akron, OH",187450
40779,2021-06-01,"Winston-Salem, NC",267450
40780,2021-06-01,"Colorado Springs, CO",476588
40781,2021-06-01,"Bakersfield-Delano, CA",313250
40782,2021-06-01,"Palm Bay-Melbourne-Titusville, FL",349900
40783,2021-06-01,"McAllen-Edinburg-Mission, TX",255250
40784,2021-06-01,"Oxnard-Thousand Oaks-Ventura, CA",864500
40785,2021-06-01,"Syracuse, NY",222175
40786,2021-06-01,"Wichita, KS",223463
40787,2021-06-01,"Kiryas Joel-Poughkeepsie-Newburgh, NY",424950
40788,2021-06-01,"Durham-Chapel Hill, NC",449875
40789,2021-06-01,"Toledo, OH",175000
40790,2021-06-01,"Augusta-Richmond County, GA-SC",287675
40791,2021-06-01,"Stockton-Lodi, CA",524595
40792,2021-06-01,"Harrisburg-Carlisle, PA",239950
40793,2021-06-01,"Portland-South Portland, ME",474713
40794,2021-06-01,"Jackson, MS",267950
40795,2021-06-01,"Chattanooga, TN-GA",349975
40796,2021-06-01,"Spokane-Spokane Valley, WA",422450
40797,2021-06-01,"Scranton--Wilkes-Barre, PA",197500
40798,2021-06-01,"New Haven, CT",344500
40799,2021-06-01,"Fayetteville-Springdale-Rogers, AR",333250
41625,2021-05-01,"New York-Newark-Jersey City, NY-NJ",650000
41626,2021-05-01,"Los Angeles-Long Beach-Anaheim, CA",975000
41627,2021-05-01,"Chicago-Naperville-Elgin, IL-IN",350000
41628,2021-05-01,"Dallas-Fort Worth-Arlington, TX",381167
41629,2021-05-01,"Houston-Pasadena-The Woodlands, TX",357000
41630,2021-05-01,"Philadelphia-Camden-Wilmington, PA-NJ-DE-MD",339000
41631,2021-05-01,"Miami-Fort Lauderdale-West Palm Beach, FL",429000
41632,2021-05-01,"Atlanta-Sandy Springs-Roswell, GA",389900
41633,2021-05-01,"Washington-Arlington-Alexandria, DC-VA-MD-WV",519900
41634,2021-05-01,"Phoenix-Mesa-Chandler, AZ",450000
41635,2021-05-01,"Boston-Cambridge-Newton, MA-NH",699900
41636,2021-05-01,"Detroit-Warren-Dearborn, MI",279900
41637,2021-05-01,"San Francisco-Oakland-Fremont, CA",1079999
41638,2021-05-01,"Seattle-Tacoma-Bellevue, WA",679900
41639,2021-05-01,"Riverside-San Bernardino-Ontario, CA",520000
41640,2021-05-01,"Minneapolis-St. Paul-Bloomington, MN-WI",364900
41641,2021-05-01,"Tampa-St. Petersburg-Clearwater, FL",337428
41642,2021-05-01,"Denver-Aurora-Centennial, CO",595000
41643,2021-05-01,"San Diego-Chula Vista-Carlsbad, CA",799000
41644,2021-05-01,"St. Louis, MO-IL",254900
41645,2021-05-01,"Charlotte-Concord-Gastonia, NC-SC",389000
41646,2021-05-01,"Baltimore-Columbia-Towson, MD",349000
41647,2021-05-01,"Orlando-Kissimmee-Sanford, FL",340000
41648,2021-05-01,"Pittsburgh, PA",259900
41649,2021-05-01,"San Antonio-New Braunfels, TX",308750
41650,2021-05-01,"Austin-Round Rock-San Marcos, TX",500000
41651,2021-05-01,"Portland-Vancouver-Hillsboro, OR-WA",549900
41652,2021-05-01,"Cleveland, OH",219900
41653,2021-05-01,"Cincinnati, OH-KY-IN",359000
41654,2021-05-01,"Kansas City, MO-KS",340000
41655,2021-05-01,"Las Vegas-Henderson-North Las Vegas, NV",390000
41656,2021-05-01,"Sacramento-Roseville-Folsom, CA",585000
41657,2021-05-01,"Columbus, OH",314617
41658,2021-05-01,"Indianapolis-Carmel-Greenwood, IN",275000
41659,2021-05-01,"Nashville-Davidson--Murfreesboro--Franklin, TN",410950
41660,2021-05-01,"Virginia Beach-Chesapeake-Norfolk, VA-NC",309990
41661,2021-05-01,"Jacksonville, FL",336600
41662,2021-05-01,"Providence-Warwick, RI-MA",399900
41663,2021-05-01,"San Jose-Sunnyvale-Santa Clara, CA",1298888
41664,2021-05-01,"Milwaukee-Waukesha, WI",289900
41665,2021-05-01,"Raleigh-Cary, NC",405265
41666,2021-05-01,"Oklahoma City, OK",287900
41667,2021-05-01,"Louisville/Jefferson County, KY-IN",279900
41668,2021-05-01,"Richmond, VA",357991
41669,2021-05-01,"Memphis, TN-MS-AR",239900
41670,2021-05-01,"Buffalo-Cheektowaga, NY",248072
41671,2021-05-01,"Birmingham, AL",279900
41672,2021-05-01,"Hartford-West Hartford-East Hartford, CT",359900
41673,2021-05-01,"Tucson, AZ",344000
41674,2021-05-01,"Grand Rapids-Wyoming-Kentwood, MI",309900
41675,2021-05-01,"Rochester, NY",235000
41676,2021-05-01,"Salt Lake City-Murray, UT",570000
41677,2021-05-01,"North Port-Bradenton-Sarasota, FL",425000
41678,2021-05-01,"Tulsa, OK",275000
41679,2021-05-01,"Greenville-Anderson-Greer, SC",304336
41680,2021-05-01,"Knoxville, TN",339376
41681,2021-05-01,"New Orleans-Metairie, LA",339000
41682,2021-05-01,"Omaha, NE-IA",305000
41683,2021-05-01,"Albany-Schenectady-Troy, NY",364925
41684,2021-05-01,"Albuquerque, NM",329900
41685,2021-05-01,"Fresno, CA",399900
41686,2021-05-01,"Bridgeport-Stamford-Danbury, CT",889000
41687,2021-05-01,"Cape Coral-Fort Myers, FL",364000
41688,2021-05-01,"Columbia, SC",259900
41689,2021-05-01,"Charleston-North Charleston, SC",531995
41690,2021-05-01,"Dayton-Kettering-Beavercreek, OH",188700
41691,2021-05-01,"Allentown-Bethlehem-Easton, PA-NJ",299900
41692,2021-05-01,"Baton Rouge, LA",310000
41693,2021-05-01,"Worcester, MA",425000
41694,2021-05-01,"Urban Honolulu, HI",625000
41695,2021-05-01,"Greensboro-High Point, NC",245900
41696,2021-05-01,"Lakeland-Winter Haven, FL",274900
41697,2021-05-01,"Little Rock-North Little Rock-Conway, AR",239000
41698,2021-05-01,"Deltona-Daytona Beach-Ormond Beach, FL",320000
41699,2021-05-01,"Boise City, ID",519000
41700,2021-05-01,"El Paso, TX",245000
41701,2021-05-01,"Madison, WI",387500
41702,2021-05-01,"Des Moines-West Des Moines, IA",299450
41703,2021-05-01,"Akron, OH",189450
41704,2021-05-01,"Winston-Salem, NC",265000
41705,2021-05-01,"Colorado Springs, CO",473000
41706,2021-05-01,"Bakersfield-Delano, CA",315000
41707,2021-05-01,"Palm Bay-Melbourne-Titusville, FL",339917
41708,2021-05-01,"McAllen-Edinburg-Mission, TX",249900
41709,2021-05-01,"Oxnard-Thousand Oaks-Ventura, CA",869000
41710,2021-05-01,"Syracuse, NY",219900
41711,2021-05-01,"Wichita, KS",235000
41712,2021-05-01,"Kiryas Joel-Poughkeepsie-Newburgh, NY",424922
41713,2021-05-01,"Durham-Chapel Hill, NC",450000
41714,2021-05-01,"Toledo, OH",179900
41715,2021-05-01,"Augusta-Richmond County, GA-SC",290285
41716,2021-05-01,"Stockton-Lodi, CA",499000
41717,2021-05-01,"Harrisburg-Carlisle, PA",279000
41718,2021-05-01,"Portland-South Portland, ME",459900
41719,2021-05-01,"Jackson, MS",275700
41720,2021-05-01,"Chattanooga, TN-GA",349450
41721,2021-05-01,"Spokane-Spokane Valley, WA",413000
41722,2021-05-01,"Scranton--Wilkes-Barre, PA",197250
41723,2021-05-01,"New Haven, CT",349700
41724,2021-05-01,"Fayetteville-Springdale-Rogers, AR",329900
42550,2021-04-01,"New York-Newark-Jersey City, NY-NJ",650000
42551,2021-04-01,"Los Angeles-Long Beach-Anaheim, CA",974925
42552,2021-04-01,"Chicago-Naperville-Elgin, IL-IN",349950
42553,2021-04-01,"Dallas-Fort Worth-Arlington, TX",375000
42554,2021-04-01,"Houston-Pasadena-The Woodlands, TX",349250
42555,2021-04-01,"Philadelphia-Camden-Wilmington, PA-NJ-DE-MD",336450
42556,2021-04-01,"Miami-Fort Lauderdale-West Palm Beach, FL",412000
42557,2021-04-01,"Atlanta-Sandy Springs-Roswell, GA",383750
42558,2021-04-01,"Washington-Arlington-Alexandria, DC-VA-MD-WV",506360
42559,2021-04-01,"Phoenix-Mesa-Chandler, AZ",427995
42560,2021-04-01,"Boston-Cambridge-Newton, MA-NH",694000
42561,2021-04-01,"Detroit-Warren-Dearborn, MI",269950
42562,2021-04-01,"San Francisco-Oakland-Fremont, CA",1049500
42563,2021-04-01,"Seattle-Tacoma-Bellevue, WA",669975
42564,2021-04-01,"Riverside-San Bernardino-Ontario, CA",499900
42565,2021-04-01,"Minneapolis-St. Paul-Bloomington, MN-WI",359950
42566,2021-04-01,"Tampa-St. Petersburg-Clearwater, FL",321548
42567,2021-04-01,"Denver-Aurora-Centennial, CO",575000
42568,2021-04-01,"San Diego-Chula Vista-Carlsbad, CA",799450
42569,2021-04-01,"St. Louis, MO-IL",258600
42570,2021-04-01,"Charlotte-Concord-Gastonia, NC-SC",385000
42571,2021-04-01,"Baltimore-Columbia-Towson, MD",329998
42572,2021-04-01,"Orlando-Kissimmee-Sanford, FL",327000
42573,2021-04-01,"Pittsburgh, PA",250000
42574,2021-04-01,"San Antonio-New Braunfels, TX",303469
42575,2021-04-01,"Austin-Round Rock-San Marcos, TX",497500
42576,2021-04-01,"Portland-Vancouver-Hillsboro, OR-WA",525000
42577,2021-04-01,"Cleveland, OH",221850
42578,2021-04-01,"Cincinnati, OH-KY-IN",347426
42579,2021-04-01,"Kansas City, MO-KS",340200
42580,2021-04-01,"Las Vegas-Henderson-North Las Vegas, NV",372500
42581,2021-04-01,"Sacramento-Roseville-Folsom, CA",574500
42582,2021-04-01,"Columbus, OH",310782
42583,2021-04-01,"Indianapolis-Carmel-Greenwood, IN",274155
42584,2021-04-01,"Nashville-Davidson--Murfreesboro--Franklin, TN",409950
42585,2021-04-01,"Virginia Beach-Chesapeake-Norfolk, VA-NC",309675
42586,2021-04-01,"Jacksonville, FL",329950
42587,2021-04-01,"Providence-Warwick, RI-MA",404763
42588,2021-04-01,"San Jose-Sunnyvale-Santa Clara, CA",1249500
42589,2021-04-01,"Milwaukee-Waukesha, WI",277450
42590,2021-04-01,"Raleigh-Cary, NC",401826
42591,2021-04-01,"Oklahoma City, OK",295750
42592,2021-04-01,"Louisville/Jefferson County, KY-IN",274900
42593,2021-04-01,"Richmond, VA",366973
42594,2021-04-01,"Memphis, TN-MS-AR",239750
42595,2021-04-01,"Buffalo-Cheektowaga, NY",249300
42596,2021-04-01,"Birmingham, AL",275052
42597,2021-04-01,"Hartford-West Hartford-East Hartford, CT",369900
42598,2021-04-01,"Tucson, AZ",342000
42599,2021-04-01,"Grand Rapids-Wyoming-Kentwood, MI",309950
42600,2021-04-01,"Rochester, NY",236450
42601,2021-04-01,"Salt Lake City-Murray, UT",549850
42602,2021-04-01,"North Port-Bradenton-Sarasota, FL",422045
42603,2021-04-01,"Tulsa, OK",272500
42604,2021-04-01,"Greenville-Anderson-Greer, SC",311900
42605,2021-04-01,"Knoxville, TN",329450
42606,2021-04-01,"New Orleans-Metairie, LA",335000
42607,2021-04-01,"Omaha, NE-IA",314500
42608,2021-04-01,"Albany-Schenectady-Troy, NY",368700
42609,2021-04-01,"Albuquerque, NM",325000
42610,2021-04-01,"Fresno, CA",389225
42611,2021-04-01,"Bridgeport-Stamford-Danbury, CT",844974
42612,2021-04-01,"Cape Coral-Fort Myers, FL",349450
42613,2021-04-01,"Columbia, SC",264354
42614,2021-04-01,"Charleston-North Charleston, SC",503225
42615,2021-04-01,"Dayton-Kettering-Beavercreek, OH",166575
42616,2021-04-01,"Allentown-Bethlehem-Easton, PA-NJ",290400
42617,2021-04-01,"Baton Rouge, LA",300400
42618,2021-04-01,"Worcester, MA",414975
42619,2021-04-01,"Urban Honolulu, HI",599000
42620,2021-04-01,"Greensboro-High Point, NC",250000
42621,2021-04-01,"Lakeland-Winter Haven, FL",264950
42622,2021-04-01,"Little Rock-North Little Rock-Conway, AR",248950
42623,2021-04-01,"Deltona-Daytona Beach-Ormond Beach, FL",315000
42624,2021-04-01,"Boise City, ID",487378
42625,2021-04-01,"El Paso, TX",237611
42626,2021-04-01,"Madison, WI",382000
42627,2021-04-01,"Des Moines-West Des Moines, IA",298777
42628,2021-04-01,"Akron, OH",179925
42629,2021-04-01,"Winston-Salem, NC",277983
42630,2021-04-01,"Colorado Springs, CO",454950
42631,2021-04-01,"Bakersfield-Delano, CA",300500
42632,2021-04-01,"Palm Bay-Melbourne-Titusville, FL",326950
42633,2021-04-01,"McAllen-Edinburg-Mission, TX",239950
42634,2021-04-01,"Oxnard-Thousand Oaks-Ventura, CA",870000
42635,2021-04-01,"Syracuse, NY",219200
42636,2021-04-01,"Wichita, KS",239000
42637,2021-04-01,"Kiryas Joel-Poughkeepsie-Newburgh, NY",421998
42638,2021-04-01,"Durham-Chapel Hill, NC",461950
42639,2021-04-01,"Toledo, OH",172000
42640,2021-04-01,"Augusta-Richmond County, GA-SC",275424
42641,2021-04-01,"Stockton-Lodi, CA",498250
42642,2021-04-01,"Harrisburg-Carlisle, PA",274950
42643,2021-04-01,"Portland-South Portland, ME",448898
42644,2021-04-01,"Jackson, MS",275815
42645,2021-04-01,"Chattanooga, TN-GA",350000
42646,2021-04-01,"Spokane-Spokane Valley, WA",399900
42647,2021-04-01,"Scranton--Wilkes-Barre, PA",189450
42648,2021-04-01,"New Haven, CT",359450
42649,2021-04-01,"Fayetteville-Springdale-Rogers, AR",312225
43475,2021-03-01,"New York-Newark-Jersey City, NY-NJ",649000
43476,2021-03-01,"Los Angeles-Long Beach-Anaheim, CA",970000
43477,2021-03-01,"Chicago-Naperville-Elgin, IL-IN",349900
43478,2021-03-01,"Dallas-Fort Worth-Arlington, TX",366350
43479,2021-03-01,"Houston-Pasadena-The Woodlands, TX",339500
43480,2021-03-01,"Philadelphia-Camden-Wilmington, PA-NJ-DE-MD",325000
43481,2021-03-01,"Miami-Fort Lauderdale-West Palm Beach, FL",398750
43482,2021-03-01,"Atlanta-Sandy Springs-Roswell, GA",367400
43483,2021-03-01,"Washington-Arlington-Alexandria, DC-VA-MD-WV",494950
43484,2021-03-01,"Phoenix-Mesa-Chandler, AZ",420000
43485,2021-03-01,"Boston-Cambridge-Newton, MA-NH",682450
43486,2021-03-01,"Detroit-Warren-Dearborn, MI",266294
43487,2021-03-01,"San Francisco-Oakland-Fremont, CA",1014498
43488,2021-03-01,"Seattle-Tacoma-Bellevue, WA",652500
43489,2021-03-01,"Riverside-San Bernardino-Ontario, CA",492548
43490,2021-03-01,"Minneapolis-St. Paul-Bloomington, MN-WI",369900
43491,2021-03-01,"Tampa-St. Petersburg-Clearwater, FL",304041
43492,2021-03-01,"Denver-Aurora-Centennial, CO",555000
43493,2021-03-01,"San Diego-Chula Vista-Carlsbad, CA",786950
43494,2021-03-01,"St. Louis, MO-IL",252450
43495,2021-03-01,"Charlotte-Concord-Gastonia, NC-SC",375079
43496,2021-03-01,"Baltimore-Columbia-Towson, MD",324995
43497,2021-03-01,"Orlando-Kissimmee-Sanford, FL",324263
43498,2021-03-01,"Pittsburgh, PA",249000
43499,2021-03-01,"San Antonio-New Braunfels, TX",298690
43500,2021-03-01,"Austin-Round Rock-San Marcos, TX",467498
43501,2021-03-01,"Portland-Vancouver-Hillsboro, OR-WA",512050
43502,2021-03-01,"Cleveland, OH",202754
43503,2021-03-01,"Cincinnati, OH-KY-IN",325000
43504,2021-03-01,"Kansas City, MO-KS",347450
43505,2021-03-01,"Las Vegas-Henderson-North Las Vegas, NV",357450
43506,2021-03-01,"Sacramento-Roseville-Folsom, CA",547450
43507,2021-03-01,"Columbus, OH",316825
43508,2021-03-01,"Indianapolis-Carmel-Greenwood, IN",270874
43509,2021-03-01,"Nashville-Davidson--Murfreesboro--Franklin, TN",399900
43510,2021-03-01,"Virginia Beach-Chesapeake-Norfolk, VA-NC",300029
43511,2021-03-01,"Jacksonville, FL",319450
43512,2021-03-01,"Providence-Warwick, RI-MA",399900
43513,2021-03-01,"San Jose-Sunnyvale-Santa Clara, CA",1246692
43514,2021-03-01,"Milwaukee-Waukesha, WI",274900
43515,2021-03-01,"Raleigh-Cary, NC",397500
43516,2021-03-01,"Oklahoma City, OK",287500
43517,2021-03-01,"Louisville/Jefferson County, KY-IN",267900
43518,2021-03-01,"Richmond, VA",369750
43519,2021-03-01,"Memphis, TN-MS-AR",237250
43520,2021-03-01,"Buffalo-Cheektowaga, NY",242200
43521,2021-03-01,"Birmingham, AL",263875
43522,2021-03-01,"Hartford-West Hartford-East Hartford, CT",364900
43523,2021-03-01,"Tucson, AZ",335000
43524,2021-03-01,"Grand Rapids-Wyoming-Kentwood, MI",309500
43525,2021-03-01,"Rochester, NY",254900
43526,2021-03-01,"Salt Lake City-Murray, UT",528630
43527,2021-03-01,"North Port-Bradenton-Sarasota, FL",415000
43528,2021-03-01,"Tulsa, OK",289000
43529,2021-03-01,"Greenville-Anderson-Greer, SC",296450
43530,2021-03-01,"Knoxville, TN",309945
43531,2021-03-01,"New Orleans-Metairie, LA",323450
43532,2021-03-01,"Omaha, NE-IA",322075
43533,2021-03-01,"Albany-Schenectady-Troy, NY",368200
43534,2021-03-01,"Albuquerque, NM",318500
43535,2021-03-01,"Fresno, CA",373900
43536,2021-03-01,"Bridgeport-Stamford-Danbury, CT",879725
43537,2021-03-01,"Cape Coral-Fort Myers, FL",334950
43538,2021-03-01,"Columbia, SC",253362
43539,2021-03-01,"Charleston-North Charleston, SC",496085
43540,2021-03-01,"Dayton-Kettering-Beavercreek, OH",169450
43541,2021-03-01,"Allentown-Bethlehem-Easton, PA-NJ",289925
43542,2021-03-01,"Baton Rouge, LA",287945
43543,2021-03-01,"Worcester, MA",412450
43544,2021-03-01,"Urban Honolulu, HI",572500
43545,2021-03-01,"Greensboro-High Point, NC",252500
43546,2021-03-01,"Lakeland-Winter Haven, FL",256950
43547,2021-03-01,"Little Rock-North Little Rock-Conway, AR",250500
43548,2021-03-01,"Deltona-Daytona Beach-Ormond Beach, FL",302450
43549,2021-03-01,"Boise City, ID",477500
43550,2021-03-01,"El Paso, TX",234975
43551,2021-03-01,"Madison, WI",385175
43552,2021-03-01,"Des Moines-West Des Moines, IA",284950
43553,2021-03-01,"Akron, OH",167400
43554,2021-03-01,"Winston-Salem, NC",283530
43555,2021-03-01,"Colorado Springs, CO",435000
43556,2021-03-01,"Bakersfield-Delano, CA",294995
43557,2021-03-01,"Palm Bay-Melbourne-Titusville, FL",311996
43558,2021-03-01,"McAllen-Edinburg-Mission, TX",234750
43559,2021-03-01,"Oxnard-Thousand Oaks-Ventura, CA",854450
43560,2021-03-01,"Syracuse, NY",202400
43561,2021-03-01,"Wichita, KS",239950
43562,2021-03-01,"Kiryas Joel-Poughkeepsie-Newburgh, NY",416619
43563,2021-03-01,"Durham-Chapel Hill, NC",436201
43564,2021-03-01,"Toledo, OH",182400
43565,2021-03-01,"Augusta-Richmond County, GA-SC",262500
43566,2021-03-01,"Stockton-Lodi, CA",453450
43567,2021-03-01,"Harrisburg-Carlisle, PA",279125
43568,2021-03-01,"Portland-South Portland, ME",438152
43569,2021-03-01,"Jackson, MS",269900
43570,2021-03-01,"Chattanooga, TN-GA",347225
43571,2021-03-01,"Spokane-Spokane Valley, WA",377450
43572,2021-03-01,"Scranton--Wilkes-Barre, PA",182500
43573,2021-03-01,"New Haven, CT",341700
43574,2021-03-01,"Fayetteville-Springdale-Rogers, AR",299231
44400,2021-02-01,"New York-Newark-Jersey City, NY-NJ",650000
44401,2021-02-01,"Los Angeles-Long Beach-Anaheim, CA",969000
44402,2021-02-01,"Chicago-Naperville-Elgin, IL-IN",339996
44403,2021-02-01,"Dallas-Fort Worth-Arlington, TX",359700
44404,2021-02-01,"Houston-Pasadena-The Woodlands, TX",332495
44405,2021-02-01,"Philadelphia-Camden-Wilmington, PA-NJ-DE-MD",320000
44406,2021-02-01,"Miami-Fort Lauderdale-West Palm Beach, FL",396000
44407,2021-02-01,"Atlanta-Sandy Springs-Roswell, GA",359950
44408,2021-02-01,"Washington-Arlington-Alexandria, DC-VA-MD-WV",492500
44409,2021-02-01,"Phoenix-Mesa-Chandler, AZ",413200
44410,2021-02-01,"Boston-Cambridge-Newton, MA-NH",679575
44411,2021-02-01,"Detroit-Warren-Dearborn, MI",250000
44412,2021-02-01,"San Francisco-Oakland-Fremont, CA",999500
44413,2021-02-01,"Seattle-Tacoma-Bellevue, WA",648625
44414,2021-02-01,"Riverside-San Bernardino-Ontario, CA",482400
44415,2021-02-01,"Minneapolis-St. Paul-Bloomington, MN-WI",369900
44416,2021-02-01,"Tampa-St. Petersburg-Clearwater, FL",299700
44417,2021-02-01,"Denver-Aurora-Centennial, CO",539849
44418,2021-02-01,"San Diego-Chula Vista-Carlsbad, CA",784000
44419,2021-02-01,"St. Louis, MO-IL",249900
44420,2021-02-01,"Charlotte-Concord-Gastonia, NC-SC",362500
44421,2021-02-01,"Baltimore-Columbia-Towson, MD",312450
44422,2021-02-01,"Orlando-Kissimmee-Sanford, FL",319000
44423,2021-02-01,"Pittsburgh, PA",239900
44424,2021-02-01,"San Antonio-New Braunfels, TX",295945
44425,2021-02-01,"Austin-Round Rock-San Marcos, TX",448995
44426,2021-02-01,"Portland-Vancouver-Hillsboro, OR-WA",503155
44427,2021-02-01,"Cleveland, OH",189900
44428,2021-02-01,"Cincinnati, OH-KY-IN",317400
44429,2021-02-01,"Kansas City, MO-KS",347450
44430,2021-02-01,"Las Vegas-Henderson-North Las Vegas, NV",342500
44431,2021-02-01,"Sacramento-Roseville-Folsom, CA",549995
44432,2021-02-01,"Columbus, OH",304959
44433,2021-02-01,"Indianapolis-Carmel-Greenwood, IN",264525
44434,2021-02-01,"Nashville-Davidson--Murfreesboro--Franklin, TN",396050
44435,2021-02-01,"Virginia Beach-Chesapeake-Norfolk, VA-NC",299945
44436,2021-02-01,"Jacksonville, FL",313503
44437,2021-02-01,"Providence-Warwick, RI-MA",422400
44438,2021-02-01,"San Jose-Sunnyvale-Santa Clara, CA",1223900
44439,2021-02-01,"Milwaukee-Waukesha, WI",264900
44440,2021-02-01,"Raleigh-Cary, NC",395000
44441,2021-02-01,"Oklahoma City, OK",289300
44442,2021-02-01,"Louisville/Jefferson County, KY-IN",261325
44443,2021-02-01,"Richmond, VA",370422
44444,2021-02-01,"Memphis, TN-MS-AR",233995
44445,2021-02-01,"Buffalo-Cheektowaga, NY",232675
44446,2021-02-01,"Birmingham, AL",259400
44447,2021-02-01,"Hartford-West Hartford-East Hartford, CT",362400
44448,2021-02-01,"Tucson, AZ",325000
44449,2021-02-01,"Grand Rapids-Wyoming-Kentwood, MI",312450
44450,2021-02-01,"Rochester, NY",264900
44451,2021-02-01,"Salt Lake City-Murray, UT",577350
44452,2021-02-01,"North Port-Bradenton-Sarasota, FL",393125
44453,2021-02-01,"Tulsa, OK",252575
44454,2021-02-01,"Greenville-Anderson-Greer, SC",283157
44455,2021-02-01,"Knoxville, TN",309900
44456,2021-02-01,"New Orleans-Metairie, LA",314450
44457,2021-02-01,"Omaha, NE-IA",322788
44458,2021-02-01,"Albany-Schenectady-Troy, NY",366900
44459,2021-02-01,"Albuquerque, NM",315500
44460,2021-02-01,"Fresno, CA",362500
44461,2021-02-01,"Bridgeport-Stamford-Danbury, CT",887000
44462,2021-02-01,"Cape Coral-Fort Myers, FL",321575
44463,2021-02-01,"Columbia, SC",252590
44464,2021-02-01,"Charleston-North Charleston, SC",498000
44465,2021-02-01,"Dayton-Kettering-Beavercreek, OH",175200
44466,2021-02-01,"Allentown-Bethlehem-Easton, PA-NJ",294950
44467,2021-02-01,"Baton Rouge, LA",280000
44468,2021-02-01,"Worcester, MA",425000
44469,2021-02-01,"Urban Honolulu, HI",547500
44470,2021-02-01,"Greensboro-High Point, NC",248698
44471,2021-02-01,"Lakeland-Winter Haven, FL",252335
44472,2021-02-01,"Little Rock-North Little Rock-Conway, AR",244950
44473,2021-02-01,"Deltona-Daytona Beach-Ormond Beach, FL",299700
44474,2021-02-01,"Boise City, ID",469316
44475,2021-02-01,"El Paso, TX",230462
44476,2021-02-01,"Madison, WI",387950
44477,2021-02-01,"Des Moines-West Des Moines, IA",280750
44478,2021-02-01,"Akron, OH",153850
44479,2021-02-01,"Winston-Salem, NC",280285
44480,2021-02-01,"Colorado Springs, CO",444970
44481,2021-02-01,"Bakersfield-Delano, CA",284500
44482,2021-02-01,"Palm Bay-Melbourne-Titusville, FL",299950
44483,2021-02-01,"McAllen-Edinburg-Mission, TX",225000
44484,2021-02-01,"Oxnard-Thousand Oaks-Ventura, CA",879450
44485,2021-02-01,"Syracuse, NY",196450
44486,2021-02-01,"Wichita, KS",243076
44487,2021-02-01,"Kiryas Joel-Poughkeepsie-Newburgh, NY",412450
44488,2021-02-01,"Durham-Chapel Hill, NC",429975
44489,2021-02-01,"Toledo, OH",185000
44490,2021-02-01,"Augusta-Richmond County, GA-SC",259850
44491,2021-02-01,"Stockton-Lodi, CA",459500
44492,2021-02-01,"Harrisburg-Carlisle, PA",268450
44493,2021-02-01,"Portland-South Portland, ME",437500
44494,2021-02-01,"Jackson, MS",276950
44495,2021-02-01,"Chattanooga, TN-GA",331175
44496,2021-02-01,"Spokane-Spokane Valley, WA",378155
44497,2021-02-01,"Scranton--Wilkes-Barre, PA",175950
44498,2021-02-01,"New Haven, CT",337861
44499,2021-02-01,"Fayetteville-Springdale-Rogers, AR",297870
45325,2021-01-01,"New York-Newark-Jersey City, NY-NJ",649900
45326,2021-01-01,"Los Angeles-Long Beach-Anaheim, CA",950000
45327,2021-01-01,"Chicago-Naperville-Elgin, IL-IN",325000
45328,2021-01-01,"Dallas-Fort Worth-Arlington, TX",350000
45329,2021-01-01,"Houston-Pasadena-The Woodlands, TX",329900
45330,2021-01-01,"Philadelphia-Camden-Wilmington, PA-NJ-DE-MD",320000
45331,2021-01-01,"Miami-Fort Lauderdale-West Palm Beach, FL",399000
45332,2021-01-01,"Atlanta-Sandy Springs-Roswell, GA",350000
45333,2021-01-01,"Washington-Arlington-Alexandria, DC-VA-MD-WV",489900
45334,2021-01-01,"Phoenix-Mesa-Chandler, AZ",414990
45335,2021-01-01,"Boston-Cambridge-Newton, MA-NH",659000
45336,2021-01-01,"Detroit-Warren-Dearborn, MI",249900
45337,2021-01-01,"San Francisco-Oakland-Fremont, CA",989000
45338,2021-01-01,"Seattle-Tacoma-Bellevue, WA",638000
45339,2021-01-01,"Riverside-San Bernardino-Ontario, CA",475000
45340,2021-01-01,"Minneapolis-St. Paul-Bloomington, MN-WI",359780
45341,2021-01-01,"Tampa-St. Petersburg-Clearwater, FL",299900
45342,2021-01-01,"Denver-Aurora-Centennial, CO",525000
45343,2021-01-01,"San Diego-Chula Vista-Carlsbad, CA",775000
45344,2021-01-01,"St. Louis, MO-IL",239950
45345,2021-01-01,"Charlotte-Concord-Gastonia, NC-SC",367500
45346,2021-01-01,"Baltimore-Columbia-Towson, MD",318750
45347,2021-01-01,"Orlando-Kissimmee-Sanford, FL",319490
45348,2021-01-01,"Pittsburgh, PA",229900
45349,2021-01-01,"San Antonio-New Braunfels, TX",289000
45350,2021-01-01,"Austin-Round Rock-San Marcos, TX",434990
45351,2021-01-01,"Portland-Vancouver-Hillsboro, OR-WA",499900
45352,2021-01-01,"Cleveland, OH",182500
45353,2021-01-01,"Cincinnati, OH-KY-IN",299900
45354,2021-01-01,"Kansas City, MO-KS",333425
45355,2021-01-01,"Las Vegas-Henderson-North Las Vegas, NV",342995
45356,2021-01-01,"Sacramento-Roseville-Folsom, CA",565000
45357,2021-01-01,"Columbus, OH",299900
45358,2021-01-01,"Indianapolis-Carmel-Greenwood, IN",259900
45359,2021-01-01,"Nashville-Davidson--Murfreesboro--Franklin, TN",391990
45360,2021-01-01,"Virginia Beach-Chesapeake-Norfolk, VA-NC",299900
45361,2021-01-01,"Jacksonville, FL",303900
45362,2021-01-01,"Providence-Warwick, RI-MA",431900
45363,2021-01-01,"San Jose-Sunnyvale-Santa Clara, CA",1199000
45364,2021-01-01,"Milwaukee-Waukesha, WI",259900
45365,2021-01-01,"Raleigh-Cary, NC",389900
45366,2021-01-01,"Oklahoma City, OK",264900
45367,2021-01-01,"Louisville/Jefferson County, KY-IN",249900
45368,2021-01-01,"Richmond, VA",368995
45369,2021-01-01,"Memphis, TN-MS-AR",240000
45370,2021-01-01,"Buffalo-Cheektowaga, NY",210000
45371,2021-01-01,"Birmingham, AL",257375
45372,2021-01-01,"Hartford-West Hartford-East Hartford, CT",350000
45373,2021-01-01,"Tucson, AZ",320000
45374,2021-01-01,"Grand Rapids-Wyoming-Kentwood, MI",299950
45375,2021-01-01,"Rochester, NY",249000
45376,2021-01-01,"Salt Lake City-Murray, UT",579900
45377,2021-01-01,"North Port-Bradenton-Sarasota, FL",381641
45378,2021-01-01,"Tulsa, OK",269000
45379,2021-01-01,"Greenville-Anderson-Greer, SC",276200
45380,2021-01-01,"Knoxville, TN",312423
45381,2021-01-01,"New Orleans-Metairie, LA",309000
45382,2021-01-01,"Omaha, NE-IA",315000
45383,2021-01-01,"Albany-Schenectady-Troy, NY",344900
45384,2021-01-01,"Albuquerque, NM",310775
45385,2021-01-01,"Fresno, CA",365000
45386,2021-01-01,"Bridgeport-Stamford-Danbury, CT",825000
45387,2021-01-01,"Cape Coral-Fort Myers, FL",319900
45388,2021-01-01,"Columbia, SC",249100
45389,2021-01-01,"Charleston-North Charleston, SC",450000
45390,2021-01-01,"Dayton-Kettering-Beavercreek, OH",179000
45391,2021-01-01,"Allentown-Bethlehem-Easton, PA-NJ",279000
45392,2021-01-01,"Baton Rouge, LA",269900
45393,2021-01-01,"Worcester, MA",415000
45394,2021-01-01,"Urban Honolulu, HI",573250
45395,2021-01-01,"Greensboro-High Point, NC",260000
45396,2021-01-01,"Lakeland-Winter Haven, FL",252195
45397,2021-01-01,"Little Rock-North Little Rock-Conway, AR",230000
45398,2021-01-01,"Deltona-Daytona Beach-Ormond Beach, FL",289900
45399,2021-01-01,"Boise City, ID",444995
45400,2021-01-01,"El Paso, TX",230000
45401,2021-01-01,"Madison, WI",374900
45402,2021-01-01,"Des Moines-West Des Moines, IA",275000
45403,2021-01-01,"Akron, OH",149900
45404,2021-01-01,"Winston-Salem, NC",272990
45405,2021-01-01,"Colorado Springs, CO",450785
45406,2021-01-01,"Bakersfield-Delano, CA",279000
45407,2021-01-01,"Palm Bay-Melbourne-Titusville, FL",299900
45408,2021-01-01,"McAllen-Edinburg-Mission, TX",220000
45409,2021-01-01,"Oxnard-Thousand Oaks-Ventura, CA",825450
45410,2021-01-01,"Syracuse, NY",179900
45411,2021-01-01,"Wichita, KS",224538
45412,2021-01-01,"Kiryas Joel-Poughkeepsie-Newburgh, NY",399900
45413,2021-01-01,"Durham-Chapel Hill, NC",425000
45414,2021-01-01,"Toledo, OH",169900
45415,2021-01-01,"Augusta-Richmond County, GA-SC",259000
45416,2021-01-01,"Stockton-Lodi, CA",450000
45417,2021-01-01,"Harrisburg-Carlisle, PA",259900
45418,2021-01-01,"Portland-South Portland, ME",438500
45419,2021-01-01,"Jackson, MS",274500
45420,2021-01-01,"Chattanooga, TN-GA",319450
45421,2021-01-01,"Spokane-Spokane Valley, WA",369900
45422,2021-01-01,"Scranton--Wilkes-Barre, PA",169250
45423,2021-01-01,"New Haven, CT",340000
45424,2021-01-01,"Fayetteville-Springdale-Rogers, AR",289900
46250,2020-12-01,"New York-Newark-Jersey City, NY-NJ",649950
46251,2020-12-01,"Los Angeles-Long Beach-Anaheim, CA",949450
46252,2020-12-01,"Chicago-Naperville-Elgin, IL-IN",325000
46253,2020-12-01,"Dallas-Fort Worth-Arlington, TX",357998
46254,2020-12-01,"Houston-Pasadena-The Woodlands, TX",329000
46255,2020-12-01,"Philadelphia-Camden-Wilmington, PA-NJ-DE-MD",325000
46256,2020-12-01,"Miami-Fort Lauderdale-West Palm Beach, FL",399999
46257,2020-12-01,"Atlanta-Sandy Springs-Roswell, GA",349950
46258,2020-12-01,"Washington-Arlington-Alexandria, DC-VA-MD-WV",499450
46259,2020-12-01,"Phoenix-Mesa-Chandler, AZ",408500
46260,2020-12-01,"Boston-Cambridge-Newton, MA-NH",647450
46261,2020-12-01,"Detroit-Warren-Dearborn, MI",249950
46262,2020-12-01,"San Francisco-Oakland-Fremont, CA",998462
46263,2020-12-01,"Seattle-Tacoma-Bellevue, WA",624975
46264,2020-12-01,"Riverside-San Bernardino-Ontario, CA",478947
46265,2020-12-01,"Minneapolis-St. Paul-Bloomington, MN-WI",347450
46266,2020-12-01,"Tampa-St. Petersburg-Clearwater, FL",299996
46267,2020-12-01,"Denver-Aurora-Centennial, CO",530601
46268,2020-12-01,"San Diego-Chula Vista-Carlsbad, CA",767938
46269,2020-12-01,"St. Louis, MO-IL",230150
46270,2020-12-01,"Charlotte-Concord-Gastonia, NC-SC",372244
46271,2020-12-01,"Baltimore-Columbia-Towson, MD",319950
46272,2020-12-01,"Orlando-Kissimmee-Sanford, FL",323410
46273,2020-12-01,"Pittsburgh, PA",228450
46274,2020-12-01,"San Antonio-New Braunfels, TX",290000
46275,2020-12-01,"Austin-Round Rock-San Marcos, TX",428950
46276,2020-12-01,"Portland-Vancouver-Hillsboro, OR-WA",507500
46277,2020-12-01,"Cleveland, OH",189900
46278,2020-12-01,"Cincinnati, OH-KY-IN",292450
46279,2020-12-01,"Kansas City, MO-KS",324475
46280,2020-12-01,"Las Vegas-Henderson-North Las Vegas, NV",342980
46281,2020-12-01,"Sacramento-Roseville-Folsom, CA",549000
46282,2020-12-01,"Columbus, OH",307450
46283,2020-12-01,"Indianapolis-Carmel-Greenwood, IN",259950
46284,2020-12-01,"Nashville-Davidson--Murfreesboro--Franklin, TN",394950
46285,2020-12-01,"Virginia Beach-Chesapeake-Norfolk, VA-NC",299900
46286,2020-12-01,"Jacksonville, FL",300864
46287,2020-12-01,"Providence-Warwick, RI-MA",415000
46288,2020-12-01,"San Jose-Sunnyvale-Santa Clara, CA",1197000
46289,2020-12-01,"Milwaukee-Waukesha, WI",260000
46290,2020-12-01,"Raleigh-Cary, NC",385774
46291,2020-12-01,"Oklahoma City, OK",267473
46292,2020-12-01,"Louisville/Jefferson County, KY-IN",246750
46293,2020-12-01,"Richmond, VA",364975
46294,2020-12-01,"Memphis, TN-MS-AR",249495
46295,2020-12-01,"Buffalo-Cheektowaga, NY",202500
46296,2020-12-01,"Birmingham, AL",255575
46297,2020-12-01,"Hartford-West Hartford-East Hartford, CT",349900
46298,2020-12-01,"Tucson, AZ",315000
46299,2020-12-01,"Grand Rapids-Wyoming-Kentwood, MI",299900
46300,2020-12-01,"Rochester, NY",229950
46301,2020-12-01,"Salt Lake City-Murray, UT",538032
46302,2020-12-01,"North Port-Bradenton-Sarasota, FL",379000
46303,2020-12-01,"Tulsa, OK",265000
46304,2020-12-01,"Greenville-Anderson-Greer, SC",275833
46305,2020-12-01,"Knoxville, TN",301273
46306,2020-12-01,"New Orleans-Metairie, LA",323875
46307,2020-12-01,"Omaha, NE-IA",290036
46308,2020-12-01,"Albany-Schenectady-Troy, NY",338950
46309,2020-12-01,"Albuquerque, NM",309179
46310,2020-12-01,"Fresno, CA",354500
46311,2020-12-01,"Bridgeport-Stamford-Danbury, CT",797000
46312,2020-12-01,"Cape Coral-Fort Myers, FL",324019
46313,2020-12-01,"Columbia, SC",250086
46314,2020-12-01,"Charleston-North Charleston, SC",439923
46315,2020-12-01,"Dayton-Kettering-Beavercreek, OH",172450
46316,2020-12-01,"Allentown-Bethlehem-Easton, PA-NJ",274950
46317,2020-12-01,"Baton Rouge, LA",270495
46318,2020-12-01,"Worcester, MA",397722
46319,2020-12-01,"Urban Honolulu, HI",581750
46320,2020-12-01,"Greensboro-High Point, NC",257695
46321,2020-12-01,"Lakeland-Winter Haven, FL",249695
46322,2020-12-01,"Little Rock-North Little Rock-Conway, AR",239450
46323,2020-12-01,"Deltona-Daytona Beach-Ormond Beach, FL",287945
46324,2020-12-01,"Boise City, ID",436500
46325,2020-12-01,"El Paso, TX",228107
46326,2020-12-01,"Madison, WI",362000
46327,2020-12-01,"Des Moines-West Des Moines, IA",272450
46328,2020-12-01,"Akron, OH",158500
46329,2020-12-01,"Winston-Salem, NC",269499
46330,2020-12-01,"Colorado Springs, CO",451628
46331,2020-12-01,"Bakersfield-Delano, CA",287000
46332,2020-12-01,"Palm Bay-Melbourne-Titusville, FL",299950
46333,2020-12-01,"McAllen-Edinburg-Mission, TX",228000
46334,2020-12-01,"Oxnard-Thousand Oaks-Ventura, CA",819450
46335,2020-12-01,"Syracuse, NY",186600
46336,2020-12-01,"Wichita, KS",220000
46337,2020-12-01,"Kiryas Joel-Poughkeepsie-Newburgh, NY",390000
46338,2020-12-01,"Durham-Chapel Hill, NC",431105
46339,2020-12-01,"Toledo, OH",165950
46340,2020-12-01,"Augusta-Richmond County, GA-SC",251892
46341,2020-12-01,"Stockton-Lodi, CA",449950
46342,2020-12-01,"Harrisburg-Carlisle, PA",253050
46343,2020-12-01,"Portland-South Portland, ME",441400
46344,2020-12-01,"Jackson, MS",274500
46345,2020-12-01,"Chattanooga, TN-GA",312450
46346,2020-12-01,"Spokane-Spokane Valley, WA",369849
46347,2020-12-01,"Scranton--Wilkes-Barre, PA",179450
46348,2020-12-01,"New Haven, CT",329900
46349,2020-12-01,"Fayetteville-Springdale-Rogers, AR",287450
47175,2020-11-01,"New York-Newark-Jersey City, NY-NJ",649950
47176,2020-11-01,"Los Angeles-Long Beach-Anaheim, CA",949500
47177,2020-11-01,"Chicago-Naperville-Elgin, IL-IN",334500
47178,2020-11-01,"Dallas-Fort Worth-Arlington, TX",362050
47179,2020-11-01,"Houston-Pasadena-The Woodlands, TX",330495
47180,2020-11-01,"Philadelphia-Camden-Wilmington, PA-NJ-DE-MD",337450
47181,2020-11-01,"Miami-Fort Lauderdale-West Palm Beach, FL",400000
47182,2020-11-01,"Atlanta-Sandy Springs-Roswell, GA",351985
47183,2020-11-01,"Washington-Arlington-Alexandria, DC-VA-MD-WV",499950
47184,2020-11-01,"Phoenix-Mesa-Chandler, AZ",417000
47185,2020-11-01,"Boston-Cambridge-Newton, MA-NH",654450
47186,2020-11-01,"Detroit-Warren-Dearborn, MI",254950
47187,2020-11-01,"San Francisco-Oakland-Fremont, CA",1049450
47188,2020-11-01,"Seattle-Tacoma-Bellevue, WA",626725
47189,2020-11-01,"Riverside-San Bernardino-Ontario, CA",475000
47190,2020-11-01,"Minneapolis-St. Paul-Bloomington, MN-WI",348738
47191,2020-11-01,"Tampa-St. Petersburg-Clearwater, FL",305000
47192,2020-11-01,"Denver-Aurora-Centennial, CO",519675
47193,2020-11-01,"San Diego-Chula Vista-Carlsbad, CA",762000
47194,2020-11-01,"St. Louis, MO-IL",235700
47195,2020-11-01,"Charlotte-Concord-Gastonia, NC-SC",374950
47196,2020-11-01,"Baltimore-Columbia-Towson, MD",325000
47197,2020-11-01,"Orlando-Kissimmee-Sanford, FL",325000
47198,2020-11-01,"Pittsburgh, PA",230000
47199,2020-11-01,"San Antonio-New Braunfels, TX",293876
47200,2020-11-01,"Austin-Round Rock-San Marcos, TX",422250
47201,2020-11-01,"Portland-Vancouver-Hillsboro, OR-WA",512500
47202,2020-11-01,"Cleveland, OH",191300
47203,2020-11-01,"Cincinnati, OH-KY-IN",290950
47204,2020-11-01,"Kansas City, MO-KS",339250
47205,2020-11-01,"Las Vegas-Henderson-North Las Vegas, NV",345000
47206,2020-11-01,"Sacramento-Roseville-Folsom, CA",551166
47207,2020-11-01,"Columbus, OH",307450
47208,2020-11-01,"Indianapolis-Carmel-Greenwood, IN",267000
47209,2020-11-01,"Nashville-Davidson--Murfreesboro--Franklin, TN",397173
47210,2020-11-01,"Virginia Beach-Chesapeake-Norfolk, VA-NC",305000
47211,2020-11-01,"Jacksonville, FL",302945
47212,2020-11-01,"Providence-Warwick, RI-MA",409950
47213,2020-11-01,"San Jose-Sunnyvale-Santa Clara, CA",1232124
47214,2020-11-01,"Milwaukee-Waukesha, WI",263700
47215,2020-11-01,"Raleigh-Cary, NC",384175
47216,2020-11-01,"Oklahoma City, OK",274585
47217,2020-11-01,"Louisville/Jefferson County, KY-IN",249900
47218,2020-11-01,"Richmond, VA",362425
47219,2020-11-01,"Memphis, TN-MS-AR",257450
47220,2020-11-01,"Buffalo-Cheektowaga, NY",209950
47221,2020-11-01,"Birmingham, AL",256448
47222,2020-11-01,"Hartford-West Hartford-East Hartford, CT",349900
47223,2020-11-01,"Tucson, AZ",313439
47224,2020-11-01,"Grand Rapids-Wyoming-Kentwood, MI",295949
47225,2020-11-01,"Rochester, NY",224900
47226,2020-11-01,"Salt Lake City-Murray, UT",499775
47227,2020-11-01,"North Port-Bradenton-Sarasota, FL",375000
47228,2020-11-01,"Tulsa, OK",267450
47229,2020-11-01,"Greenville-Anderson-Greer, SC",279900
47230,2020-11-01,"Knoxville, TN",310000
47231,2020-11-01,"New Orleans-Metairie, LA",326500
47232,2020-11-01,"Omaha, NE-IA",288750
47233,2020-11-01,"Albany-Schenectady-Troy, NY",336650
47234,2020-11-01,"Albuquerque, NM",305000
47235,2020-11-01,"Fresno, CA",362675
47236,2020-11-01,"Bridgeport-Stamford-Danbury, CT",772000
47237,2020-11-01,"Cape Coral-Fort Myers, FL",324900
47238,2020-11-01,"Columbia, SC",249904
47239,2020-11-01,"Charleston-North Charleston, SC",434500
47240,2020-11-01,"Dayton-Kettering-Beavercreek, OH",183900
47241,2020-11-01,"Allentown-Bethlehem-Easton, PA-NJ",269975
47242,2020-11-01,"Baton Rouge, LA",270495
47243,2020-11-01,"Worcester, MA",394425
47244,2020-11-01,"Urban Honolulu, HI",597500
47245,2020-11-01,"Greensboro-High Point, NC",264500
47246,2020-11-01,"Lakeland-Winter Haven, FL",245860
47247,2020-11-01,"Little Rock-North Little Rock-Conway, AR",240825
47248,2020-11-01,"Deltona-Daytona Beach-Ormond Beach, FL",289218
47249,2020-11-01,"Boise City, ID",441828
47250,2020-11-01,"El Paso, TX",232100
47251,2020-11-01,"Madison, WI",364625
47252,2020-11-01,"Des Moines-West Des Moines, IA",269950
47253,2020-11-01,"Akron, OH",166750
47254,2020-11-01,"Winston-Salem, NC",279900
47255,2020-11-01,"Colorado Springs, CO",453550
47256,2020-11-01,"Bakersfield-Delano, CA",299900
47257,2020-11-01,"Palm Bay-Melbourne-Titusville, FL",307070
47258,2020-11-01,"McAllen-Edinburg-Mission, TX",228550
47259,2020-11-01,"Oxnard-Thousand Oaks-Ventura, CA",799000
47260,2020-11-01,"Syracuse, NY",189200
47261,2020-11-01,"Wichita, KS",226300
47262,2020-11-01,"Kiryas Joel-Poughkeepsie-Newburgh, NY",399000
47263,2020-11-01,"Durham-Chapel Hill, NC",435874
47264,2020-11-01,"Toledo, OH",167400
47265,2020-11-01,"Augusta-Richmond County, GA-SC",249995
47266,2020-11-01,"Stockton-Lodi, CA",450000
47267,2020-11-01,"Harrisburg-Carlisle, PA",257550
47268,2020-11-01,"Portland-South Portland, ME",425000
47269,2020-11-01,"Jackson, MS",284425
47270,2020-11-01,"Chattanooga, TN-GA",316975
47271,2020-11-01,"Spokane-Spokane Valley, WA",374950
47272,2020-11-01,"Scranton--Wilkes-Barre, PA",179900
47273,2020-11-01,"New Haven, CT",329925
47274,2020-11-01,"Fayetteville-Springdale-Rogers, AR",294790
48100,2020-10-01,"New York-Newark-Jersey City, NY-NJ",650000
48101,2020-10-01,"Los Angeles-Long Beach-Anaheim, CA",949500
48102,2020-10-01,"Chicago-Naperville-Elgin, IL-IN",340000
48103,2020-10-01,"Dallas-Fort Worth-Arlington, TX",359000
48104,2020-10-01,"Houston-Pasadena-The Woodlands, TX",330000
48105,2020-10-01,"Philadelphia-Camden-Wilmington, PA-NJ-DE-MD",344900
48106,2020-10-01,"Miami-Fort Lauderdale-West Palm Beach, FL",405000
48107,2020-10-01,"Atlanta-Sandy Springs-Roswell, GA",354900
48108,2020-10-01,"Washington-Arlington-Alexandria, DC-VA-MD-WV",502500
48109,2020-10-01,"Phoenix-Mesa-Chandler, AZ",435000
48110,2020-10-01,"Boston-Cambridge-Newton, MA-NH",665000
48111,2020-10-01,"Detroit-Warren-Dearborn, MI",265000
48112,2020-10-01,"San Francisco-Oakland-Fremont, CA",1073333
48113,2020-10-01,"Seattle-Tacoma-Bellevue, WA",619990
48114,2020-10-01,"Riverside-San Bernardino-Ontario, CA",469999
48115,2020-10-01,"Minneapolis-St. Paul-Bloomington, MN-WI",349900
48116,2020-10-01,"Tampa-St. Petersburg-Clearwater, FL",309900
48117,2020-10-01,"Denver-Aurora-Centennial, CO",515000
48118,2020-10-01,"San Diego-Chula Vista-Carlsbad, CA",775000
48119,2020-10-01,"St. Louis, MO-IL",243000
48120,2020-10-01,"Charlotte-Concord-Gastonia, NC-SC",368732
48121,2020-10-01,"Baltimore-Columbia-Towson, MD",335000
48122,2020-10-01,"Orlando-Kissimmee-Sanford, FL",325000
48123,2020-10-01,"Pittsburgh, PA",234900
48124,2020-10-01,"San Antonio-New Braunfels, TX",295750
48125,2020-10-01,"Austin-Round Rock-San Marcos, TX",420000
48126,2020-10-01,"Portland-Vancouver-Hillsboro, OR-WA",510000
48127,2020-10-01,"Cleveland, OH",199000
48128,2020-10-01,"Cincinnati, OH-KY-IN",299983
48129,2020-10-01,"Kansas City, MO-KS",349999
48130,2020-10-01,"Las Vegas-Henderson-North Las Vegas, NV",349000
48131,2020-10-01,"Sacramento-Roseville-Folsom, CA",545000
48132,2020-10-01,"Columbus, OH",304505
48133,2020-10-01,"Indianapolis-Carmel-Greenwood, IN",274900
48134,2020-10-01,"Nashville-Davidson--Murfreesboro--Franklin, TN",399900
48135,2020-10-01,"Virginia Beach-Chesapeake-Norfolk, VA-NC",310000
48136,2020-10-01,"Jacksonville, FL",309500
48137,2020-10-01,"Providence-Warwick, RI-MA",419900
48138,2020-10-01,"San Jose-Sunnyvale-Santa Clara, CA",1229950
48139,2020-10-01,"Milwaukee-Waukesha, WI",267900
48140,2020-10-01,"Raleigh-Cary, NC",389320
48141,2020-10-01,"Oklahoma City, OK",280000
48142,2020-10-01,"Louisville/Jefferson County, KY-IN",260000
48143,2020-10-01,"Richmond, VA",360000
48144,2020-10-01,"Memphis, TN-MS-AR",259900
48145,2020-10-01,"Buffalo-Cheektowaga, NY",210000
48146,2020-10-01,"Birmingham, AL",259650
48147,2020-10-01,"Hartford-West Hartford-East Hartford, CT",348900
48148,2020-10-01,"Tucson, AZ",310000
48149,2020-10-01,"Grand Rapids-Wyoming-Kentwood, MI",289900
48150,2020-10-01,"Rochester, NY",221225
48151,2020-10-01,"Salt Lake City-Murray, UT",479900
48152,2020-10-01,"North Port-Bradenton-Sarasota, FL",375000
48153,2020-10-01,"Tulsa, OK",271687
48154,2020-10-01,"Greenville-Anderson-Greer, SC",283263
48155,2020-10-01,"Knoxville, TN",319900
48156,2020-10-01,"New Orleans-Metairie, LA",335000
48157,2020-10-01,"Omaha, NE-IA",294975
48158,2020-10-01,"Albany-Schenectady-Troy, NY",335000
48159,2020-10-01,"Albuquerque, NM",307980
48160,2020-10-01,"Fresno, CA",359450
48161,2020-10-01,"Bridgeport-Stamford-Danbury, CT",792000
48162,2020-10-01,"Cape Coral-Fort Myers, FL",325000
48163,2020-10-01,"Columbia, SC",245000
48164,2020-10-01,"Charleston-North Charleston, SC",435000
48165,2020-10-01,"Dayton-Kettering-Beavercreek, OH",185000
48166,2020-10-01,"Allentown-Bethlehem-Easton, PA-NJ",269900
48167,2020-10-01,"Baton Rouge, LA",273900
48168,2020-10-01,"Worcester, MA",399900
48169,2020-10-01,"Urban Honolulu, HI",595000
48170,2020-10-01,"Greensboro-High Point, NC",284900
48171,2020-10-01,"Lakeland-Winter Haven, FL",245000
48172,2020-10-01,"Little Rock-North Little Rock-Conway, AR",244500
48173,2020-10-01,"Deltona-Daytona Beach-Ormond Beach, FL",289000
48174,2020-10-01,"Boise City, ID",425000
48175,2020-10-01,"El Paso, TX",225950
48176,2020-10-01,"Madison, WI",359900
48177,2020-10-01,"Des Moines-West Des Moines, IA",270096
48178,2020-10-01,"Akron, OH",179900
48179,2020-10-01,"Winston-Salem, NC",299900
48180,2020-10-01,"Colorado Springs, CO",439900
48181,2020-10-01,"Bakersfield-Delano, CA",299900
48182,2020-10-01,"Palm Bay-Melbourne-Titusville, FL",315612
48183,2020-10-01,"McAllen-Edinburg-Mission, TX",228200
48184,2020-10-01,"Oxnard-Thousand Oaks-Ventura, CA",824500
48185,2020-10-01,"Syracuse, NY",189900
48186,2020-10-01,"Wichita, KS",229900
48187,2020-10-01,"Kiryas Joel-Poughkeepsie-Newburgh, NY",399900
48188,2020-10-01,"Durham-Chapel Hill, NC",438944
48189,2020-10-01,"Toledo, OH",179900
48190,2020-10-01,"Augusta-Richmond County, GA-SC",262690
48191,2020-10-01,"Stockton-Lodi, CA",450000
48192,2020-10-01,"Harrisburg-Carlisle, PA",261400
48193,2020-10-01,"Portland-South Portland, ME",417500
48194,2020-10-01,"Jackson, MS",289450
48195,2020-10-01,"Chattanooga, TN-GA",320000
48196,2020-10-01,"Spokane-Spokane Valley, WA",376156
48197,2020-10-01,"Scranton--Wilkes-Barre, PA",185000
48198,2020-10-01,"New Haven, CT",334900
48199,2020-10-01,"Fayetteville-Springdale-Rogers, AR",299900
49025,2020-09-01,"New York-Newark-Jersey City, NY-NJ",649450
49026,2020-09-01,"Los Angeles-Long Beach-Anaheim, CA",949475
49027,2020-09-01,"Chicago-Naperville-Elgin, IL-IN",347000
49028,2020-09-01,"Dallas-Fort Worth-Arlington, TX",361750
49029,2020-09-01,"Houston-Pasadena-The Woodlands, TX",330000
49030,2020-09-01,"Philadelphia-Camden-Wilmington, PA-NJ-DE-MD",339950
49031,2020-09-01,"Miami-Fort Lauderdale-West Palm Beach, FL",400000
49032,2020-09-01,"Atlanta-Sandy Springs-Roswell, GA",352555
49033,2020-09-01,"Washington-Arlington-Alexandria, DC-VA-MD-WV",520970
49034,2020-09-01,"Phoenix-Mesa-Chandler, AZ",436316
49035,2020-09-01,"Boston-Cambridge-Newton, MA-NH",672500
49036,2020-09-01,"Detroit-Warren-Dearborn, MI",269950
49037,2020-09-01,"San Francisco-Oakland-Fremont, CA",1052500
49038,2020-09-01,"Seattle-Tacoma-Bellevue, WA",624999
49039,2020-09-01,"Riverside-San Bernardino-Ontario, CA",468995
49040,2020-09-01,"Minneapolis-St. Paul-Bloomington, MN-WI",356456
49041,2020-09-01,"Tampa-St. Petersburg-Clearwater, FL",304950
49042,2020-09-01,"Denver-Aurora-Centennial, CO",522000
49043,2020-09-01,"San Diego-Chula Vista-Carlsbad, CA",775000
49044,2020-09-01,"St. Louis, MO-IL",249900
49045,2020-09-01,"Charlotte-Concord-Gastonia, NC-SC",373591
49046,2020-09-01,"Baltimore-Columbia-Towson, MD",339900
49047,2020-09-01,"Orlando-Kissimmee-Sanford, FL",325000
49048,2020-09-01,"Pittsburgh, PA",237625
49049,2020-09-01,"San Antonio-New Braunfels, TX",299363
49050,2020-09-01,"Austin-Round Rock-San Marcos, TX",415495
49051,2020-09-01,"Portland-Vancouver-Hillsboro, OR-WA",499980
49052,2020-09-01,"Cleveland, OH",207450
49053,2020-09-01,"Cincinnati, OH-KY-IN",316750
49054,2020-09-01,"Kansas City, MO-KS",353775
49055,2020-09-01,"Las Vegas-Henderson-North Las Vegas, NV",345225
49056,2020-09-01,"Sacramento-Roseville-Folsom, CA",539944
49057,2020-09-01,"Columbus, OH",300164
49058,2020-09-01,"Indianapolis-Carmel-Greenwood, IN",286342
49059,2020-09-01,"Nashville-Davidson--Murfreesboro--Franklin, TN",399694
49060,2020-09-01,"Virginia Beach-Chesapeake-Norfolk, VA-NC",320643
49061,2020-09-01,"Jacksonville, FL",315000
49062,2020-09-01,"Providence-Warwick, RI-MA",422450
49063,2020-09-01,"San Jose-Sunnyvale-Santa Clara, CA",1210000
49064,2020-09-01,"Milwaukee-Waukesha, WI",275000
49065,2020-09-01,"Raleigh-Cary, NC",389684
49066,2020-09-01,"Oklahoma City, OK",279990
49067,2020-09-01,"Louisville/Jefferson County, KY-IN",271925
49068,2020-09-01,"Richmond, VA",356423
49069,2020-09-01,"Memphis, TN-MS-AR",259900
49070,2020-09-01,"Buffalo-Cheektowaga, NY",221948
49071,2020-09-01,"Birmingham, AL",270200
49072,2020-09-01,"Hartford-West Hartford-East Hartford, CT",349400
49073,2020-09-01,"Tucson, AZ",316332
49074,2020-09-01,"Grand Rapids-Wyoming-Kentwood, MI",299450
49075,2020-09-01,"Rochester, NY",221450
49076,2020-09-01,"Salt Lake City-Murray, UT",473600
49077,2020-09-01,"North Port-Bradenton-Sarasota, FL",374950
49078,2020-09-01,"Tulsa, OK",281225
49079,2020-09-01,"Greenville-Anderson-Greer, SC",290312
49080,2020-09-01,"Knoxville, TN",322950
49081,2020-09-01,"New Orleans-Metairie, LA",329950
49082,2020-09-01,"Omaha, NE-IA",308500
49083,2020-09-01,"Albany-Schenectady-Troy, NY",335000
49084,2020-09-01,"Albuquerque, NM",317000
49085,2020-09-01,"Fresno, CA",362500
49086,2020-09-01,"Bridgeport-Stamford-Danbury, CT",795000
49087,2020-09-01,"Cape Coral-Fort Myers, FL",323333
49088,2020-09-01,"Columbia, SC",249950
49089,2020-09-01,"Charleston-North Charleston, SC",444260
49090,2020-09-01,"Dayton-Kettering-Beavercreek, OH",189900
49091,2020-09-01,"Allentown-Bethlehem-Easton, PA-NJ",277450
49092,2020-09-01,"Baton Rouge, LA",275000
49093,2020-09-01,"Worcester, MA",399925
49094,2020-09-01,"Urban Honolulu, HI",598500
49095,2020-09-01,"Greensboro-High Point, NC",296900
49096,2020-09-01,"Lakeland-Winter Haven, FL",243605
49097,2020-09-01,"Little Rock-North Little Rock-Conway, AR",240575
49098,2020-09-01,"Deltona-Daytona Beach-Ormond Beach, FL",286895
49099,2020-09-01,"Boise City, ID",407990
49100,2020-09-01,"El Paso, TX",215700
49101,2020-09-01,"Madison, WI",359950
49102,2020-09-01,"Des Moines-West Des Moines, IA",270979
49103,2020-09-01,"Akron, OH",179950
49104,2020-09-01,"Winston-Salem, NC",299600
49105,2020-09-01,"Colorado Springs, CO",435000
49106,2020-09-01,"Bakersfield-Delano, CA",300000
49107,2020-09-01,"Palm Bay-Melbourne-Titusville, FL",315943
49108,2020-09-01,"McAllen-Edinburg-Mission, TX",221500
49109,2020-09-01,"Oxnard-Thousand Oaks-Ventura, CA",849000
49110,2020-09-01,"Syracuse, NY",199225
49111,2020-09-01,"Wichita, KS",229900
49112,2020-09-01,"Kiryas Joel-Poughkeepsie-Newburgh, NY",399700
49113,2020-09-01,"Durham-Chapel Hill, NC",435000
49114,2020-09-01,"Toledo, OH",181050
49115,2020-09-01,"Augusta-Richmond County, GA-SC",264900
49116,2020-09-01,"Stockton-Lodi, CA",455450
49117,2020-09-01,"Harrisburg-Carlisle, PA",256650
49118,2020-09-01,"Portland-South Portland, ME",424250
49119,2020-09-01,"Jackson, MS",302450
49120,2020-09-01,"Chattanooga, TN-GA",329450
49121,2020-09-01,"Spokane-Spokane Valley, WA",387419
49122,2020-09-01,"Scranton--Wilkes-Barre, PA",182400
49123,2020-09-01,"New Haven, CT",334950
49124,2020-09-01,"Fayetteville-Springdale-Rogers, AR",312508
49950,2020-08-01,"New York-Newark-Jersey City, NY-NJ",649000
49951,2020-08-01,"Los Angeles-Long Beach-Anaheim, CA",950000
49952,2020-08-01,"Chicago-Naperville-Elgin, IL-IN",346350
49953,2020-08-01,"Dallas-Fort Worth-Arlington, TX",360750
49954,2020-08-01,"Houston-Pasadena-The Woodlands, TX",329000
49955,2020-08-01,"Philadelphia-Camden-Wilmington, PA-NJ-DE-MD",339900
49956,2020-08-01,"Miami-Fort Lauderdale-West Palm Beach, FL",399900
49957,2020-08-01,"Atlanta-Sandy Springs-Roswell, GA",350000
49958,2020-08-01,"Washington-Arlington-Alexandria, DC-VA-MD-WV",529000
49959,2020-08-01,"Phoenix-Mesa-Chandler, AZ",444000
49960,2020-08-01,"Boston-Cambridge-Newton, MA-NH",675000
49961,2020-08-01,"Detroit-Warren-Dearborn, MI",274900
49962,2020-08-01,"San Francisco-Oakland-Fremont, CA",1050000
49963,2020-08-01,"Seattle-Tacoma-Bellevue, WA",625000
49964,2020-08-01,"Riverside-San Bernardino-Ontario, CA",459999
49965,2020-08-01,"Minneapolis-St. Paul-Bloomington, MN-WI",363105
49966,2020-08-01,"Tampa-St. Petersburg-Clearwater, FL",299999
49967,2020-08-01,"Denver-Aurora-Centennial, CO",539000
49968,2020-08-01,"San Diego-Chula Vista-Carlsbad, CA",784000
49969,2020-08-01,"St. Louis, MO-IL",249900
49970,2020-08-01,"Charlotte-Concord-Gastonia, NC-SC",369900
49971,2020-08-01,"Baltimore-Columbia-Towson, MD",347000
49972,2020-08-01,"Orlando-Kissimmee-Sanford, FL",325000
49973,2020-08-01,"Pittsburgh, PA",239900
49974,2020-08-01,"San Antonio-New Braunfels, TX",301240
49975,2020-08-01,"Austin-Round Rock-San Marcos, TX",399999
49976,2020-08-01,"Portland-Vancouver-Hillsboro, OR-WA",499960
49977,2020-08-01,"Cleveland, OH",225000
49978,2020-08-01,"Cincinnati, OH-KY-IN",324900
49979,2020-08-01,"Kansas City, MO-KS",362000
49980,2020-08-01,"Las Vegas-Henderson-North Las Vegas, NV",345000
49981,2020-08-01,"Sacramento-Roseville-Folsom, CA",525000
49982,2020-08-01,"Columbus, OH",314950
49983,2020-08-01,"Indianapolis-Carmel-Greenwood, IN",299900
49984,2020-08-01,"Nashville-Davidson--Murfreesboro--Franklin, TN",394900
49985,2020-08-01,"Virginia Beach-Chesapeake-Norfolk, VA-NC",324900
49986,2020-08-01,"Jacksonville, FL",315000
49987,2020-08-01,"Providence-Warwick, RI-MA",429900
49988,2020-08-01,"San Jose-Sunnyvale-Santa Clara, CA",1248000
49989,2020-08-01,"Milwaukee-Waukesha, WI",289900
49990,2020-08-01,"Raleigh-Cary, NC",385000
49991,2020-08-01,"Oklahoma City, OK",269900
49992,2020-08-01,"Louisville/Jefferson County, KY-IN",285000
49993,2020-08-01,"Richmond, VA",359900
49994,2020-08-01,"Memphis, TN-MS-AR",263900
49995,2020-08-01,"Buffalo-Cheektowaga, NY",224450
49996,2020-08-01,"Birmingham, AL",269950
49997,2020-08-01,"Hartford-West Hartford-East Hartford, CT",349900
49998,2020-08-01,"Tucson, AZ",323270
49999,2020-08-01,"Grand Rapids-Wyoming-Kentwood, MI",300000
50000,2020-08-01,"Rochester, NY",239900
50001,2020-08-01,"Salt Lake City-Murray, UT",479999
50002,2020-08-01,"North Port-Bradenton-Sarasota, FL",372000
50003,2020-08-01,"Tulsa, OK",279900
50004,2020-08-01,"Greenville-Anderson-Greer, SC",290500
50005,2020-08-01,"Knoxville, TN",329999
50006,2020-08-01,"New Orleans-Metairie, LA",325000
50007,2020-08-01,"Omaha, NE-IA",314060
50008,2020-08-01,"Albany-Schenectady-Troy, NY",339900
50009,2020-08-01,"Albuquerque, NM",319900
50010,2020-08-01,"Fresno, CA",363950
50011,2020-08-01,"Bridgeport-Stamford-Danbury, CT",799000
50012,2020-08-01,"Cape Coral-Fort Myers, FL",325000
50013,2020-08-01,"Columbia, SC",253950
50014,2020-08-01,"Charleston-North Charleston, SC",439500
50015,2020-08-01,"Dayton-Kettering-Beavercreek, OH",189900
50016,2020-08-01,"Allentown-Bethlehem-Easton, PA-NJ",272850
50017,2020-08-01,"Baton Rouge, LA",268280
50018,2020-08-01,"Worcester, MA",409000
50019,2020-08-01,"Urban Honolulu, HI",600000
50020,2020-08-01,"Greensboro-High Point, NC",299000
50021,2020-08-01,"Lakeland-Winter Haven, FL",239900
50022,2020-08-01,"Little Rock-North Little Rock-Conway, AR",245000
50023,2020-08-01,"Deltona-Daytona Beach-Ormond Beach, FL",279975
50024,2020-08-01,"Boise City, ID",399995
50025,2020-08-01,"El Paso, TX",216066
50026,2020-08-01,"Madison, WI",366500
50027,2020-08-01,"Des Moines-West Des Moines, IA",272760
50028,2020-08-01,"Akron, OH",189900
50029,2020-08-01,"Winston-Salem, NC",304280
50030,2020-08-01,"Colorado Springs, CO",450000
50031,2020-08-01,"Bakersfield-Delano, CA",295000
50032,2020-08-01,"Palm Bay-Melbourne-Titusville, FL",310000
50033,2020-08-01,"McAllen-Edinburg-Mission, TX",215000
50034,2020-08-01,"Oxnard-Thousand Oaks-Ventura, CA",829000
50035,2020-08-01,"Syracuse, NY",199900
50036,2020-08-01,"Wichita, KS",245000
50037,2020-08-01,"Kiryas Joel-Poughkeepsie-Newburgh, NY",389000
50038,2020-08-01,"Durham-Chapel Hill, NC",433946
50039,2020-08-01,"Toledo, OH",189900
50040,2020-08-01,"Augusta-Richmond County, GA-SC",259000
50041,2020-08-01,"Stockton-Lodi, CA",449000
50042,2020-08-01,"Harrisburg-Carlisle, PA",259900
50043,2020-08-01,"Portland-South Portland, ME",424950
50044,2020-08-01,"Jackson, MS",299999
50045,2020-08-01,"Chattanooga, TN-GA",334900
50046,2020-08-01,"Spokane-Spokane Valley, WA",388073
50047,2020-08-01,"Scranton--Wilkes-Barre, PA",184900
50048,2020-08-01,"New Haven, CT",352000
50049,2020-08-01,"Fayetteville-Springdale-Rogers, AR",315000
50875,2020-07-01,"New York-Newark-Jersey City, NY-NJ",629500
50876,2020-07-01,"Los Angeles-Long Beach-Anaheim, CA",947000
50877,2020-07-01,"Chicago-Naperville-Elgin, IL-IN",344000
50878,2020-07-01,"Dallas-Fort Worth-Arlington, TX",360000
50879,2020-07-01,"Houston-Pasadena-The Woodlands, TX",325510
50880,2020-07-01,"Philadelphia-Camden-Wilmington, PA-NJ-DE-MD",339900
50881,2020-07-01,"Miami-Fort Lauderdale-West Palm Beach, FL",399450
50882,2020-07-01,"Atlanta-Sandy Springs-Roswell, GA",349985
50883,2020-07-01,"Washington-Arlington-Alexandria, DC-VA-MD-WV",534500
50884,2020-07-01,"Phoenix-Mesa-Chandler, AZ",448990
50885,2020-07-01,"Boston-Cambridge-Newton, MA-NH",677000
50886,2020-07-01,"Detroit-Warren-Dearborn, MI",278500
50887,2020-07-01,"San Francisco-Oakland-Fremont, CA",1091500
50888,2020-07-01,"Seattle-Tacoma-Bellevue, WA",627000
50889,2020-07-01,"Riverside-San Bernardino-Ontario, CA",449950
50890,2020-07-01,"Minneapolis-St. Paul-Bloomington, MN-WI",369900
50891,2020-07-01,"Tampa-St. Petersburg-Clearwater, FL",299178
50892,2020-07-01,"Denver-Aurora-Centennial, CO",540075
50893,2020-07-01,"San Diego-Chula Vista-Carlsbad, CA",789500
50894,2020-07-01,"St. Louis, MO-IL",249950
50895,2020-07-01,"Charlotte-Concord-Gastonia, NC-SC",369450
50896,2020-07-01,"Baltimore-Columbia-Towson, MD",350000
50897,2020-07-01,"Orlando-Kissimmee-Sanford, FL",322495
50898,2020-07-01,"Pittsburgh, PA",239950
50899,2020-07-01,"San Antonio-New Braunfels, TX",309000
50900,2020-07-01,"Austin-Round Rock-San Marcos, TX",396495
50901,2020-07-01,"Portland-Vancouver-Hillsboro, OR-WA",499900
50902,2020-07-01,"Cleveland, OH",229900
50903,2020-07-01,"Cincinnati, OH-KY-IN",337450
50904,2020-07-01,"Kansas City, MO-KS",372275
50905,2020-07-01,"Las Vegas-Henderson-North Las Vegas, NV",340583
50906,2020-07-01,"Sacramento-Roseville-Folsom, CA",525000
50907,2020-07-01,"Columbus, OH",329700
50908,2020-07-01,"Indianapolis-Carmel-Greenwood, IN",300000
50909,2020-07-01,"Nashville-Davidson--Murfreesboro--Franklin, TN",391820
50910,2020-07-01,"Virginia Beach-Chesapeake-Norfolk, VA-NC",324900
50911,2020-07-01,"Jacksonville, FL",312450
50912,2020-07-01,"Providence-Warwick, RI-MA",427450
50913,2020-07-01,"San Jose-Sunnyvale-Santa Clara, CA",1249975
50914,2020-07-01,"Milwaukee-Waukesha, WI",299900
50915,2020-07-01,"Raleigh-Cary, NC",381200
50916,2020-07-01,"Oklahoma City, OK",283372
50917,2020-07-01,"Louisville/Jefferson County, KY-IN",289900
50918,2020-07-01,"Richmond, VA",358914
50919,2020-07-01,"Memphis, TN-MS-AR",259923
50920,2020-07-01,"Buffalo-Cheektowaga, NY",233450
50921,2020-07-01,"Birmingham, AL",273702
50922,2020-07-01,"Hartford-West Hartford-East Hartford, CT",349950
50923,2020-07-01,"Tucson, AZ",325000
50924,2020-07-01,"Grand Rapids-Wyoming-Kentwood, MI",307400
50925,2020-07-01,"Rochester, NY",245377
50926,2020-07-01,"Salt Lake City-Murray, UT",482000
50927,2020-07-01,"North Port-Bradenton-Sarasota, FL",369824
50928,2020-07-01,"Tulsa, OK",293625
50929,2020-07-01,"Greenville-Anderson-Greer, SC",290000
50930,2020-07-01,"Knoxville, TN",329900
50931,2020-07-01,"New Orleans-Metairie, LA",324900
50932,2020-07-01,"Omaha, NE-IA",319600
50933,2020-07-01,"Albany-Schenectady-Troy, NY",342550
50934,2020-07-01,"Albuquerque, NM",313552
50935,2020-07-01,"Fresno, CA",354500
50936,2020-07-01,"Bridgeport-Stamford-Danbury, CT",809200
50937,2020-07-01,"Cape Coral-Fort Myers, FL",325000
50938,2020-07-01,"Columbia, SC",250000
50939,2020-07-01,"Charleston-North Charleston, SC",434500
50940,2020-07-01,"Dayton-Kettering-Beavercreek, OH",191623
50941,2020-07-01,"Allentown-Bethlehem-Easton, PA-NJ",269575
50942,2020-07-01,"Baton Rouge, LA",263425
50943,2020-07-01,"Worcester, MA",419950
50944,2020-07-01,"Urban Honolulu, HI",621250
50945,2020-07-01,"Greensboro-High Point, NC",296578
50946,2020-07-01,"Lakeland-Winter Haven, FL",235250
50947,2020-07-01,"Little Rock-North Little Rock-Conway, AR",244000
50948,2020-07-01,"Deltona-Daytona Beach-Ormond Beach, FL",279900
50949,2020-07-01,"Boise City, ID",399950
50950,2020-07-01,"El Paso, TX",217088
50951,2020-07-01,"Madison, WI",377450
50952,2020-07-01,"Des Moines-West Des Moines, IA",274763
50953,2020-07-01,"Akron, OH",189950
50954,2020-07-01,"Winston-Salem, NC",309725
50955,2020-07-01,"Colorado Springs, CO",457500
50956,2020-07-01,"Bakersfield-Delano, CA",279950
50957,2020-07-01,"Palm Bay-Melbourne-Titusville, FL",302500
50958,2020-07-01,"McAllen-Edinburg-Mission, TX",213599
50959,2020-07-01,"Oxnard-Thousand Oaks-Ventura, CA",827000
50960,2020-07-01,"Syracuse, NY",199950
50961,2020-07-01,"Wichita, KS",248400
50962,2020-07-01,"Kiryas Joel-Poughkeepsie-Newburgh, NY",382250
50963,2020-07-01,"Durham-Chapel Hill, NC",429765
50964,2020-07-01,"Toledo, OH",193875
50965,2020-07-01,"Augusta-Richmond County, GA-SC",250200
50966,2020-07-01,"Stockton-Lodi, CA",445000
50967,2020-07-01,"Harrisburg-Carlisle, PA",261075
50968,2020-07-01,"Portland-South Portland, ME",427450
50969,2020-07-01,"Jackson, MS",294975
50970,2020-07-01,"Chattanooga, TN-GA",339900
50971,2020-07-01,"Spokane-Spokane Valley, WA",393963
50972,2020-07-01,"Scranton--Wilkes-Barre, PA",175000
50973,2020-07-01,"New Haven, CT",359800
50974,2020-07-01,"Fayetteville-Springdale-Rogers, AR",309250
51800,2020-06-01,"New York-Newark-Jersey City, NY-NJ",607500
51801,2020-06-01,"Los Angeles-Long Beach-Anaheim, CA",917000
51802,2020-06-01,"Chicago-Naperville-Elgin, IL-IN",339000
51803,2020-06-01,"Dallas-Fort Worth-Arlington, TX",359000
51804,2020-06-01,"Houston-Pasadena-The Woodlands, TX",324999
51805,2020-06-01,"Philadelphia-Camden-Wilmington, PA-NJ-DE-MD",327450
51806,2020-06-01,"Miami-Fort Lauderdale-West Palm Beach, FL",399000
51807,2020-06-01,"Atlanta-Sandy Springs-Roswell, GA",346026
51808,2020-06-01,"Washington-Arlington-Alexandria, DC-VA-MD-WV",532500
51809,2020-06-01,"Phoenix-Mesa-Chandler, AZ",430250
51810,2020-06-01,"Boston-Cambridge-Newton, MA-NH",656448
51811,2020-06-01,"Detroit-Warren-Dearborn, MI",272725
51812,2020-06-01,"San Francisco-Oakland-Fremont, CA",1080950
51813,2020-06-01,"Seattle-Tacoma-Bellevue, WA",621498
51814,2020-06-01,"Riverside-San Bernardino-Ontario, CA",439450
51815,2020-06-01,"Minneapolis-St. Paul-Bloomington, MN-WI",373923
51816,2020-06-01,"Tampa-St. Petersburg-Clearwater, FL",294715
51817,2020-06-01,"Denver-Aurora-Centennial, CO",547000
51818,2020-06-01,"San Diego-Chula Vista-Carlsbad, CA",767000
51819,2020-06-01,"St. Louis, MO-IL",249900
51820,2020-06-01,"Charlotte-Concord-Gastonia, NC-SC",367430
51821,2020-06-01,"Baltimore-Columbia-Towson, MD",348250
51822,2020-06-01,"Orlando-Kissimmee-Sanford, FL",319950
51823,2020-06-01,"Pittsburgh, PA",237400
51824,2020-06-01,"San Antonio-New Braunfels, TX",302500
51825,2020-06-01,"Austin-Round Rock-San Marcos, TX",395000
51826,2020-06-01,"Portland-Vancouver-Hillsboro, OR-WA",499000
51827,2020-06-01,"Cleveland, OH",221500
51828,2020-06-01,"Cincinnati, OH-KY-IN",334950
51829,2020-06-01,"Kansas City, MO-KS",375000
51830,2020-06-01,"Las Vegas-Henderson-North Las Vegas, NV",337000
51831,2020-06-01,"Sacramento-Roseville-Folsom, CA",516631
51832,2020-06-01,"Columbus, OH",332400
51833,2020-06-01,"Indianapolis-Carmel-Greenwood, IN",299900
51834,2020-06-01,"Nashville-Davidson--Murfreesboro--Franklin, TN",391445
51835,2020-06-01,"Virginia Beach-Chesapeake-Norfolk, VA-NC",321835
51836,2020-06-01,"Jacksonville, FL",308423
51837,2020-06-01,"Providence-Warwick, RI-MA",429450
51838,2020-06-01,"San Jose-Sunnyvale-Santa Clara, CA",1260000
51839,2020-06-01,"Milwaukee-Waukesha, WI",294925
51840,2020-06-01,"Raleigh-Cary, NC",381248
51841,2020-06-01,"Oklahoma City, OK",290000
51842,2020-06-01,"Louisville/Jefferson County, KY-IN",289900
51843,2020-06-01,"Richmond, VA",359495
51844,2020-06-01,"Memphis, TN-MS-AR",256813
51845,2020-06-01,"Buffalo-Cheektowaga, NY",234900
51846,2020-06-01,"Birmingham, AL",272933
51847,2020-06-01,"Hartford-West Hartford-East Hartford, CT",344450
51848,2020-06-01,"Tucson, AZ",321950
51849,2020-06-01,"Grand Rapids-Wyoming-Kentwood, MI",309900
51850,2020-06-01,"Rochester, NY",240000
51851,2020-06-01,"Salt Lake City-Murray, UT",476225
51852,2020-06-01,"North Port-Bradenton-Sarasota, FL",365000
51853,2020-06-01,"Tulsa, OK",281375
51854,2020-06-01,"Greenville-Anderson-Greer, SC",298188
51855,2020-06-01,"Knoxville, TN",324900
51856,2020-06-01,"New Orleans-Metairie, LA",317000
51857,2020-06-01,"Omaha, NE-IA",319950
51858,2020-06-01,"Albany-Schenectady-Troy, NY",338975
51859,2020-06-01,"Albuquerque, NM",316249
51860,2020-06-01,"Fresno, CA",349855
51861,2020-06-01,"Bridgeport-Stamford-Danbury, CT",799500
51862,2020-06-01,"Cape Coral-Fort Myers, FL",324950
51863,2020-06-01,"Columbia, SC",249900
51864,2020-06-01,"Charleston-North Charleston, SC",429000
51865,2020-06-01,"Dayton-Kettering-Beavercreek, OH",196725
51866,2020-06-01,"Allentown-Bethlehem-Easton, PA-NJ",259950
51867,2020-06-01,"Baton Rouge, LA",259950
51868,2020-06-01,"Worcester, MA",419950
51869,2020-06-01,"Urban Honolulu, HI",629000
51870,2020-06-01,"Greensboro-High Point, NC",291248
51871,2020-06-01,"Lakeland-Winter Haven, FL",234950
51872,2020-06-01,"Little Rock-North Little Rock-Conway, AR",239450
51873,2020-06-01,"Deltona-Daytona Beach-Ormond Beach, FL",279000
51874,2020-06-01,"Boise City, ID",394368
51875,2020-06-01,"El Paso, TX",210470
51876,2020-06-01,"Madison, WI",387450
51877,2020-06-01,"Des Moines-West Des Moines, IA",277643
51878,2020-06-01,"Akron, OH",189450
51879,2020-06-01,"Winston-Salem, NC",301359
51880,2020-06-01,"Colorado Springs, CO",461038
51881,2020-06-01,"Bakersfield-Delano, CA",270975
51882,2020-06-01,"Palm Bay-Melbourne-Titusville, FL",298926
51883,2020-06-01,"McAllen-Edinburg-Mission, TX",209625
51884,2020-06-01,"Oxnard-Thousand Oaks-Ventura, CA",811450
51885,2020-06-01,"Syracuse, NY",200750
51886,2020-06-01,"Wichita, KS",248350
51887,2020-06-01,"Kiryas Joel-Poughkeepsie-Newburgh, NY",379500
51888,2020-06-01,"Durham-Chapel Hill, NC",423750
51889,2020-06-01,"Toledo, OH",184900
51890,2020-06-01,"Augusta-Richmond County, GA-SC",254950
51891,2020-06-01,"Stockton-Lodi, CA",445750
51892,2020-06-01,"Harrisburg-Carlisle, PA",257150
51893,2020-06-01,"Portland-South Portland, ME",414950
51894,2020-06-01,"Jackson, MS",282261
51895,2020-06-01,"Chattanooga, TN-GA",337125
51896,2020-06-01,"Spokane-Spokane Valley, WA",384975
51897,2020-06-01,"Scranton--Wilkes-Barre, PA",170800
51898,2020-06-01,"New Haven, CT",342175
51899,2020-06-01,"Fayetteville-Springdale-Rogers, AR",312500
52725,2020-05-01,"New York-Newark-Jersey City, NY-NJ",599000
52726,2020-05-01,"Los Angeles-Long Beach-Anaheim, CA",875000
52727,2020-05-01,"Chicago-Naperville-Elgin, IL-IN",329900
52728,2020-05-01,"Dallas-Fort Worth-Arlington, TX",350000
52729,2020-05-01,"Houston-Pasadena-The Woodlands, TX",319000
52730,2020-05-01,"Philadelphia-Camden-Wilmington, PA-NJ-DE-MD",309945
52731,2020-05-01,"Miami-Fort Lauderdale-West Palm Beach, FL",390000
52732,2020-05-01,"Atlanta-Sandy Springs-Roswell, GA",334900
52733,2020-05-01,"Washington-Arlington-Alexandria, DC-VA-MD-WV",515000
52734,2020-05-01,"Phoenix-Mesa-Chandler, AZ",385000
52735,2020-05-01,"Boston-Cambridge-Newton, MA-NH",629900
52736,2020-05-01,"Detroit-Warren-Dearborn, MI",249900
52737,2020-05-01,"San Francisco-Oakland-Fremont, CA",999900
52738,2020-05-01,"Seattle-Tacoma-Bellevue, WA",608000
52739,2020-05-01,"Riverside-San Bernardino-Ontario, CA",428000
52740,2020-05-01,"Minneapolis-St. Paul-Bloomington, MN-WI",369990
52741,2020-05-01,"Tampa-St. Petersburg-Clearwater, FL",285000
52742,2020-05-01,"Denver-Aurora-Centennial, CO",545000
52743,2020-05-01,"San Diego-Chula Vista-Carlsbad, CA",749000
52744,2020-05-01,"St. Louis, MO-IL",247900
52745,2020-05-01,"Charlotte-Concord-Gastonia, NC-SC",352975
52746,2020-05-01,"Baltimore-Columbia-Towson, MD",339999
52747,2020-05-01,"Orlando-Kissimmee-Sanford, FL",315000
52748,2020-05-01,"Pittsburgh, PA",215000
52749,2020-05-01,"San Antonio-New Braunfels, TX",295000
52750,2020-05-01,"Austin-Round Rock-San Marcos, TX",379999
52751,2020-05-01,"Portland-Vancouver-Hillsboro, OR-WA",488500
52752,2020-05-01,"Cleveland, OH",208000
52753,2020-05-01,"Cincinnati, OH-KY-IN",325000
52754,2020-05-01,"Kansas City, MO-KS",369000
52755,2020-05-01,"Las Vegas-Henderson-North Las Vegas, NV",329900
52756,2020-05-01,"Sacramento-Roseville-Folsom, CA",507764
52757,2020-05-01,"Columbus, OH",324000
52758,2020-05-01,"Indianapolis-Carmel-Greenwood, IN",298662
52759,2020-05-01,"Nashville-Davidson--Murfreesboro--Franklin, TN",385000
52760,2020-05-01,"Virginia Beach-Chesapeake-Norfolk, VA-NC",313000
52761,2020-05-01,"Jacksonville, FL",305990
52762,2020-05-01,"Providence-Warwick, RI-MA",399900
52763,2020-05-01,"San Jose-Sunnyvale-Santa Clara, CA",1200500
52764,2020-05-01,"Milwaukee-Waukesha, WI",293950
52765,2020-05-01,"Raleigh-Cary, NC",370900
52766,2020-05-01,"Oklahoma City, OK",268350
52767,2020-05-01,"Louisville/Jefferson County, KY-IN",289900
52768,2020-05-01,"Richmond, VA",356573
52769,2020-05-01,"Memphis, TN-MS-AR",249900
52770,2020-05-01,"Buffalo-Cheektowaga, NY",229900
52771,2020-05-01,"Birmingham, AL",265450
52772,2020-05-01,"Hartford-West Hartford-East Hartford, CT",329900
52773,2020-05-01,"Tucson, AZ",300000
52774,2020-05-01,"Grand Rapids-Wyoming-Kentwood, MI",310000
52775,2020-05-01,"Rochester, NY",250000
52776,2020-05-01,"Salt Lake City-Murray, UT",456945
52777,2020-05-01,"North Port-Bradenton-Sarasota, FL",359300
52778,2020-05-01,"Tulsa, OK",265500
52779,2020-05-01,"Greenville-Anderson-Greer, SC",285990
52780,2020-05-01,"Knoxville, TN",310000
52781,2020-05-01,"New Orleans-Metairie, LA",299900
52782,2020-05-01,"Omaha, NE-IA",315000
52783,2020-05-01,"Albany-Schenectady-Troy, NY",321400
52784,2020-05-01,"Albuquerque, NM",300000
52785,2020-05-01,"Fresno, CA",340000
52786,2020-05-01,"Bridgeport-Stamford-Danbury, CT",749000
52787,2020-05-01,"Cape Coral-Fort Myers, FL",319500
52788,2020-05-01,"Columbia, SC",248427
52789,2020-05-01,"Charleston-North Charleston, SC",425000
52790,2020-05-01,"Dayton-Kettering-Beavercreek, OH",189900
52791,2020-05-01,"Allentown-Bethlehem-Easton, PA-NJ",259900
52792,2020-05-01,"Baton Rouge, LA",252420
52793,2020-05-01,"Worcester, MA",399900
52794,2020-05-01,"Urban Honolulu, HI",610000
52795,2020-05-01,"Greensboro-High Point, NC",284000
52796,2020-05-01,"Lakeland-Winter Haven, FL",234490
52797,2020-05-01,"Little Rock-North Little Rock-Conway, AR",232950
52798,2020-05-01,"Deltona-Daytona Beach-Ormond Beach, FL",275400
52799,2020-05-01,"Boise City, ID",389900
52800,2020-05-01,"El Paso, TX",202950
52801,2020-05-01,"Madison, WI",385000
52802,2020-05-01,"Des Moines-West Des Moines, IA",274500
52803,2020-05-01,"Akron, OH",178250
52804,2020-05-01,"Winston-Salem, NC",299900
52805,2020-05-01,"Colorado Springs, CO",457400
52806,2020-05-01,"Bakersfield-Delano, CA",269900
52807,2020-05-01,"Palm Bay-Melbourne-Titusville, FL",296511
52808,2020-05-01,"McAllen-Edinburg-Mission, TX",199400
52809,2020-05-01,"Oxnard-Thousand Oaks-Ventura, CA",793750
52810,2020-05-01,"Syracuse, NY",196000
52811,2020-05-01,"Wichita, KS",234900
52812,2020-05-01,"Kiryas Joel-Poughkeepsie-Newburgh, NY",379900
52813,2020-05-01,"Durham-Chapel Hill, NC",415900
52814,2020-05-01,"Toledo, OH",178950
52815,2020-05-01,"Augusta-Richmond County, GA-SC",249900
52816,2020-05-01,"Stockton-Lodi, CA",432450
52817,2020-05-01,"Harrisburg-Carlisle, PA",254100
52818,2020-05-01,"Portland-South Portland, ME",415000
52819,2020-05-01,"Jackson, MS",269900
52820,2020-05-01,"Chattanooga, TN-GA",329700
52821,2020-05-01,"Spokane-Spokane Valley, WA",385604
52822,2020-05-01,"Scranton--Wilkes-Barre, PA",165000
52823,2020-05-01,"New Haven, CT",325000
52824,2020-05-01,"Fayetteville-Springdale-Rogers, AR",299900
53650,2020-04-01,"New York-Newark-Jersey City, NY-NJ",599000
53651,2020-04-01,"Los Angeles-Long Beach-Anaheim, CA",855000
53652,2020-04-01,"Chicago-Naperville-Elgin, IL-IN",324900
53653,2020-04-01,"Dallas-Fort Worth-Arlington, TX",339996
53654,2020-04-01,"Houston-Pasadena-The Woodlands, TX",310000
53655,2020-04-01,"Philadelphia-Camden-Wilmington, PA-NJ-DE-MD",299900
53656,2020-04-01,"Miami-Fort Lauderdale-West Palm Beach, FL",395000
53657,2020-04-01,"Atlanta-Sandy Springs-Roswell, GA",325000
53658,2020-04-01,"Washington-Arlington-Alexandria, DC-VA-MD-WV",502447
53659,2020-04-01,"Phoenix-Mesa-Chandler, AZ",375000
53660,2020-04-01,"Boston-Cambridge-Newton, MA-NH",617450
53661,2020-04-01,"Detroit-Warren-Dearborn, MI",244018
53662,2020-04-01,"San Francisco-Oakland-Fremont, CA",959490
53663,2020-04-01,"Seattle-Tacoma-Bellevue, WA",599950
53664,2020-04-01,"Riverside-San Bernardino-Ontario, CA",419995
53665,2020-04-01,"Minneapolis-St. Paul-Bloomington, MN-WI",369900
53666,2020-04-01,"Tampa-St. Petersburg-Clearwater, FL",279900
53667,2020-04-01,"Denver-Aurora-Centennial, CO",542500
53668,2020-04-01,"San Diego-Chula Vista-Carlsbad, CA",725000
53669,2020-04-01,"St. Louis, MO-IL",231375
53670,2020-04-01,"Charlotte-Concord-Gastonia, NC-SC",340500
53671,2020-04-01,"Baltimore-Columbia-Towson, MD",325000
53672,2020-04-01,"Orlando-Kissimmee-Sanford, FL",312500
53673,2020-04-01,"Pittsburgh, PA",209350
53674,2020-04-01,"San Antonio-New Braunfels, TX",289000
53675,2020-04-01,"Austin-Round Rock-San Marcos, TX",369745
53676,2020-04-01,"Portland-Vancouver-Hillsboro, OR-WA",475725
53677,2020-04-01,"Cleveland, OH",195748
53678,2020-04-01,"Cincinnati, OH-KY-IN",299950
53679,2020-04-01,"Kansas City, MO-KS",351950
53680,2020-04-01,"Las Vegas-Henderson-North Las Vegas, NV",329850
53681,2020-04-01,"Sacramento-Roseville-Folsom, CA",499066
53682,2020-04-01,"Columbus, OH",309450
53683,2020-04-01,"Indianapolis-Carmel-Greenwood, IN",284900
53684,2020-04-01,"Nashville-Davidson--Murfreesboro--Franklin, TN",374950
53685,2020-04-01,"Virginia Beach-Chesapeake-Norfolk, VA-NC",304650
53686,2020-04-01,"Jacksonville, FL",299950
53687,2020-04-01,"Providence-Warwick, RI-MA",399000
53688,2020-04-01,"San Jose-Sunnyvale-Santa Clara, CA",1198500
53689,2020-04-01,"Milwaukee-Waukesha, WI",282450
53690,2020-04-01,"Raleigh-Cary, NC",364445
53691,2020-04-01,"Oklahoma City, OK",263375
53692,2020-04-01,"Louisville/Jefferson County, KY-IN",270000
53693,2020-04-01,"Richmond, VA",349454
53694,2020-04-01,"Memphis, TN-MS-AR",247950
53695,2020-04-01,"Buffalo-Cheektowaga, NY",217450
53696,2020-04-01,"Birmingham, AL",260000
53697,2020-04-01,"Hartford-West Hartford-East Hartford, CT",319900
53698,2020-04-01,"Tucson, AZ",296963
53699,2020-04-01,"Grand Rapids-Wyoming-Kentwood, MI",299950
53700,2020-04-01,"Rochester, NY",249923
53701,2020-04-01,"Salt Lake City-Murray, UT",446553
53702,2020-04-01,"North Port-Bradenton-Sarasota, FL",357445
53703,2020-04-01,"Tulsa, OK",259900
53704,2020-04-01,"Greenville-Anderson-Greer, SC",279940
53705,2020-04-01,"Knoxville, TN",299950
53706,2020-04-01,"New Orleans-Metairie, LA",299000
53707,2020-04-01,"Omaha, NE-IA",306250
53708,2020-04-01,"Albany-Schenectady-Troy, NY",317000
53709,2020-04-01,"Albuquerque, NM",287847
53710,2020-04-01,"Fresno, CA",336840
53711,2020-04-01,"Bridgeport-Stamford-Danbury, CT",719000
53712,2020-04-01,"Cape Coral-Fort Myers, FL",314500
53713,2020-04-01,"Columbia, SC",243527
53714,2020-04-01,"Charleston-North Charleston, SC",413448
53715,2020-04-01,"Dayton-Kettering-Beavercreek, OH",179625
53716,2020-04-01,"Allentown-Bethlehem-Easton, PA-NJ",258925
53717,2020-04-01,"Baton Rouge, LA",246025
53718,2020-04-01,"Worcester, MA",389950
53719,2020-04-01,"Urban Honolulu, HI",604500
53720,2020-04-01,"Greensboro-High Point, NC",260623
53721,2020-04-01,"Lakeland-Winter Haven, FL",234463
53722,2020-04-01,"Little Rock-North Little Rock-Conway, AR",219375
53723,2020-04-01,"Deltona-Daytona Beach-Ormond Beach, FL",274950
53724,2020-04-01,"Boise City, ID",386450
53725,2020-04-01,"El Paso, TX",193950
53726,2020-04-01,"Madison, WI",379450
53727,2020-04-01,"Des Moines-West Des Moines, IA",268302
53728,2020-04-01,"Akron, OH",166450
53729,2020-04-01,"Winston-Salem, NC",284088
53730,2020-04-01,"Colorado Springs, CO",449558
53731,2020-04-01,"Bakersfield-Delano, CA",269450
53732,2020-04-01,"Palm Bay-Melbourne-Titusville, FL",294907
53733,2020-04-01,"McAllen-Edinburg-Mission, TX",198725
53734,2020-04-01,"Oxnard-Thousand Oaks-Ventura, CA",772475
53735,2020-04-01,"Syracuse, NY",189950
53736,2020-04-01,"Wichita, KS",222800
53737,2020-04-01,"Kiryas Joel-Poughkeepsie-Newburgh, NY",375000
53738,2020-04-01,"Durham-Chapel Hill, NC",405475
53739,2020-04-01,"Toledo, OH",168075
53740,2020-04-01,"Augusta-Richmond County, GA-SC",244651
53741,2020-04-01,"Stockton-Lodi, CA",429450
53742,2020-04-01,"Harrisburg-Carlisle, PA",250850
53743,2020-04-01,"Portland-South Portland, ME",405000
53744,2020-04-01,"Jackson, MS",261450
53745,2020-04-01,"Chattanooga, TN-GA",315450
53746,2020-04-01,"Spokane-Spokane Valley, WA",379350
53747,2020-04-01,"Scranton--Wilkes-Barre, PA",159900
53748,2020-04-01,"New Haven, CT",314900
53749,2020-04-01,"Fayetteville-Springdale-Rogers, AR",295000
54575,2020-03-01,"New York-Newark-Jersey City, NY-NJ",599000
54576,2020-03-01,"Los Angeles-Long Beach-Anaheim, CA",908500
54577,2020-03-01,"Chicago-Naperville-Elgin, IL-IN",326550
54578,2020-03-01,"Dallas-Fort Worth-Arlington, TX",329192
54579,2020-03-01,"Houston-Pasadena-The Woodlands, TX",310995
54580,2020-03-01,"Philadelphia-Camden-Wilmington, PA-NJ-DE-MD",299950
54581,2020-03-01,"Miami-Fort Lauderdale-West Palm Beach, FL",399950
54582,2020-03-01,"Atlanta-Sandy Springs-Roswell, GA",329450
54583,2020-03-01,"Washington-Arlington-Alexandria, DC-VA-MD-WV",512490
54584,2020-03-01,"Phoenix-Mesa-Chandler, AZ",404250
54585,2020-03-01,"Boston-Cambridge-Newton, MA-NH",629900
54586,2020-03-01,"Detroit-Warren-Dearborn, MI",237950
54587,2020-03-01,"San Francisco-Oakland-Fremont, CA",998944
54588,2020-03-01,"Seattle-Tacoma-Bellevue, WA",606495
54589,2020-03-01,"Riverside-San Bernardino-Ontario, CA",424950
54590,2020-03-01,"Minneapolis-St. Paul-Bloomington, MN-WI",375450
54591,2020-03-01,"Tampa-St. Petersburg-Clearwater, FL",284000
54592,2020-03-01,"Denver-Aurora-Centennial, CO",555212
54593,2020-03-01,"San Diego-Chula Vista-Carlsbad, CA",749000
54594,2020-03-01,"St. Louis, MO-IL",229450
54595,2020-03-01,"Charlotte-Concord-Gastonia, NC-SC",349950
54596,2020-03-01,"Baltimore-Columbia-Towson, MD",325850
54597,2020-03-01,"Orlando-Kissimmee-Sanford, FL",323950
54598,2020-03-01,"Pittsburgh, PA",206450
54599,2020-03-01,"San Antonio-New Braunfels, TX",289450
54600,2020-03-01,"Austin-Round Rock-San Marcos, TX",374996
54601,2020-03-01,"Portland-Vancouver-Hillsboro, OR-WA",479450
54602,2020-03-01,"Cleveland, OH",195750
54603,2020-03-01,"Cincinnati, OH-KY-IN",299675
54604,2020-03-01,"Kansas City, MO-KS",350000
54605,2020-03-01,"Las Vegas-Henderson-North Las Vegas, NV",337000
54606,2020-03-01,"Sacramento-Roseville-Folsom, CA",506750
54607,2020-03-01,"Columbus, OH",299999
54608,2020-03-01,"Indianapolis-Carmel-Greenwood, IN",279940
54609,2020-03-01,"Nashville-Davidson--Murfreesboro--Franklin, TN",376475
54610,2020-03-01,"Virginia Beach-Chesapeake-Norfolk, VA-NC",300000
54611,2020-03-01,"Jacksonville, FL",311493
54612,2020-03-01,"Providence-Warwick, RI-MA",399000
54613,2020-03-01,"San Jose-Sunnyvale-Santa Clara, CA",1249805
54614,2020-03-01,"Milwaukee-Waukesha, WI",279900
54615,2020-03-01,"Raleigh-Cary, NC",373712
54616,2020-03-01,"Oklahoma City, OK",262985
54617,2020-03-01,"Louisville/Jefferson County, KY-IN",267200
54618,2020-03-01,"Richmond, VA",346462
54619,2020-03-01,"Memphis, TN-MS-AR",240997
54620,2020-03-01,"Buffalo-Cheektowaga, NY",199900
54621,2020-03-01,"Birmingham, AL",260375
54622,2020-03-01,"Hartford-West Hartford-East Hartford, CT",319422
54623,2020-03-01,"Tucson, AZ",299675
54624,2020-03-01,"Grand Rapids-Wyoming-Kentwood, MI",299900
54625,2020-03-01,"Rochester, NY",235022
54626,2020-03-01,"Salt Lake City-Murray, UT",470475
54627,2020-03-01,"North Port-Bradenton-Sarasota, FL",371250
54628,2020-03-01,"Tulsa, OK",255325
54629,2020-03-01,"Greenville-Anderson-Greer, SC",279900
54630,2020-03-01,"Knoxville, TN",299950
54631,2020-03-01,"New Orleans-Metairie, LA",297000
54632,2020-03-01,"Omaha, NE-IA",305000
54633,2020-03-01,"Albany-Schenectady-Troy, NY",312500
54634,2020-03-01,"Albuquerque, NM",289350
54635,2020-03-01,"Fresno, CA",339913
54636,2020-03-01,"Bridgeport-Stamford-Danbury, CT",724500
54637,2020-03-01,"Cape Coral-Fort Myers, FL",319999
54638,2020-03-01,"Columbia, SC",239553
54639,2020-03-01,"Charleston-North Charleston, SC",424000
54640,2020-03-01,"Dayton-Kettering-Beavercreek, OH",182175
54641,2020-03-01,"Allentown-Bethlehem-Easton, PA-NJ",254950
54642,2020-03-01,"Baton Rouge, LA",249000
54643,2020-03-01,"Worcester, MA",394200
54644,2020-03-01,"Urban Honolulu, HI",625000
54645,2020-03-01,"Greensboro-High Point, NC",268450
54646,2020-03-01,"Lakeland-Winter Haven, FL",234900
54647,2020-03-01,"Little Rock-North Little Rock-Conway, AR",219750
54648,2020-03-01,"Deltona-Daytona Beach-Ormond Beach, FL",279450
54649,2020-03-01,"Boise City, ID",384223
54650,2020-03-01,"El Paso, TX",195975
54651,2020-03-01,"Madison, WI",372423
54652,2020-03-01,"Des Moines-West Des Moines, IA",268305
54653,2020-03-01,"Akron, OH",159950
54654,2020-03-01,"Winston-Salem, NC",288700
54655,2020-03-01,"Colorado Springs, CO",445520
54656,2020-03-01,"Bakersfield-Delano, CA",269950
54657,2020-03-01,"Palm Bay-Melbourne-Titusville, FL",299100
54658,2020-03-01,"McAllen-Edinburg-Mission, TX",199000
54659,2020-03-01,"Oxnard-Thousand Oaks-Ventura, CA",812700
54660,2020-03-01,"Syracuse, NY",184925
54661,2020-03-01,"Wichita, KS",212375
54662,2020-03-01,"Kiryas Joel-Poughkeepsie-Newburgh, NY",369000
54663,2020-03-01,"Durham-Chapel Hill, NC",429500
54664,2020-03-01,"Toledo, OH",157450
54665,2020-03-01,"Augusta-Richmond County, GA-SC",236545
54666,2020-03-01,"Stockton-Lodi, CA",429225
54667,2020-03-01,"Harrisburg-Carlisle, PA",249993
54668,2020-03-01,"Portland-South Portland, ME",399450
54669,2020-03-01,"Jackson, MS",259900
54670,2020-03-01,"Chattanooga, TN-GA",309676
54671,2020-03-01,"Spokane-Spokane Valley, WA",379924
54672,2020-03-01,"Scranton--Wilkes-Barre, PA",156950
54673,2020-03-01,"New Haven, CT",319000
54674,2020-03-01,"Fayetteville-Springdale-Rogers, AR",299950
55500,2020-02-01,"New York-Newark-Jersey City, NY-NJ",579900
55501,2020-02-01,"Los Angeles-Long Beach-Anaheim, CA",889000
55502,2020-02-01,"Chicago-Naperville-Elgin, IL-IN",319000
55503,2020-02-01,"Dallas-Fort Worth-Arlington, TX",340000
55504,2020-02-01,"Houston-Pasadena-The Woodlands, TX",301000
55505,2020-02-01,"Philadelphia-Camden-Wilmington, PA-NJ-DE-MD",289986
55506,2020-02-01,"Miami-Fort Lauderdale-West Palm Beach, FL",399900
55507,2020-02-01,"Atlanta-Sandy Springs-Roswell, GA",320000
55508,2020-02-01,"Washington-Arlington-Alexandria, DC-VA-MD-WV",489900
55509,2020-02-01,"Phoenix-Mesa-Chandler, AZ",399900
55510,2020-02-01,"Boston-Cambridge-Newton, MA-NH",599900
55511,2020-02-01,"Detroit-Warren-Dearborn, MI",222500
55512,2020-02-01,"San Francisco-Oakland-Fremont, CA",998000
55513,2020-02-01,"Seattle-Tacoma-Bellevue, WA",599900
55514,2020-02-01,"Riverside-San Bernardino-Ontario, CA",419000
55515,2020-02-01,"Minneapolis-St. Paul-Bloomington, MN-WI",375000
55516,2020-02-01,"Tampa-St. Petersburg-Clearwater, FL",280000
55517,2020-02-01,"Denver-Aurora-Centennial, CO",550000
55518,2020-02-01,"San Diego-Chula Vista-Carlsbad, CA",725000
55519,2020-02-01,"St. Louis, MO-IL",218900
55520,2020-02-01,"Charlotte-Concord-Gastonia, NC-SC",340900
55521,2020-02-01,"Baltimore-Columbia-Towson, MD",317000
55522,2020-02-01,"Orlando-Kissimmee-Sanford, FL",325000
55523,2020-02-01,"Pittsburgh, PA",195875
55524,2020-02-01,"San Antonio-New Braunfels, TX",282990
55525,2020-02-01,"Austin-Round Rock-San Marcos, TX",363845
55526,2020-02-01,"Portland-Vancouver-Hillsboro, OR-WA",479000
55527,2020-02-01,"Cleveland, OH",179900
55528,2020-02-01,"Cincinnati, OH-KY-IN",280000
55529,2020-02-01,"Kansas City, MO-KS",338000
55530,2020-02-01,"Las Vegas-Henderson-North Las Vegas, NV",328000
55531,2020-02-01,"Sacramento-Roseville-Folsom, CA",499000
55532,2020-02-01,"Columbus, OH",294750
55533,2020-02-01,"Indianapolis-Carmel-Greenwood, IN",273270
55534,2020-02-01,"Nashville-Davidson--Murfreesboro--Franklin, TN",369000
55535,2020-02-01,"Virginia Beach-Chesapeake-Norfolk, VA-NC",299040
55536,2020-02-01,"Jacksonville, FL",310000
55537,2020-02-01,"Providence-Warwick, RI-MA",383700
55538,2020-02-01,"San Jose-Sunnyvale-Santa Clara, CA",1198000
55539,2020-02-01,"Milwaukee-Waukesha, WI",269900
55540,2020-02-01,"Raleigh-Cary, NC",364500
55541,2020-02-01,"Oklahoma City, OK",255000
55542,2020-02-01,"Louisville/Jefferson County, KY-IN",249975
55543,2020-02-01,"Richmond, VA",332065
55544,2020-02-01,"Memphis, TN-MS-AR",229900
55545,2020-02-01,"Buffalo-Cheektowaga, NY",189900
55546,2020-02-01,"Birmingham, AL",256278
55547,2020-02-01,"Hartford-West Hartford-East Hartford, CT",299900
55548,2020-02-01,"Tucson, AZ",297830
55549,2020-02-01,"Grand Rapids-Wyoming-Kentwood, MI",299000
55550,2020-02-01,"Rochester, NY",224900
55551,2020-02-01,"Salt Lake City-Murray, UT",467000
55552,2020-02-01,"North Port-Bradenton-Sarasota, FL",371356
55553,2020-02-01,"Tulsa, OK",244635
55554,2020-02-01,"Greenville-Anderson-Greer, SC",276591
55555,2020-02-01,"Knoxville, TN",285000
55556,2020-02-01,"New Orleans-Metairie, LA",289000
55557,2020-02-01,"Omaha, NE-IA",305000
55558,2020-02-01,"Albany-Schenectady-Troy, NY",304900
55559,2020-02-01,"Albuquerque, NM",280205
55560,2020-02-01,"Fresno, CA",329000
55561,2020-02-01,"Bridgeport-Stamford-Danbury, CT",700000
55562,2020-02-01,"Cape Coral-Fort Myers, FL",317000
55563,2020-02-01,"Columbia, SC",234000
55564,2020-02-01,"Charleston-North Charleston, SC",408637
55565,2020-02-01,"Dayton-Kettering-Beavercreek, OH",160000
55566,2020-02-01,"Allentown-Bethlehem-Easton, PA-NJ",243900
55567,2020-02-01,"Baton Rouge, LA",241000
55568,2020-02-01,"Worcester, MA",374900
55569,2020-02-01,"Urban Honolulu, HI",638000
55570,2020-02-01,"Greensboro-High Point, NC",261310
55571,2020-02-01,"Lakeland-Winter Haven, FL",234000
55572,2020-02-01,"Little Rock-North Little Rock-Conway, AR",210000
55573,2020-02-01,"Deltona-Daytona Beach-Ormond Beach, FL",279900
55574,2020-02-01,"Boise City, ID",378900
55575,2020-02-01,"El Paso, TX",192950
55576,2020-02-01,"Madison, WI",369000
55577,2020-02-01,"Des Moines-West Des Moines, IA",264900
55578,2020-02-01,"Akron, OH",149900
55579,2020-02-01,"Winston-Salem, NC",289990
55580,2020-02-01,"Colorado Springs, CO",445000
55581,2020-02-01,"Bakersfield-Delano, CA",259900
55582,2020-02-01,"Palm Bay-Melbourne-Titusville, FL",294371
55583,2020-02-01,"McAllen-Edinburg-Mission, TX",195000
55584,2020-02-01,"Oxnard-Thousand Oaks-Ventura, CA",795000
55585,2020-02-01,"Syracuse, NY",176900
55586,2020-02-01,"Wichita, KS",204925
55587,2020-02-01,"Kiryas Joel-Poughkeepsie-Newburgh, NY",360000
55588,2020-02-01,"Durham-Chapel Hill, NC",414900
55589,2020-02-01,"Toledo, OH",154900
55590,2020-02-01,"Augusta-Richmond County, GA-SC",232600
55591,2020-02-01,"Stockton-Lodi, CA",434000
55592,2020-02-01,"Harrisburg-Carlisle, PA",240000
55593,2020-02-01,"Portland-South Portland, ME",399000
55594,2020-02-01,"Jackson, MS",250000
55595,2020-02-01,"Chattanooga, TN-GA",299900
55596,2020-02-01,"Spokane-Spokane Valley, WA",359900
55597,2020-02-01,"Scranton--Wilkes-Barre, PA",150000
55598,2020-02-01,"New Haven, CT",299000
55599,2020-02-01,"Fayetteville-Springdale-Rogers, AR",294500
56425,2020-01-01,"New York-Newark-Jersey City, NY-NJ",572350
56426,2020-01-01,"Los Angeles-Long Beach-Anaheim, CA",849000
56427,2020-01-01,"Chicago-Naperville-Elgin, IL-IN",299450
56428,2020-01-01,"Dallas-Fort Worth-Arlington, TX",336250
56429,2020-01-01,"Houston-Pasadena-The Woodlands, TX",299900
56430,2020-01-01,"Philadelphia-Camden-Wilmington, PA-NJ-DE-MD",284450
56431,2020-01-01,"Miami-Fort Lauderdale-West Palm Beach, FL",399125
56432,2020-01-01,"Atlanta-Sandy Springs-Roswell, GA",317500
56433,2020-01-01,"Washington-Arlington-Alexandria, DC-VA-MD-WV",469970
56434,2020-01-01,"Phoenix-Mesa-Chandler, AZ",392271
56435,2020-01-01,"Boston-Cambridge-Newton, MA-NH",586475
56436,2020-01-01,"Detroit-Warren-Dearborn, MI",219950
56437,2020-01-01,"San Francisco-Oakland-Fremont, CA",893625
56438,2020-01-01,"Seattle-Tacoma-Bellevue, WA",587500
56439,2020-01-01,"Riverside-San Bernardino-Ontario, CA",407000
56440,2020-01-01,"Minneapolis-St. Paul-Bloomington, MN-WI",362518
56441,2020-01-01,"Tampa-St. Petersburg-Clearwater, FL",276700
56442,2020-01-01,"Denver-Aurora-Centennial, CO",527480
56443,2020-01-01,"San Diego-Chula Vista-Carlsbad, CA",711725
56444,2020-01-01,"St. Louis, MO-IL",209900
56445,2020-01-01,"Charlotte-Concord-Gastonia, NC-SC",336650
56446,2020-01-01,"Baltimore-Columbia-Towson, MD",305000
56447,2020-01-01,"Orlando-Kissimmee-Sanford, FL",314500
56448,2020-01-01,"Pittsburgh, PA",187500
56449,2020-01-01,"San Antonio-New Braunfels, TX",279000
56450,2020-01-01,"Austin-Round Rock-San Marcos, TX",350466
56451,2020-01-01,"Portland-Vancouver-Hillsboro, OR-WA",472170
56452,2020-01-01,"Cleveland, OH",174950
56453,2020-01-01,"Cincinnati, OH-KY-IN",265950
56454,2020-01-01,"Kansas City, MO-KS",323975
56455,2020-01-01,"Las Vegas-Henderson-North Las Vegas, NV",320000
56456,2020-01-01,"Sacramento-Roseville-Folsom, CA",492450
56457,2020-01-01,"Columbus, OH",277953
56458,2020-01-01,"Indianapolis-Carmel-Greenwood, IN",265000
56459,2020-01-01,"Nashville-Davidson--Murfreesboro--Franklin, TN",365400
56460,2020-01-01,"Virginia Beach-Chesapeake-Norfolk, VA-NC",298480
56461,2020-01-01,"Jacksonville, FL",299950
56462,2020-01-01,"Providence-Warwick, RI-MA",367450
56463,2020-01-01,"San Jose-Sunnyvale-Santa Clara, CA",1088722
56464,2020-01-01,"Milwaukee-Waukesha, WI",256475
56465,2020-01-01,"Raleigh-Cary, NC",358914
56466,2020-01-01,"Oklahoma City, OK",250451
56467,2020-01-01,"Louisville/Jefferson County, KY-IN",238570
56468,2020-01-01,"Richmond, VA",324950
56469,2020-01-01,"Memphis, TN-MS-AR",227534
56470,2020-01-01,"Buffalo-Cheektowaga, NY",189900
56471,2020-01-01,"Birmingham, AL",249900
56472,2020-01-01,"Hartford-West Hartford-East Hartford, CT",292975
56473,2020-01-01,"Tucson, AZ",287500
56474,2020-01-01,"Grand Rapids-Wyoming-Kentwood, MI",275900
56475,2020-01-01,"Rochester, NY",201912
56476,2020-01-01,"Salt Lake City-Murray, UT",446268
56477,2020-01-01,"North Port-Bradenton-Sarasota, FL",369995
56478,2020-01-01,"Tulsa, OK",239700
56479,2020-01-01,"Greenville-Anderson-Greer, SC",269945
56480,2020-01-01,"Knoxville, TN",279950
56481,2020-01-01,"New Orleans-Metairie, LA",279900
56482,2020-01-01,"Omaha, NE-IA",291400
56483,2020-01-01,"Albany-Schenectady-Troy, NY",295825
56484,2020-01-01,"Albuquerque, NM",271000
56485,2020-01-01,"Fresno, CA",329000
56486,2020-01-01,"Bridgeport-Stamford-Danbury, CT",684450
56487,2020-01-01,"Cape Coral-Fort Myers, FL",307000
56488,2020-01-01,"Columbia, SC",228968
56489,2020-01-01,"Charleston-North Charleston, SC",399450
56490,2020-01-01,"Dayton-Kettering-Beavercreek, OH",149900
56491,2020-01-01,"Allentown-Bethlehem-Easton, PA-NJ",234375
56492,2020-01-01,"Baton Rouge, LA",239900
56493,2020-01-01,"Worcester, MA",369900
56494,2020-01-01,"Urban Honolulu, HI",649450
56495,2020-01-01,"Greensboro-High Point, NC",264597
56496,2020-01-01,"Lakeland-Winter Haven, FL",229950
56497,2020-01-01,"Little Rock-North Little Rock-Conway, AR",200800
56498,2020-01-01,"Deltona-Daytona Beach-Ormond Beach, FL",273691
56499,2020-01-01,"Boise City, ID",369900
56500,2020-01-01,"El Paso, TX",192950
56501,2020-01-01,"Madison, WI",347400
56502,2020-01-01,"Des Moines-West Des Moines, IA",258900
56503,2020-01-01,"Akron, OH",144900
56504,2020-01-01,"Winston-Salem, NC",269950
56505,2020-01-01,"Colorado Springs, CO",425000
56506,2020-01-01,"Bakersfield-Delano, CA",259450
56507,2020-01-01,"Palm Bay-Melbourne-Titusville, FL",297056
56508,2020-01-01,"McAllen-Edinburg-Mission, TX",195125
56509,2020-01-01,"Oxnard-Thousand Oaks-Ventura, CA",784425
56510,2020-01-01,"Syracuse, NY",166880
56511,2020-01-01,"Wichita, KS",199469
56512,2020-01-01,"Kiryas Joel-Poughkeepsie-Newburgh, NY",352625
56513,2020-01-01,"Durham-Chapel Hill, NC",399000
56514,2020-01-01,"Toledo, OH",153675
56515,2020-01-01,"Augusta-Richmond County, GA-SC",229918
56516,2020-01-01,"Stockton-Lodi, CA",424975
56517,2020-01-01,"Harrisburg-Carlisle, PA",239900
56518,2020-01-01,"Portland-South Portland, ME",395000
56519,2020-01-01,"Jackson, MS",250000
56520,2020-01-01,"Chattanooga, TN-GA",290500
56521,2020-01-01,"Spokane-Spokane Valley, WA",342498
56522,2020-01-01,"Scranton--Wilkes-Barre, PA",149900
56523,2020-01-01,"New Haven, CT",287400
56524,2020-01-01,"Fayetteville-Springdale-Rogers, AR",284500
57350,2019-12-01,"New York-Newark-Jersey City, NY-NJ",579000
57351,2019-12-01,"Los Angeles-Long Beach-Anaheim, CA",845000
57352,2019-12-01,"Chicago-Naperville-Elgin, IL-IN",299400
57353,2019-12-01,"Dallas-Fort Worth-Arlington, TX",337646
57354,2019-12-01,"Houston-Pasadena-The Woodlands, TX",299945
57355,2019-12-01,"Philadelphia-Camden-Wilmington, PA-NJ-DE-MD",285497
57356,2019-12-01,"Miami-Fort Lauderdale-West Palm Beach, FL",399900
57357,2019-12-01,"Atlanta-Sandy Springs-Roswell, GA",318500
57358,2019-12-01,"Washington-Arlington-Alexandria, DC-VA-MD-WV",474950
57359,2019-12-01,"Phoenix-Mesa-Chandler, AZ",379985
57360,2019-12-01,"Boston-Cambridge-Newton, MA-NH",589450
57361,2019-12-01,"Detroit-Warren-Dearborn, MI",224900
57362,2019-12-01,"San Francisco-Oakland-Fremont, CA",899000
57363,2019-12-01,"Seattle-Tacoma-Bellevue, WA",579950
57364,2019-12-01,"Riverside-San Bernardino-Ontario, CA",405000
57365,2019-12-01,"Minneapolis-St. Paul-Bloomington, MN-WI",349900
57366,2019-12-01,"Tampa-St. Petersburg-Clearwater, FL",279450
57367,2019-12-01,"Denver-Aurora-Centennial, CO",497495
57368,2019-12-01,"San Diego-Chula Vista-Carlsbad, CA",717400
57369,2019-12-01,"St. Louis, MO-IL",210225
57370,2019-12-01,"Charlotte-Concord-Gastonia, NC-SC",335882
57371,2019-12-01,"Baltimore-Columbia-Towson, MD",302950
57372,2019-12-01,"Orlando-Kissimmee-Sanford, FL",316924
57373,2019-12-01,"Pittsburgh, PA",184400
57374,2019-12-01,"San Antonio-New Braunfels, TX",278973
57375,2019-12-01,"Austin-Round Rock-San Marcos, TX",349996
57376,2019-12-01,"Portland-Vancouver-Hillsboro, OR-WA",466500
57377,2019-12-01,"Cleveland, OH",176125
57378,2019-12-01,"Cincinnati, OH-KY-IN",259900
57379,2019-12-01,"Kansas City, MO-KS",313700
57380,2019-12-01,"Las Vegas-Henderson-North Las Vegas, NV",319700
57381,2019-12-01,"Sacramento-Roseville-Folsom, CA",495000
57382,2019-12-01,"Columbus, OH",274888
57383,2019-12-01,"Indianapolis-Carmel-Greenwood, IN",256950
57384,2019-12-01,"Nashville-Davidson--Murfreesboro--Franklin, TN",366230
57385,2019-12-01,"Virginia Beach-Chesapeake-Norfolk, VA-NC",299450
57386,2019-12-01,"Jacksonville, FL",299948
57387,2019-12-01,"Providence-Warwick, RI-MA",369900
57388,2019-12-01,"San Jose-Sunnyvale-Santa Clara, CA",1084194
57389,2019-12-01,"Milwaukee-Waukesha, WI",253450
57390,2019-12-01,"Raleigh-Cary, NC",359950
57391,2019-12-01,"Oklahoma City, OK",250000
57392,2019-12-01,"Louisville/Jefferson County, KY-IN",236400
57393,2019-12-01,"Richmond, VA",322698
57394,2019-12-01,"Memphis, TN-MS-AR",232000
57395,2019-12-01,"Buffalo-Cheektowaga, NY",189900
57396,2019-12-01,"Birmingham, AL",249900
57397,2019-12-01,"Hartford-West Hartford-East Hartford, CT",296275
57398,2019-12-01,"Tucson, AZ",285500
57399,2019-12-01,"Grand Rapids-Wyoming-Kentwood, MI",269900
57400,2019-12-01,"Rochester, NY",199900
57401,2019-12-01,"Salt Lake City-Murray, UT",442450
57402,2019-12-01,"North Port-Bradenton-Sarasota, FL",370950
57403,2019-12-01,"Tulsa, OK",249700
57404,2019-12-01,"Greenville-Anderson-Greer, SC",269900
57405,2019-12-01,"Knoxville, TN",282266
57406,2019-12-01,"New Orleans-Metairie, LA",281800
57407,2019-12-01,"Omaha, NE-IA",283250
57408,2019-12-01,"Albany-Schenectady-Troy, NY",294300
57409,2019-12-01,"Albuquerque, NM",267450
57410,2019-12-01,"Fresno, CA",326785
57411,2019-12-01,"Bridgeport-Stamford-Danbury, CT",689450
57412,2019-12-01,"Cape Coral-Fort Myers, FL",302497
57413,2019-12-01,"Columbia, SC",227625
57414,2019-12-01,"Charleston-North Charleston, SC",398840
57415,2019-12-01,"Dayton-Kettering-Beavercreek, OH",154723
57416,2019-12-01,"Allentown-Bethlehem-Easton, PA-NJ",232450
57417,2019-12-01,"Baton Rouge, LA",239950
57418,2019-12-01,"Worcester, MA",369900
57419,2019-12-01,"Urban Honolulu, HI",662500
57420,2019-12-01,"Greensboro-High Point, NC",265515
57421,2019-12-01,"Lakeland-Winter Haven, FL",229700
57422,2019-12-01,"Little Rock-North Little Rock-Conway, AR",204050
57423,2019-12-01,"Deltona-Daytona Beach-Ormond Beach, FL",274000
57424,2019-12-01,"Boise City, ID",367204
57425,2019-12-01,"El Paso, TX",193450
57426,2019-12-01,"Madison, WI",346650
57427,2019-12-01,"Des Moines-West Des Moines, IA",255000
57428,2019-12-01,"Akron, OH",149900
57429,2019-12-01,"Winston-Salem, NC",269975
57430,2019-12-01,"Colorado Springs, CO",424830
57431,2019-12-01,"Bakersfield-Delano, CA",258500
57432,2019-12-01,"Palm Bay-Melbourne-Titusville, FL",295395
57433,2019-12-01,"McAllen-Edinburg-Mission, TX",197500
57434,2019-12-01,"Oxnard-Thousand Oaks-Ventura, CA",757500
57435,2019-12-01,"Syracuse, NY",171250
57436,2019-12-01,"Wichita, KS",199700
57437,2019-12-01,"Kiryas Joel-Poughkeepsie-Newburgh, NY",349900
57438,2019-12-01,"Durham-Chapel Hill, NC",394970
57439,2019-12-01,"Toledo, OH",153450
57440,2019-12-01,"Augusta-Richmond County, GA-SC",229450
57441,2019-12-01,"Stockton-Lodi, CA",432500
57442,2019-12-01,"Harrisburg-Carlisle, PA",236957
57443,2019-12-01,"Portland-South Portland, ME",385375
57444,2019-12-01,"Jackson, MS",249000
57445,2019-12-01,"Chattanooga, TN-GA",295058
57446,2019-12-01,"Spokane-Spokane Valley, WA",342970
57447,2019-12-01,"Scranton--Wilkes-Barre, PA",152450
57448,2019-12-01,"New Haven, CT",289225
57449,2019-12-01,"Fayetteville-Springdale-Rogers, AR",283400
58275,2019-11-01,"New York-Newark-Jersey City, NY-NJ",579000
58276,2019-11-01,"Los Angeles-Long Beach-Anaheim, CA",835000
58277,2019-11-01,"Chicago-Naperville-Elgin, IL-IN",306950
58278,2019-11-01,"Dallas-Fort Worth-Arlington, TX",342900
58279,2019-11-01,"Houston-Pasadena-The Woodlands, TX",301950
58280,2019-11-01,"Philadelphia-Camden-Wilmington, PA-NJ-DE-MD",294500
58281,2019-11-01,"Miami-Fort Lauderdale-West Palm Beach, FL",399900
58282,2019-11-01,"Atlanta-Sandy Springs-Roswell, GA",323000
58283,2019-11-01,"Washington-Arlington-Alexandria, DC-VA-MD-WV",478850
58284,2019-11-01,"Phoenix-Mesa-Chandler, AZ",383990
58285,2019-11-01,"Boston-Cambridge-Newton, MA-NH",589900
58286,2019-11-01,"Detroit-Warren-Dearborn, MI",229900
58287,2019-11-01,"San Francisco-Oakland-Fremont, CA",949000
58288,2019-11-01,"Seattle-Tacoma-Bellevue, WA",579000
58289,2019-11-01,"Riverside-San Bernardino-Ontario, CA",409500
58290,2019-11-01,"Minneapolis-St. Paul-Bloomington, MN-WI",345850
58291,2019-11-01,"Tampa-St. Petersburg-Clearwater, FL",279900
58292,2019-11-01,"Denver-Aurora-Centennial, CO",499000
58293,2019-11-01,"San Diego-Chula Vista-Carlsbad, CA",714945
58294,2019-11-01,"St. Louis, MO-IL",215000
58295,2019-11-01,"Charlotte-Concord-Gastonia, NC-SC",334735
58296,2019-11-01,"Baltimore-Columbia-Towson, MD",319900
58297,2019-11-01,"Orlando-Kissimmee-Sanford, FL",319000
58298,2019-11-01,"Pittsburgh, PA",189900
58299,2019-11-01,"San Antonio-New Braunfels, TX",279900
58300,2019-11-01,"Austin-Round Rock-San Marcos, TX",355000
58301,2019-11-01,"Portland-Vancouver-Hillsboro, OR-WA",463980
58302,2019-11-01,"Cleveland, OH",179900
58303,2019-11-01,"Cincinnati, OH-KY-IN",260478
58304,2019-11-01,"Kansas City, MO-KS",309950
58305,2019-11-01,"Las Vegas-Henderson-North Las Vegas, NV",319900
58306,2019-11-01,"Sacramento-Roseville-Folsom, CA",487000
58307,2019-11-01,"Columbus, OH",275000
58308,2019-11-01,"Indianapolis-Carmel-Greenwood, IN",259900
58309,2019-11-01,"Nashville-Davidson--Murfreesboro--Franklin, TN",369000
58310,2019-11-01,"Virginia Beach-Chesapeake-Norfolk, VA-NC",294900
58311,2019-11-01,"Jacksonville, FL",299999
58312,2019-11-01,"Providence-Warwick, RI-MA",379900
58313,2019-11-01,"San Jose-Sunnyvale-Santa Clara, CA",1100000
58314,2019-11-01,"Milwaukee-Waukesha, WI",259900
58315,2019-11-01,"Raleigh-Cary, NC",359450
58316,2019-11-01,"Oklahoma City, OK",250000
58317,2019-11-01,"Louisville/Jefferson County, KY-IN",242000
58318,2019-11-01,"Richmond, VA",315900
58319,2019-11-01,"Memphis, TN-MS-AR",231565
58320,2019-11-01,"Buffalo-Cheektowaga, NY",189900
58321,2019-11-01,"Birmingham, AL",257940
58322,2019-11-01,"Hartford-West Hartford-East Hartford, CT",299900
58323,2019-11-01,"Tucson, AZ",286989
58324,2019-11-01,"Grand Rapids-Wyoming-Kentwood, MI",269900
58325,2019-11-01,"Rochester, NY",199900
58326,2019-11-01,"Salt Lake City-Murray, UT",429900
58327,2019-11-01,"North Port-Bradenton-Sarasota, FL",369000
58328,2019-11-01,"Tulsa, OK",245000
58329,2019-11-01,"Greenville-Anderson-Greer, SC",274900
58330,2019-11-01,"Knoxville, TN",284900
58331,2019-11-01,"New Orleans-Metairie, LA",285000
58332,2019-11-01,"Omaha, NE-IA",281400
58333,2019-11-01,"Albany-Schenectady-Troy, NY",289900
58334,2019-11-01,"Albuquerque, NM",269000
58335,2019-11-01,"Fresno, CA",325900
58336,2019-11-01,"Bridgeport-Stamford-Danbury, CT",694450
58337,2019-11-01,"Cape Coral-Fort Myers, FL",299900
58338,2019-11-01,"Columbia, SC",228366
58339,2019-11-01,"Charleston-North Charleston, SC",399000
58340,2019-11-01,"Dayton-Kettering-Beavercreek, OH",157500
58341,2019-11-01,"Allentown-Bethlehem-Easton, PA-NJ",235000
58342,2019-11-01,"Baton Rouge, LA",241095
58343,2019-11-01,"Worcester, MA",369900
58344,2019-11-01,"Urban Honolulu, HI",668000
58345,2019-11-01,"Greensboro-High Point, NC",264174
58346,2019-11-01,"Lakeland-Winter Haven, FL",228920
58347,2019-11-01,"Little Rock-North Little Rock-Conway, AR",205000
58348,2019-11-01,"Deltona-Daytona Beach-Ormond Beach, FL",270990
58349,2019-11-01,"Boise City, ID",364957
58350,2019-11-01,"El Paso, TX",195000
58351,2019-11-01,"Madison, WI",340000
58352,2019-11-01,"Des Moines-West Des Moines, IA",255000
58353,2019-11-01,"Akron, OH",153950
58354,2019-11-01,"Winston-Salem, NC",274900
58355,2019-11-01,"Colorado Springs, CO",420000
58356,2019-11-01,"Bakersfield-Delano, CA",258500
58357,2019-11-01,"Palm Bay-Melbourne-Titusville, FL",299900
58358,2019-11-01,"McAllen-Edinburg-Mission, TX",195000
58359,2019-11-01,"Oxnard-Thousand Oaks-Ventura, CA",725000
58360,2019-11-01,"Syracuse, NY",176900
58361,2019-11-01,"Wichita, KS",207650
58362,2019-11-01,"Kiryas Joel-Poughkeepsie-Newburgh, NY",349900
58363,2019-11-01,"Durham-Chapel Hill, NC",389000
58364,2019-11-01,"Toledo, OH",154900
58365,2019-11-01,"Augusta-Richmond County, GA-SC",229000
58366,2019-11-01,"Stockton-Lodi, CA",425000
58367,2019-11-01,"Harrisburg-Carlisle, PA",234900
58368,2019-11-01,"Portland-South Portland, ME",385000
58369,2019-11-01,"Jackson, MS",246400
58370,2019-11-01,"Chattanooga, TN-GA",290000
58371,2019-11-01,"Spokane-Spokane Valley, WA",345000
58372,2019-11-01,"Scranton--Wilkes-Barre, PA",158500
58373,2019-11-01,"New Haven, CT",289900
58374,2019-11-01,"Fayetteville-Springdale-Rogers, AR",285000
59200,2019-10-01,"New York-Newark-Jersey City, NY-NJ",585000
59201,2019-10-01,"Los Angeles-Long Beach-Anaheim, CA",836818
59202,2019-10-01,"Chicago-Naperville-Elgin, IL-IN",314945
59203,2019-10-01,"Dallas-Fort Worth-Arlington, TX",344085
59204,2019-10-01,"Houston-Pasadena-The Woodlands, TX",309400
59205,2019-10-01,"Philadelphia-Camden-Wilmington, PA-NJ-DE-MD",298363
59206,2019-10-01,"Miami-Fort Lauderdale-West Palm Beach, FL",399295
59207,2019-10-01,"Atlanta-Sandy Springs-Roswell, GA",318011
59208,2019-10-01,"Washington-Arlington-Alexandria, DC-VA-MD-WV",479859
59209,2019-10-01,"Phoenix-Mesa-Chandler, AZ",384040
59210,2019-10-01,"Boston-Cambridge-Newton, MA-NH",587422
59211,2019-10-01,"Detroit-Warren-Dearborn, MI",236991
59212,2019-10-01,"San Francisco-Oakland-Fremont, CA",949500
59213,2019-10-01,"Seattle-Tacoma-Bellevue, WA",585677
59214,2019-10-01,"Riverside-San Bernardino-Ontario, CA",410000
59215,2019-10-01,"Minneapolis-St. Paul-Bloomington, MN-WI",339950
59216,2019-10-01,"Tampa-St. Petersburg-Clearwater, FL",280000
59217,2019-10-01,"Denver-Aurora-Centennial, CO",495223
59218,2019-10-01,"San Diego-Chula Vista-Carlsbad, CA",705682
59219,2019-10-01,"St. Louis, MO-IL",220000
59220,2019-10-01,"Charlotte-Concord-Gastonia, NC-SC",335631
59221,2019-10-01,"Baltimore-Columbia-Towson, MD",324125
59222,2019-10-01,"Orlando-Kissimmee-Sanford, FL",319677
59223,2019-10-01,"Pittsburgh, PA",190000
59224,2019-10-01,"San Antonio-New Braunfels, TX",283094
59225,2019-10-01,"Austin-Round Rock-San Marcos, TX",359450
59226,2019-10-01,"Portland-Vancouver-Hillsboro, OR-WA",465350
59227,2019-10-01,"Cleveland, OH",189900
59228,2019-10-01,"Cincinnati, OH-KY-IN",267404
59229,2019-10-01,"Kansas City, MO-KS",311995
59230,2019-10-01,"Las Vegas-Henderson-North Las Vegas, NV",320000
59231,2019-10-01,"Sacramento-Roseville-Folsom, CA",485660
59232,2019-10-01,"Columbus, OH",279839
59233,2019-10-01,"Indianapolis-Carmel-Greenwood, IN",263102
59234,2019-10-01,"Nashville-Davidson--Murfreesboro--Franklin, TN",369900
59235,2019-10-01,"Virginia Beach-Chesapeake-Norfolk, VA-NC",290000
59236,2019-10-01,"Jacksonville, FL",299925
59237,2019-10-01,"Providence-Warwick, RI-MA",379491
59238,2019-10-01,"San Jose-Sunnyvale-Santa Clara, CA",1112051
59239,2019-10-01,"Milwaukee-Waukesha, WI",264950
59240,2019-10-01,"Raleigh-Cary, NC",364645
59241,2019-10-01,"Oklahoma City, OK",252473
59242,2019-10-01,"Louisville/Jefferson County, KY-IN",249950
59243,2019-10-01,"Richmond, VA",319975
59244,2019-10-01,"Memphis, TN-MS-AR",230086
59245,2019-10-01,"Buffalo-Cheektowaga, NY",199900
59246,2019-10-01,"Birmingham, AL",259900
59247,2019-10-01,"Hartford-West Hartford-East Hartford, CT",299900
59248,2019-10-01,"Tucson, AZ",289955
59249,2019-10-01,"Grand Rapids-Wyoming-Kentwood, MI",269700
59250,2019-10-01,"Rochester, NY",199900
59251,2019-10-01,"Salt Lake City-Murray, UT",425000
59252,2019-10-01,"North Port-Bradenton-Sarasota, FL",363934
59253,2019-10-01,"Tulsa, OK",245000
59254,2019-10-01,"Greenville-Anderson-Greer, SC",275677
59255,2019-10-01,"Knoxville, TN",284900
59256,2019-10-01,"New Orleans-Metairie, LA",287250
59257,2019-10-01,"Omaha, NE-IA",279950
59258,2019-10-01,"Albany-Schenectady-Troy, NY",289900
59259,2019-10-01,"Albuquerque, NM",269745
59260,2019-10-01,"Fresno, CA",326571
59261,2019-10-01,"Bridgeport-Stamford-Danbury, CT",692455
59262,2019-10-01,"Cape Coral-Fort Myers, FL",299000
59263,2019-10-01,"Columbia, SC",227900
59264,2019-10-01,"Charleston-North Charleston, SC",399450
59265,2019-10-01,"Dayton-Kettering-Beavercreek, OH",162532
59266,2019-10-01,"Allentown-Bethlehem-Easton, PA-NJ",215223
59267,2019-10-01,"Baton Rouge, LA",243475
59268,2019-10-01,"Worcester, MA",368673
59269,2019-10-01,"Urban Honolulu, HI",679500
59270,2019-10-01,"Greensboro-High Point, NC",262419
59271,2019-10-01,"Lakeland-Winter Haven, FL",229859
59272,2019-10-01,"Little Rock-North Little Rock-Conway, AR",209400
59273,2019-10-01,"Deltona-Daytona Beach-Ormond Beach, FL",273975
59274,2019-10-01,"Boise City, ID",359900
59275,2019-10-01,"El Paso, TX",190583
59276,2019-10-01,"Madison, WI",339975
59277,2019-10-01,"Des Moines-West Des Moines, IA",259705
59278,2019-10-01,"Akron, OH",165000
59279,2019-10-01,"Winston-Salem, NC",273995
59280,2019-10-01,"Colorado Springs, CO",411136
59281,2019-10-01,"Bakersfield-Delano, CA",258089
59282,2019-10-01,"Palm Bay-Melbourne-Titusville, FL",299900
59283,2019-10-01,"McAllen-Edinburg-Mission, TX",195000
59284,2019-10-01,"Oxnard-Thousand Oaks-Ventura, CA",753591
59285,2019-10-01,"Syracuse, NY",179900
59286,2019-10-01,"Wichita, KS",209890
59287,2019-10-01,"Kiryas Joel-Poughkeepsie-Newburgh, NY",349900
59288,2019-10-01,"Durham-Chapel Hill, NC",385000
59289,2019-10-01,"Toledo, OH",158000
59290,2019-10-01,"Augusta-Richmond County, GA-SC",233170
59291,2019-10-01,"Stockton-Lodi, CA",419247
59292,2019-10-01,"Harrisburg-Carlisle, PA",239540
59293,2019-10-01,"Portland-South Portland, ME",384950
59294,2019-10-01,"Jackson, MS",249450
59295,2019-10-01,"Chattanooga, TN-GA",289900
59296,2019-10-01,"Spokane-Spokane Valley, WA",340955
59297,2019-10-01,"Scranton--Wilkes-Barre, PA",158000
59298,2019-10-01,"New Haven, CT",298500
59299,2019-10-01,"Fayetteville-Springdale-Rogers, AR",289859
60125,2019-09-01,"New York-Newark-Jersey City, NY-NJ",583359
60126,2019-09-01,"Los Angeles-Long Beach-Anaheim, CA",837727
60127,2019-09-01,"Chicago-Naperville-Elgin, IL-IN",319386
60128,2019-09-01,"Dallas-Fort Worth-Arlington, TX",344883
60129,2019-09-01,"Houston-Pasadena-The Woodlands, TX",311523
60130,2019-09-01,"Philadelphia-Camden-Wilmington, PA-NJ-DE-MD",294542
60131,2019-09-01,"Miami-Fort Lauderdale-West Palm Beach, FL",399318
60132,2019-09-01,"Atlanta-Sandy Springs-Roswell, GA",313930
60133,2019-09-01,"Washington-Arlington-Alexandria, DC-VA-MD-WV",479614
60134,2019-09-01,"Phoenix-Mesa-Chandler, AZ",384314
60135,2019-09-01,"Boston-Cambridge-Newton, MA-NH",588682
60136,2019-09-01,"Detroit-Warren-Dearborn, MI",243536
60137,2019-09-01,"San Francisco-Oakland-Fremont, CA",936096
60138,2019-09-01,"Seattle-Tacoma-Bellevue, WA",589741
60139,2019-09-01,"Riverside-San Bernardino-Ontario, CA",412864
60140,2019-09-01,"Minneapolis-St. Paul-Bloomington, MN-WI",343082
60141,2019-09-01,"Tampa-St. Petersburg-Clearwater, FL",281048
60142,2019-09-01,"Denver-Aurora-Centennial, CO",496559
60143,2019-09-01,"San Diego-Chula Vista-Carlsbad, CA",704773
60144,2019-09-01,"St. Louis, MO-IL",222864
60145,2019-09-01,"Charlotte-Concord-Gastonia, NC-SC",339419
60146,2019-09-01,"Baltimore-Columbia-Towson, MD",328150
60147,2019-09-01,"Orlando-Kissimmee-Sanford, FL",320591
60148,2019-09-01,"Pittsburgh, PA",191591
60149,2019-09-01,"San Antonio-New Braunfels, TX",285906
60150,2019-09-01,"Austin-Round Rock-San Marcos, TX",360901
60151,2019-09-01,"Portland-Vancouver-Hillsboro, OR-WA",470877
60152,2019-09-01,"Cleveland, OH",192795
60153,2019-09-01,"Cincinnati, OH-KY-IN",271000
60154,2019-09-01,"Kansas City, MO-KS",311818
60155,2019-09-01,"Las Vegas-Henderson-North Las Vegas, NV",321590
60156,2019-09-01,"Sacramento-Roseville-Folsom, CA",489621
60157,2019-09-01,"Columbus, OH",291036
60158,2019-09-01,"Indianapolis-Carmel-Greenwood, IN",266501
60159,2019-09-01,"Nashville-Davidson--Murfreesboro--Franklin, TN",371523
60160,2019-09-01,"Virginia Beach-Chesapeake-Norfolk, VA-NC",291591
60161,2019-09-01,"Jacksonville, FL",301682
60162,2019-09-01,"Providence-Warwick, RI-MA",379286
60163,2019-09-01,"San Jose-Sunnyvale-Santa Clara, CA",1121857
60164,2019-09-01,"Milwaukee-Waukesha, WI",269749
60165,2019-09-01,"Raleigh-Cary, NC",367993
60166,2019-09-01,"Oklahoma City, OK",252309
60167,2019-09-01,"Louisville/Jefferson County, KY-IN",256205
60168,2019-09-01,"Richmond, VA",322705
60169,2019-09-01,"Memphis, TN-MS-AR",230855
60170,2019-09-01,"Buffalo-Cheektowaga, NY",206264
60171,2019-09-01,"Birmingham, AL",261173
60172,2019-09-01,"Hartford-West Hartford-East Hartford, CT",299932
60173,2019-09-01,"Tucson, AZ",289682
60174,2019-09-01,"Grand Rapids-Wyoming-Kentwood, MI",274059
60175,2019-09-01,"Rochester, NY",207855
60176,2019-09-01,"Salt Lake City-Murray, UT",429741
60177,2019-09-01,"North Port-Bradenton-Sarasota, FL",364476
60178,2019-09-01,"Tulsa, OK",243170
60179,2019-09-01,"Greenville-Anderson-Greer, SC",276591
60180,2019-09-01,"Knoxville, TN",289536
60181,2019-09-01,"New Orleans-Metairie, LA",290455
60182,2019-09-01,"Omaha, NE-IA",287886
60183,2019-09-01,"Albany-Schenectady-Troy, NY",291523
60184,2019-09-01,"Albuquerque, NM",271218
60185,2019-09-01,"Fresno, CA",328824
60186,2019-09-01,"Bridgeport-Stamford-Danbury, CT",692182
60187,2019-09-01,"Cape Coral-Fort Myers, FL",297091
60188,2019-09-01,"Columbia, SC",228150
60189,2019-09-01,"Charleston-North Charleston, SC",405682
60190,2019-09-01,"Dayton-Kettering-Beavercreek, OH",161523
60191,2019-09-01,"Allentown-Bethlehem-Easton, PA-NJ",216559
60192,2019-09-01,"Baton Rouge, LA",245241
60193,2019-09-01,"Worcester, MA",370559
60194,2019-09-01,"Urban Honolulu, HI",685727
60195,2019-09-01,"Greensboro-High Point, NC",261033
60196,2019-09-01,"Lakeland-Winter Haven, FL",229614
60197,2019-09-01,"Little Rock-North Little Rock-Conway, AR",208455
60198,2019-09-01,"Deltona-Daytona Beach-Ormond Beach, FL",274284
60199,2019-09-01,"Boise City, ID",363383
60200,2019-09-01,"El Paso, TX",190755
60201,2019-09-01,"Madison, WI",343114
60202,2019-09-01,"Des Moines-West Des Moines, IA",264007
60203,2019-09-01,"Akron, OH",168150
60204,2019-09-01,"Winston-Salem, NC",274368
60205,2019-09-01,"Colorado Springs, CO",409205
60206,2019-09-01,"Bakersfield-Delano, CA",259545
60207,2019-09-01,"Palm Bay-Melbourne-Titusville, FL",297175
60208,2019-09-01,"McAllen-Edinburg-Mission, TX",195955
60209,2019-09-01,"Oxnard-Thousand Oaks-Ventura, CA",750386
60210,2019-09-01,"Syracuse, NY",185500
60211,2019-09-01,"Wichita, KS",209228
60212,2019-09-01,"Kiryas Joel-Poughkeepsie-Newburgh, NY",348341
60213,2019-09-01,"Durham-Chapel Hill, NC",389741
60214,2019-09-01,"Toledo, OH",162468
60215,2019-09-01,"Augusta-Richmond County, GA-SC",233138
60216,2019-09-01,"Stockton-Lodi, CA",422121
60217,2019-09-01,"Harrisburg-Carlisle, PA",237383
60218,2019-09-01,"Portland-South Portland, ME",386205
60219,2019-09-01,"Jackson, MS",249932
60220,2019-09-01,"Chattanooga, TN-GA",291491
60221,2019-09-01,"Spokane-Spokane Valley, WA",340682
60222,2019-09-01,"Scranton--Wilkes-Barre, PA",158605
60223,2019-09-01,"New Haven, CT",299286
60224,2019-09-01,"Fayetteville-Springdale-Rogers, AR",291864
61050,2019-08-01,"New York-Newark-Jersey City, NY-NJ",581250
61051,2019-08-01,"Los Angeles-Long Beach-Anaheim, CA",836091
61052,2019-08-01,"Chicago-Naperville-Elgin, IL-IN",325155
61053,2019-08-01,"Dallas-Fort Worth-Arlington, TX",347947
61054,2019-08-01,"Houston-Pasadena-The Woodlands, TX",313609
61055,2019-08-01,"Philadelphia-Camden-Wilmington, PA-NJ-DE-MD",288811
61056,2019-08-01,"Miami-Fort Lauderdale-West Palm Beach, FL",399727
61057,2019-08-01,"Atlanta-Sandy Springs-Roswell, GA",318982
61058,2019-08-01,"Washington-Arlington-Alexandria, DC-VA-MD-WV",479245
61059,2019-08-01,"Phoenix-Mesa-Chandler, AZ",384726
61060,2019-08-01,"Boston-Cambridge-Newton, MA-NH",595413
61061,2019-08-01,"Detroit-Warren-Dearborn, MI",253355
61062,2019-08-01,"San Francisco-Oakland-Fremont, CA",919505
61063,2019-08-01,"Seattle-Tacoma-Bellevue, WA",595836
61064,2019-08-01,"Riverside-San Bernardino-Ontario, CA",416545
61065,2019-08-01,"Minneapolis-St. Paul-Bloomington, MN-WI",347173
61066,2019-08-01,"Tampa-St. Petersburg-Clearwater, FL",282396
61067,2019-08-01,"Denver-Aurora-Centennial, CO",498564
61068,2019-08-01,"San Diego-Chula Vista-Carlsbad, CA",710909
61069,2019-08-01,"St. Louis, MO-IL",226545
61070,2019-08-01,"Charlotte-Concord-Gastonia, NC-SC",345100
61071,2019-08-01,"Baltimore-Columbia-Towson, MD",332200
61072,2019-08-01,"Orlando-Kissimmee-Sanford, FL",322636
61073,2019-08-01,"Pittsburgh, PA",193636
61074,2019-08-01,"San Antonio-New Braunfels, TX",288356
61075,2019-08-01,"Austin-Round Rock-San Marcos, TX",362187
61076,2019-08-01,"Portland-Vancouver-Hillsboro, OR-WA",473291
61077,2019-08-01,"Cleveland, OH",196518
61078,2019-08-01,"Cincinnati, OH-KY-IN",276394
61079,2019-08-01,"Kansas City, MO-KS",307727
61080,2019-08-01,"Las Vegas-Henderson-North Las Vegas, NV",323636
61081,2019-08-01,"Sacramento-Roseville-Folsom, CA",495563
61082,2019-08-01,"Columbus, OH",305355
61083,2019-08-01,"Indianapolis-Carmel-Greenwood, IN",271600
61084,2019-08-01,"Nashville-Davidson--Murfreesboro--Franklin, TN",373609
61085,2019-08-01,"Virginia Beach-Chesapeake-Norfolk, VA-NC",293636
61086,2019-08-01,"Jacksonville, FL",303973
61087,2019-08-01,"Providence-Warwick, RI-MA",379655
61088,2019-08-01,"San Jose-Sunnyvale-Santa Clara, CA",1117816
61089,2019-08-01,"Milwaukee-Waukesha, WI",275855
61090,2019-08-01,"Raleigh-Cary, NC",371969
61091,2019-08-01,"Oklahoma City, OK",252064
61092,2019-08-01,"Louisville/Jefferson County, KY-IN",264182
61093,2019-08-01,"Richmond, VA",326182
61094,2019-08-01,"Memphis, TN-MS-AR",232082
61095,2019-08-01,"Buffalo-Cheektowaga, NY",214445
61096,2019-08-01,"Birmingham, AL",262809
61097,2019-08-01,"Hartford-West Hartford-East Hartford, CT",299973
61098,2019-08-01,"Tucson, AZ",289273
61099,2019-08-01,"Grand Rapids-Wyoming-Kentwood, MI",280564
61100,2019-08-01,"Rochester, NY",218082
61101,2019-08-01,"Salt Lake City-Murray, UT",435836
61102,2019-08-01,"North Port-Bradenton-Sarasota, FL",367190
61103,2019-08-01,"Tulsa, OK",240818
61104,2019-08-01,"Greenville-Anderson-Greer, SC",278636
61105,2019-08-01,"Knoxville, TN",295755
61106,2019-08-01,"New Orleans-Metairie, LA",291682
61107,2019-08-01,"Omaha, NE-IA",298155
61108,2019-08-01,"Albany-Schenectady-Troy, NY",293609
61109,2019-08-01,"Albuquerque, NM",273427
61110,2019-08-01,"Fresno, CA",333130
61111,2019-08-01,"Bridgeport-Stamford-Danbury, CT",696273
61112,2019-08-01,"Cape Coral-Fort Myers, FL",294636
61113,2019-08-01,"Columbia, SC",232200
61114,2019-08-01,"Charleston-North Charleston, SC",414273
61115,2019-08-01,"Dayton-Kettering-Beavercreek, OH",163609
61116,2019-08-01,"Allentown-Bethlehem-Easton, PA-NJ",218564
61117,2019-08-01,"Baton Rouge, LA",246836
61118,2019-08-01,"Worcester, MA",376164
61119,2019-08-01,"Urban Honolulu, HI",693091
61120,2019-08-01,"Greensboro-High Point, NC",262490
61121,2019-08-01,"Lakeland-Winter Haven, FL",229245
61122,2019-08-01,"Little Rock-North Little Rock-Conway, AR",207882
61123,2019-08-01,"Deltona-Daytona Beach-Ormond Beach, FL",274714
61124,2019-08-01,"Boise City, ID",367862
61125,2019-08-01,"El Paso, TX",191727
61126,2019-08-01,"Madison, WI",347245
61127,2019-08-01,"Des Moines-West Des Moines, IA",271743
61128,2019-08-01,"Akron, OH",172200
61129,2019-08-01,"Winston-Salem, NC",276847
61130,2019-08-01,"Colorado Springs, CO",412682
61131,2019-08-01,"Bakersfield-Delano, CA",262818
61132,2019-08-01,"Palm Bay-Melbourne-Titusville, FL",293671
61133,2019-08-01,"McAllen-Edinburg-Mission, TX",197182
61134,2019-08-01,"Oxnard-Thousand Oaks-Ventura, CA",738155
61135,2019-08-01,"Syracuse, NY",192700
61136,2019-08-01,"Wichita, KS",208236
61137,2019-08-01,"Kiryas Joel-Poughkeepsie-Newburgh, NY",346336
61138,2019-08-01,"Durham-Chapel Hill, NC",395836
61139,2019-08-01,"Toledo, OH",166927
61140,2019-08-01,"Augusta-Richmond County, GA-SC",234195
61141,2019-08-01,"Stockton-Lodi, CA",426848
61142,2019-08-01,"Harrisburg-Carlisle, PA",234147
61143,2019-08-01,"Portland-South Portland, ME",387882
61144,2019-08-01,"Jackson, MS",249973
61145,2019-08-01,"Chattanooga, TN-GA",293536
61146,2019-08-01,"Spokane-Spokane Valley, WA",340273
61147,2019-08-01,"Scranton--Wilkes-Barre, PA",159382
61148,2019-08-01,"New Haven, CT",299655
61149,2019-08-01,"Fayetteville-Springdale-Rogers, AR",295545
61975,2019-07-01,"New York-Newark-Jersey City, NY-NJ",582500
61976,2019-07-01,"Los Angeles-Long Beach-Anaheim, CA",829950
61977,2019-07-01,"Chicago-Naperville-Elgin, IL-IN",331450
61978,2019-07-01,"Dallas-Fort Worth-Arlington, TX",355098
61979,2019-07-01,"Houston-Pasadena-The Woodlands, TX",316750
61980,2019-07-01,"Philadelphia-Camden-Wilmington, PA-NJ-DE-MD",286000
61981,2019-07-01,"Miami-Fort Lauderdale-West Palm Beach, FL",400000
61982,2019-07-01,"Atlanta-Sandy Springs-Roswell, GA",324900
61983,2019-07-01,"Washington-Arlington-Alexandria, DC-VA-MD-WV",479450
61984,2019-07-01,"Phoenix-Mesa-Chandler, AZ",382718
61985,2019-07-01,"Boston-Cambridge-Newton, MA-NH",599900
61986,2019-07-01,"Detroit-Warren-Dearborn, MI",259900
61987,2019-07-01,"San Francisco-Oakland-Fremont, CA",927000
61988,2019-07-01,"Seattle-Tacoma-Bellevue, WA",599995
61989,2019-07-01,"Riverside-San Bernardino-Ontario, CA",419000
61990,2019-07-01,"Minneapolis-St. Paul-Bloomington, MN-WI",351950
61991,2019-07-01,"Tampa-St. Petersburg-Clearwater, FL",285000
61992,2019-07-01,"Denver-Aurora-Centennial, CO",500000
61993,2019-07-01,"San Diego-Chula Vista-Carlsbad, CA",712000
61994,2019-07-01,"St. Louis, MO-IL",229450
61995,2019-07-01,"Charlotte-Concord-Gastonia, NC-SC",349938
61996,2019-07-01,"Baltimore-Columbia-Towson, MD",337450
61997,2019-07-01,"Orlando-Kissimmee-Sanford, FL",322301
61998,2019-07-01,"Pittsburgh, PA",195725
61999,2019-07-01,"San Antonio-New Braunfels, TX",293545
62000,2019-07-01,"Austin-Round Rock-San Marcos, TX",364021
62001,2019-07-01,"Portland-Vancouver-Hillsboro, OR-WA",474950
62002,2019-07-01,"Cleveland, OH",199850
62003,2019-07-01,"Cincinnati, OH-KY-IN",284000
62004,2019-07-01,"Kansas City, MO-KS",309950
62005,2019-07-01,"Las Vegas-Henderson-North Las Vegas, NV",325000
62006,2019-07-01,"Sacramento-Roseville-Folsom, CA",499262
62007,2019-07-01,"Columbus, OH",320950
62008,2019-07-01,"Indianapolis-Carmel-Greenwood, IN",279950
62009,2019-07-01,"Nashville-Davidson--Murfreesboro--Franklin, TN",374950
62010,2019-07-01,"Virginia Beach-Chesapeake-Norfolk, VA-NC",296950
62011,2019-07-01,"Jacksonville, FL",308139
62012,2019-07-01,"Providence-Warwick, RI-MA",387000
62013,2019-07-01,"San Jose-Sunnyvale-Santa Clara, CA",1127250
62014,2019-07-01,"Milwaukee-Waukesha, WI",281850
62015,2019-07-01,"Raleigh-Cary, NC",375000
62016,2019-07-01,"Oklahoma City, OK",255382
62017,2019-07-01,"Louisville/Jefferson County, KY-IN",271400
62018,2019-07-01,"Richmond, VA",332450
62019,2019-07-01,"Memphis, TN-MS-AR",229950
62020,2019-07-01,"Buffalo-Cheektowaga, NY",219900
62021,2019-07-01,"Birmingham, AL",260075
62022,2019-07-01,"Hartford-West Hartford-East Hartford, CT",304500
62023,2019-07-01,"Tucson, AZ",287995
62024,2019-07-01,"Grand Rapids-Wyoming-Kentwood, MI",284950
62025,2019-07-01,"Rochester, NY",227184
62026,2019-07-01,"Salt Lake City-Murray, UT",437450
62027,2019-07-01,"North Port-Bradenton-Sarasota, FL",369125
62028,2019-07-01,"Tulsa, OK",239900
62029,2019-07-01,"Greenville-Anderson-Greer, SC",280989
62030,2019-07-01,"Knoxville, TN",299900
62031,2019-07-01,"New Orleans-Metairie, LA",296625
62032,2019-07-01,"Omaha, NE-IA",299925
62033,2019-07-01,"Albany-Schenectady-Troy, NY",299450
62034,2019-07-01,"Albuquerque, NM",272450
62035,2019-07-01,"Fresno, CA",337500
62036,2019-07-01,"Bridgeport-Stamford-Danbury, CT",707500
62037,2019-07-01,"Cape Coral-Fort Myers, FL",291585
62038,2019-07-01,"Columbia, SC",234951
62039,2019-07-01,"Charleston-North Charleston, SC",419500
62040,2019-07-01,"Dayton-Kettering-Beavercreek, OH",163473
62041,2019-07-01,"Allentown-Bethlehem-Easton, PA-NJ",224075
62042,2019-07-01,"Baton Rouge, LA",248691
62043,2019-07-01,"Worcester, MA",379900
62044,2019-07-01,"Urban Honolulu, HI",698000
62045,2019-07-01,"Greensboro-High Point, NC",266750
62046,2019-07-01,"Lakeland-Winter Haven, FL",229397
62047,2019-07-01,"Little Rock-North Little Rock-Conway, AR",206200
62048,2019-07-01,"Deltona-Daytona Beach-Ormond Beach, FL",275000
62049,2019-07-01,"Boise City, ID",374275
62050,2019-07-01,"El Paso, TX",191450
62051,2019-07-01,"Madison, WI",352548
62052,2019-07-01,"Des Moines-West Des Moines, IA",277200
62053,2019-07-01,"Akron, OH",177450
62054,2019-07-01,"Winston-Salem, NC",275000
62055,2019-07-01,"Colorado Springs, CO",416750
62056,2019-07-01,"Bakersfield-Delano, CA",266913
62057,2019-07-01,"Palm Bay-Melbourne-Titusville, FL",295000
62058,2019-07-01,"McAllen-Edinburg-Mission, TX",198250
62059,2019-07-01,"Oxnard-Thousand Oaks-Ventura, CA",733675
62060,2019-07-01,"Syracuse, NY",199900
62061,2019-07-01,"Wichita, KS",209950
62062,2019-07-01,"Kiryas Joel-Poughkeepsie-Newburgh, NY",345000
62063,2019-07-01,"Durham-Chapel Hill, NC",401500
62064,2019-07-01,"Toledo, OH",169900
62065,2019-07-01,"Augusta-Richmond County, GA-SC",235675
62066,2019-07-01,"Stockton-Lodi, CA",428598
62067,2019-07-01,"Harrisburg-Carlisle, PA",233450
62068,2019-07-01,"Portland-South Portland, ME",389450
62069,2019-07-01,"Jackson, MS",250450
62070,2019-07-01,"Chattanooga, TN-GA",295000
62071,2019-07-01,"Spokane-Spokane Valley, WA",344950
62072,2019-07-01,"Scranton--Wilkes-Barre, PA",159950
62073,2019-07-01,"New Haven, CT",307450
62074,2019-07-01,"Fayetteville-Springdale-Rogers, AR",299900
62900,2019-06-01,"New York-Newark-Jersey City, NY-NJ",595000
62901,2019-06-01,"Los Angeles-Long Beach-Anaheim, CA",825000
62902,2019-06-01,"Chicago-Naperville-Elgin, IL-IN",338450
62903,2019-06-01,"Dallas-Fort Worth-Arlington, TX",359100
62904,2019-06-01,"Houston-Pasadena-The Woodlands, TX",321886
62905,2019-06-01,"Philadelphia-Camden-Wilmington, PA-NJ-DE-MD",289900
62906,2019-06-01,"Miami-Fort Lauderdale-West Palm Beach, FL",399995
62907,2019-06-01,"Atlanta-Sandy Springs-Roswell, GA",325000
62908,2019-06-01,"Washington-Arlington-Alexandria, DC-VA-MD-WV",490200
62909,2019-06-01,"Phoenix-Mesa-Chandler, AZ",380000
62910,2019-06-01,"Boston-Cambridge-Newton, MA-NH",599900
62911,2019-06-01,"Detroit-Warren-Dearborn, MI",262000
62912,2019-06-01,"San Francisco-Oakland-Fremont, CA",960000
62913,2019-06-01,"Seattle-Tacoma-Bellevue, WA",614950
62914,2019-06-01,"Riverside-San Bernardino-Ontario, CA",419900
62915,2019-06-01,"Minneapolis-St. Paul-Bloomington, MN-WI",357500
62916,2019-06-01,"Tampa-St. Petersburg-Clearwater, FL",285000
62917,2019-06-01,"Denver-Aurora-Centennial, CO",515000
62918,2019-06-01,"San Diego-Chula Vista-Carlsbad, CA",720000
62919,2019-06-01,"St. Louis, MO-IL",234900
62920,2019-06-01,"Charlotte-Concord-Gastonia, NC-SC",358000
62921,2019-06-01,"Baltimore-Columbia-Towson, MD",339999
62922,2019-06-01,"Orlando-Kissimmee-Sanford, FL",319900
62923,2019-06-01,"Pittsburgh, PA",194900
62924,2019-06-01,"San Antonio-New Braunfels, TX",295000
62925,2019-06-01,"Austin-Round Rock-San Marcos, TX",369000
62926,2019-06-01,"Portland-Vancouver-Hillsboro, OR-WA",479000
62927,2019-06-01,"Cleveland, OH",200000
62928,2019-06-01,"Cincinnati, OH-KY-IN",288270
62929,2019-06-01,"Kansas City, MO-KS",324825
62930,2019-06-01,"Las Vegas-Henderson-North Las Vegas, NV",324900
62931,2019-06-01,"Sacramento-Roseville-Folsom, CA",502000
62932,2019-06-01,"Columbus, OH",324500
62933,2019-06-01,"Indianapolis-Carmel-Greenwood, IN",279900
62934,2019-06-01,"Nashville-Davidson--Murfreesboro--Franklin, TN",375900
62935,2019-06-01,"Virginia Beach-Chesapeake-Norfolk, VA-NC",297500
62936,2019-06-01,"Jacksonville, FL",311302
62937,2019-06-01,"Providence-Warwick, RI-MA",384900
62938,2019-06-01,"San Jose-Sunnyvale-Santa Clara, CA",1175000
62939,2019-06-01,"Milwaukee-Waukesha, WI",279900
62940,2019-06-01,"Raleigh-Cary, NC",376250
62941,2019-06-01,"Oklahoma City, OK",256000
62942,2019-06-01,"Louisville/Jefferson County, KY-IN",279900
62943,2019-06-01,"Richmond, VA",335000
62944,2019-06-01,"Memphis, TN-MS-AR",229900
62945,2019-06-01,"Buffalo-Cheektowaga, NY",222245
62946,2019-06-01,"Birmingham, AL",259900
62947,2019-06-01,"Hartford-West Hartford-East Hartford, CT",314900
62948,2019-06-01,"Tucson, AZ",294500
62949,2019-06-01,"Grand Rapids-Wyoming-Kentwood, MI",285000
62950,2019-06-01,"Rochester, NY",229600
62951,2019-06-01,"Salt Lake City-Murray, UT",441154
62952,2019-06-01,"North Port-Bradenton-Sarasota, FL",369250
62953,2019-06-01,"Tulsa, OK",236900
62954,2019-06-01,"Greenville-Anderson-Greer, SC",284900
62955,2019-06-01,"Knoxville, TN",299500
62956,2019-06-01,"New Orleans-Metairie, LA",297590
62957,2019-06-01,"Omaha, NE-IA",299000
62958,2019-06-01,"Albany-Schenectady-Troy, NY",299400
62959,2019-06-01,"Albuquerque, NM",273000
62960,2019-06-01,"Fresno, CA",334900
62961,2019-06-01,"Bridgeport-Stamford-Danbury, CT",730000
62962,2019-06-01,"Cape Coral-Fort Myers, FL",292950
62963,2019-06-01,"Columbia, SC",239000
62964,2019-06-01,"Charleston-North Charleston, SC",419000
62965,2019-06-01,"Dayton-Kettering-Beavercreek, OH",157950
62966,2019-06-01,"Allentown-Bethlehem-Easton, PA-NJ",219900
62967,2019-06-01,"Baton Rouge, LA",249999
62968,2019-06-01,"Worcester, MA",389900
62969,2019-06-01,"Urban Honolulu, HI",698500
62970,2019-06-01,"Greensboro-High Point, NC",264485
62971,2019-06-01,"Lakeland-Winter Haven, FL",229900
62972,2019-06-01,"Little Rock-North Little Rock-Conway, AR",205000
62973,2019-06-01,"Deltona-Daytona Beach-Ormond Beach, FL",279750
62974,2019-06-01,"Boise City, ID",373337
62975,2019-06-01,"El Paso, TX",191950
62976,2019-06-01,"Madison, WI",365000
62977,2019-06-01,"Des Moines-West Des Moines, IA",279900
62978,2019-06-01,"Akron, OH",179000
62979,2019-06-01,"Winston-Salem, NC",274950
62980,2019-06-01,"Colorado Springs, CO",419000
62981,2019-06-01,"Bakersfield-Delano, CA",264900
62982,2019-06-01,"Palm Bay-Melbourne-Titusville, FL",294950
62983,2019-06-01,"McAllen-Edinburg-Mission, TX",198970
62984,2019-06-01,"Oxnard-Thousand Oaks-Ventura, CA",719950
62985,2019-06-01,"Syracuse, NY",199900
62986,2019-06-01,"Wichita, KS",219900
62987,2019-06-01,"Kiryas Joel-Poughkeepsie-Newburgh, NY",345000
62988,2019-06-01,"Durham-Chapel Hill, NC",408500
62989,2019-06-01,"Toledo, OH",174900
62990,2019-06-01,"Augusta-Richmond County, GA-SC",234900
62991,2019-06-01,"Stockton-Lodi, CA",424999
62992,2019-06-01,"Harrisburg-Carlisle, PA",229000
62993,2019-06-01,"Portland-South Portland, ME",388250
62994,2019-06-01,"Jackson, MS",254900
62995,2019-06-01,"Chattanooga, TN-GA",294800
62996,2019-06-01,"Spokane-Spokane Valley, WA",349990
62997,2019-06-01,"Scranton--Wilkes-Barre, PA",160000
62998,2019-06-01,"New Haven, CT",309000
62999,2019-06-01,"Fayetteville-Springdale-Rogers, AR",299000
63825,2019-05-01,"New York-Newark-Jersey City, NY-NJ",595000
63826,2019-05-01,"Los Angeles-Long Beach-Anaheim, CA",805000
63827,2019-05-01,"Chicago-Naperville-Elgin, IL-IN",339900
63828,2019-05-01,"Dallas-Fort Worth-Arlington, TX",364445
63829,2019-05-01,"Houston-Pasadena-The Woodlands, TX",324728
63830,2019-05-01,"Philadelphia-Camden-Wilmington, PA-NJ-DE-MD",285250
63831,2019-05-01,"Miami-Fort Lauderdale-West Palm Beach, FL",399900
63832,2019-05-01,"Atlanta-Sandy Springs-Roswell, GA",329625
63833,2019-05-01,"Washington-Arlington-Alexandria, DC-VA-MD-WV",493950
63834,2019-05-01,"Phoenix-Mesa-Chandler, AZ",374600
63835,2019-05-01,"Boston-Cambridge-Newton, MA-NH",602450
63836,2019-05-01,"Detroit-Warren-Dearborn, MI",259900
63837,2019-05-01,"San Francisco-Oakland-Fremont, CA",968750
63838,2019-05-01,"Seattle-Tacoma-Bellevue, WA",623714
63839,2019-05-01,"Riverside-San Bernardino-Ontario, CA",418400
63840,2019-05-01,"Minneapolis-St. Paul-Bloomington, MN-WI",364500
63841,2019-05-01,"Tampa-St. Petersburg-Clearwater, FL",284042
63842,2019-05-01,"Denver-Aurora-Centennial, CO",515000
63843,2019-05-01,"San Diego-Chula Vista-Carlsbad, CA",717000
63844,2019-05-01,"St. Louis, MO-IL",231450
63845,2019-05-01,"Charlotte-Concord-Gastonia, NC-SC",355750
63846,2019-05-01,"Baltimore-Columbia-Towson, MD",337700
63847,2019-05-01,"Orlando-Kissimmee-Sanford, FL",315250
63848,2019-05-01,"Pittsburgh, PA",187700
63849,2019-05-01,"San Antonio-New Braunfels, TX",295700
63850,2019-05-01,"Austin-Round Rock-San Marcos, TX",370956
63851,2019-05-01,"Portland-Vancouver-Hillsboro, OR-WA",478950
63852,2019-05-01,"Cleveland, OH",199900
63853,2019-05-01,"Cincinnati, OH-KY-IN",289900
63854,2019-05-01,"Kansas City, MO-KS",325000
63855,2019-05-01,"Las Vegas-Henderson-North Las Vegas, NV",320000
63856,2019-05-01,"Sacramento-Roseville-Folsom, CA",492500
63857,2019-05-01,"Columbus, OH",309900
63858,2019-05-01,"Indianapolis-Carmel-Greenwood, IN",284250
63859,2019-05-01,"Nashville-Davidson--Murfreesboro--Franklin, TN",372900
63860,2019-05-01,"Virginia Beach-Chesapeake-Norfolk, VA-NC",296450
63861,2019-05-01,"Jacksonville, FL",314950
63862,2019-05-01,"Providence-Warwick, RI-MA",379950
63863,2019-05-01,"San Jose-Sunnyvale-Santa Clara, CA",1188000
63864,2019-05-01,"Milwaukee-Waukesha, WI",304900
63865,2019-05-01,"Raleigh-Cary, NC",375000
63866,2019-05-01,"Oklahoma City, OK",258700
63867,2019-05-01,"Louisville/Jefferson County, KY-IN",283950
63868,2019-05-01,"Richmond, VA",337988
63869,2019-05-01,"Memphis, TN-MS-AR",229350
63870,2019-05-01,"Buffalo-Cheektowaga, NY",220847
63871,2019-05-01,"Birmingham, AL",259211
63872,2019-05-01,"Hartford-West Hartford-East Hartford, CT",309950
63873,2019-05-01,"Tucson, AZ",298641
63874,2019-05-01,"Grand Rapids-Wyoming-Kentwood, MI",289900
63875,2019-05-01,"Rochester, NY",229900
63876,2019-05-01,"Salt Lake City-Murray, UT",442425
63877,2019-05-01,"North Port-Bradenton-Sarasota, FL",364557
63878,2019-05-01,"Tulsa, OK",239250
63879,2019-05-01,"Greenville-Anderson-Greer, SC",286882
63880,2019-05-01,"Knoxville, TN",297225
63881,2019-05-01,"New Orleans-Metairie, LA",299000
63882,2019-05-01,"Omaha, NE-IA",306359
63883,2019-05-01,"Albany-Schenectady-Troy, NY",299900
63884,2019-05-01,"Albuquerque, NM",269945
63885,2019-05-01,"Fresno, CA",325000
63886,2019-05-01,"Bridgeport-Stamford-Danbury, CT",754000
63887,2019-05-01,"Cape Coral-Fort Myers, FL",295000
63888,2019-05-01,"Columbia, SC",239000
63889,2019-05-01,"Charleston-North Charleston, SC",416700
63890,2019-05-01,"Dayton-Kettering-Beavercreek, OH",154950
63891,2019-05-01,"Allentown-Bethlehem-Easton, PA-NJ",215950
63892,2019-05-01,"Baton Rouge, LA",249900
63893,2019-05-01,"Worcester, MA",389900
63894,2019-05-01,"Urban Honolulu, HI",698500
63895,2019-05-01,"Greensboro-High Point, NC",269900
63896,2019-05-01,"Lakeland-Winter Haven, FL",229450
63897,2019-05-01,"Little Rock-North Little Rock-Conway, AR",202250
63898,2019-05-01,"Deltona-Daytona Beach-Ormond Beach, FL",279900
63899,2019-05-01,"Boise City, ID",368950
63900,2019-05-01,"El Paso, TX",191475
63901,2019-05-01,"Madison, WI",366000
63902,2019-05-01,"Des Moines-West Des Moines, IA",283210
63903,2019-05-01,"Akron, OH",174900
63904,2019-05-01,"Winston-Salem, NC",273575
63905,2019-05-01,"Colorado Springs, CO",417450
63906,2019-05-01,"Bakersfield-Delano, CA",262850
63907,2019-05-01,"Palm Bay-Melbourne-Titusville, FL",289150
63908,2019-05-01,"McAllen-Edinburg-Mission, TX",197250
63909,2019-05-01,"Oxnard-Thousand Oaks-Ventura, CA",702500
63910,2019-05-01,"Syracuse, NY",199900
63911,2019-05-01,"Wichita, KS",222875
63912,2019-05-01,"Kiryas Joel-Poughkeepsie-Newburgh, NY",339900
63913,2019-05-01,"Durham-Chapel Hill, NC",407232
63914,2019-05-01,"Toledo, OH",173700
63915,2019-05-01,"Augusta-Richmond County, GA-SC",230000
63916,2019-05-01,"Stockton-Lodi, CA",419500
63917,2019-05-01,"Harrisburg-Carlisle, PA",222400
63918,2019-05-01,"Portland-South Portland, ME",383450
63919,2019-05-01,"Jackson, MS",256000
63920,2019-05-01,"Chattanooga, TN-GA",295000
63921,2019-05-01,"Spokane-Spokane Valley, WA",349985
63922,2019-05-01,"Scranton--Wilkes-Barre, PA",159900
63923,2019-05-01,"New Haven, CT",307225
63924,2019-05-01,"Fayetteville-Springdale-Rogers, AR",297350
64750,2019-04-01,"New York-Newark-Jersey City, NY-NJ",579000
64751,2019-04-01,"Los Angeles-Long Beach-Anaheim, CA",798500
64752,2019-04-01,"Chicago-Naperville-Elgin, IL-IN",339250
64753,2019-04-01,"Dallas-Fort Worth-Arlington, TX",360000
64754,2019-04-01,"Houston-Pasadena-The Woodlands, TX",322450
64755,2019-04-01,"Philadelphia-Camden-Wilmington, PA-NJ-DE-MD",275000
64756,2019-04-01,"Miami-Fort Lauderdale-West Palm Beach, FL",399000
64757,2019-04-01,"Atlanta-Sandy Springs-Roswell, GA",325000
64758,2019-04-01,"Washington-Arlington-Alexandria, DC-VA-MD-WV",486495
64759,2019-04-01,"Phoenix-Mesa-Chandler, AZ",371350
64760,2019-04-01,"Boston-Cambridge-Newton, MA-NH",599900
64761,2019-04-01,"Detroit-Warren-Dearborn, MI",250400
64762,2019-04-01,"San Francisco-Oakland-Fremont, CA",947245
64763,2019-04-01,"Seattle-Tacoma-Bellevue, WA",627445
64764,2019-04-01,"Riverside-San Bernardino-Ontario, CA",410345
64765,2019-04-01,"Minneapolis-St. Paul-Bloomington, MN-WI",371726
64766,2019-04-01,"Tampa-St. Petersburg-Clearwater, FL",279900
64767,2019-04-01,"Denver-Aurora-Centennial, CO",523729
64768,2019-04-01,"San Diego-Chula Vista-Carlsbad, CA",701950
64769,2019-04-01,"St. Louis, MO-IL",225000
64770,2019-04-01,"Charlotte-Concord-Gastonia, NC-SC",349950
64771,2019-04-01,"Baltimore-Columbia-Towson, MD",329900
64772,2019-04-01,"Orlando-Kissimmee-Sanford, FL",313011
64773,2019-04-01,"Pittsburgh, PA",182926
64774,2019-04-01,"San Antonio-New Braunfels, TX",295500
64775,2019-04-01,"Austin-Round Rock-San Marcos, TX",369995
64776,2019-04-01,"Portland-Vancouver-Hillsboro, OR-WA",475845
64777,2019-04-01,"Cleveland, OH",198829
64778,2019-04-01,"Cincinnati, OH-KY-IN",280850
64779,2019-04-01,"Kansas City, MO-KS",322450
64780,2019-04-01,"Las Vegas-Henderson-North Las Vegas, NV",316500
64781,2019-04-01,"Sacramento-Roseville-Folsom, CA",487000
64782,2019-04-01,"Columbus, OH",302445
64783,2019-04-01,"Indianapolis-Carmel-Greenwood, IN",277450
64784,2019-04-01,"Nashville-Davidson--Murfreesboro--Franklin, TN",369900
64785,2019-04-01,"Virginia Beach-Chesapeake-Norfolk, VA-NC",293500
64786,2019-04-01,"Jacksonville, FL",312278
64787,2019-04-01,"Providence-Warwick, RI-MA",376950
64788,2019-04-01,"San Jose-Sunnyvale-Santa Clara, CA",1127230
64789,2019-04-01,"Milwaukee-Waukesha, WI",304450
64790,2019-04-01,"Raleigh-Cary, NC",369794
64791,2019-04-01,"Oklahoma City, OK",252920
64792,2019-04-01,"Louisville/Jefferson County, KY-IN",279675
64793,2019-04-01,"Richmond, VA",334500
64794,2019-04-01,"Memphis, TN-MS-AR",220400
64795,2019-04-01,"Buffalo-Cheektowaga, NY",212400
64796,2019-04-01,"Birmingham, AL",252400
64797,2019-04-01,"Hartford-West Hartford-East Hartford, CT",303075
64798,2019-04-01,"Tucson, AZ",298581
64799,2019-04-01,"Grand Rapids-Wyoming-Kentwood, MI",289900
64800,2019-04-01,"Rochester, NY",227675
64801,2019-04-01,"Salt Lake City-Murray, UT",437121
64802,2019-04-01,"North Port-Bradenton-Sarasota, FL",361217
64803,2019-04-01,"Tulsa, OK",231664
64804,2019-04-01,"Greenville-Anderson-Greer, SC",284900
64805,2019-04-01,"Knoxville, TN",291950
64806,2019-04-01,"New Orleans-Metairie, LA",298000
64807,2019-04-01,"Omaha, NE-IA",311850
64808,2019-04-01,"Albany-Schenectady-Troy, NY",309856
64809,2019-04-01,"Albuquerque, NM",269850
64810,2019-04-01,"Fresno, CA",317806
64811,2019-04-01,"Bridgeport-Stamford-Danbury, CT",757500
64812,2019-04-01,"Cape Coral-Fort Myers, FL",298425
64813,2019-04-01,"Columbia, SC",239900
64814,2019-04-01,"Charleston-North Charleston, SC",413209
64815,2019-04-01,"Dayton-Kettering-Beavercreek, OH",149900
64816,2019-04-01,"Allentown-Bethlehem-Easton, PA-NJ",210664
64817,2019-04-01,"Baton Rouge, LA",247000
64818,2019-04-01,"Worcester, MA",379900
64819,2019-04-01,"Urban Honolulu, HI",699214
64820,2019-04-01,"Greensboro-High Point, NC",265000
64821,2019-04-01,"Lakeland-Winter Haven, FL",225000
64822,2019-04-01,"Little Rock-North Little Rock-Conway, AR",199925
64823,2019-04-01,"Deltona-Daytona Beach-Ormond Beach, FL",277200
64824,2019-04-01,"Boise City, ID",357673
64825,2019-04-01,"El Paso, TX",189925
64826,2019-04-01,"Madison, WI",368114
64827,2019-04-01,"Des Moines-West Des Moines, IA",288762
64828,2019-04-01,"Akron, OH",169250
64829,2019-04-01,"Winston-Salem, NC",267925
64830,2019-04-01,"Colorado Springs, CO",399900
64831,2019-04-01,"Bakersfield-Delano, CA",261308
64832,2019-04-01,"Palm Bay-Melbourne-Titusville, FL",289093
64833,2019-04-01,"McAllen-Edinburg-Mission, TX",195000
64834,2019-04-01,"Oxnard-Thousand Oaks-Ventura, CA",699450
64835,2019-04-01,"Syracuse, NY",199900
64836,2019-04-01,"Wichita, KS",217400
64837,2019-04-01,"Kiryas Joel-Poughkeepsie-Newburgh, NY",332000
64838,2019-04-01,"Durham-Chapel Hill, NC",416400
64839,2019-04-01,"Toledo, OH",166921
64840,2019-04-01,"Augusta-Richmond County, GA-SC",229750
64841,2019-04-01,"Stockton-Lodi, CA",417000
64842,2019-04-01,"Harrisburg-Carlisle, PA",220000
64843,2019-04-01,"Portland-South Portland, ME",377250
64844,2019-04-01,"Jackson, MS",254000
64845,2019-04-01,"Chattanooga, TN-GA",296800
64846,2019-04-01,"Spokane-Spokane Valley, WA",346818
64847,2019-04-01,"Scranton--Wilkes-Barre, PA",154975
64848,2019-04-01,"New Haven, CT",312125
64849,2019-04-01,"Fayetteville-Springdale-Rogers, AR",291346
65675,2019-03-01,"New York-Newark-Jersey City, NY-NJ",562429
65676,2019-03-01,"Los Angeles-Long Beach-Anaheim, CA",770571
65677,2019-03-01,"Chicago-Naperville-Elgin, IL-IN",327571
65678,2019-03-01,"Dallas-Fort Worth-Arlington, TX",353714
65679,2019-03-01,"Houston-Pasadena-The Woodlands, TX",316551
65680,2019-03-01,"Philadelphia-Camden-Wilmington, PA-NJ-DE-MD",263571
65681,2019-03-01,"Miami-Fort Lauderdale-West Palm Beach, FL",393857
65682,2019-03-01,"Atlanta-Sandy Springs-Roswell, GA",322936
65683,2019-03-01,"Washington-Arlington-Alexandria, DC-VA-MD-WV",471429
65684,2019-03-01,"Phoenix-Mesa-Chandler, AZ",361329
65685,2019-03-01,"Boston-Cambridge-Newton, MA-NH",571386
65686,2019-03-01,"Detroit-Warren-Dearborn, MI",232814
65687,2019-03-01,"San Francisco-Oakland-Fremont, CA",916638
65688,2019-03-01,"Seattle-Tacoma-Bellevue, WA",608423
65689,2019-03-01,"Riverside-San Bernardino-Ontario, CA",406867
65690,2019-03-01,"Minneapolis-St. Paul-Bloomington, MN-WI",382894
65691,2019-03-01,"Tampa-St. Petersburg-Clearwater, FL",274242
65692,2019-03-01,"Denver-Aurora-Centennial, CO",515529
65693,2019-03-01,"San Diego-Chula Vista-Carlsbad, CA",684968
65694,2019-03-01,"St. Louis, MO-IL",219229
65695,2019-03-01,"Charlotte-Concord-Gastonia, NC-SC",341329
65696,2019-03-01,"Baltimore-Columbia-Towson, MD",312757
65697,2019-03-01,"Orlando-Kissimmee-Sanford, FL",307580
65698,2019-03-01,"Pittsburgh, PA",175912
65699,2019-03-01,"San Antonio-New Braunfels, TX",291667
65700,2019-03-01,"Austin-Round Rock-San Marcos, TX",358571
65701,2019-03-01,"Portland-Vancouver-Hillsboro, OR-WA",480657
65702,2019-03-01,"Cleveland, OH",191329
65703,2019-03-01,"Cincinnati, OH-KY-IN",267957
65704,2019-03-01,"Kansas City, MO-KS",319900
65705,2019-03-01,"Las Vegas-Henderson-North Las Vegas, NV",312571
65706,2019-03-01,"Sacramento-Roseville-Folsom, CA",476371
65707,2019-03-01,"Columbus, OH",285671
65708,2019-03-01,"Indianapolis-Carmel-Greenwood, IN",269229
65709,2019-03-01,"Nashville-Davidson--Murfreesboro--Franklin, TN",364186
65710,2019-03-01,"Virginia Beach-Chesapeake-Norfolk, VA-NC",284571
65711,2019-03-01,"Jacksonville, FL",305081
65712,2019-03-01,"Providence-Warwick, RI-MA",366329
65713,2019-03-01,"San Jose-Sunnyvale-Santa Clara, CA",1102769
65714,2019-03-01,"Milwaukee-Waukesha, WI",270943
65715,2019-03-01,"Raleigh-Cary, NC",363800
65716,2019-03-01,"Oklahoma City, OK",244360
65717,2019-03-01,"Louisville/Jefferson County, KY-IN",269814
65718,2019-03-01,"Richmond, VA",327114
65719,2019-03-01,"Memphis, TN-MS-AR",213043
65720,2019-03-01,"Buffalo-Cheektowaga, NY",195643
65721,2019-03-01,"Birmingham, AL",244186
65722,2019-03-01,"Hartford-West Hartford-East Hartford, CT",296814
65723,2019-03-01,"Tucson, AZ",293857
65724,2019-03-01,"Grand Rapids-Wyoming-Kentwood, MI",282929
65725,2019-03-01,"Rochester, NY",210336
65726,2019-03-01,"Salt Lake City-Murray, UT",425671
65727,2019-03-01,"North Port-Bradenton-Sarasota, FL",354285
65728,2019-03-01,"Tulsa, OK",229114
65729,2019-03-01,"Greenville-Anderson-Greer, SC",275814
65730,2019-03-01,"Knoxville, TN",278471
65731,2019-03-01,"New Orleans-Metairie, LA",287286
65732,2019-03-01,"Omaha, NE-IA",303157
65733,2019-03-01,"Albany-Schenectady-Troy, NY",309406
65734,2019-03-01,"Albuquerque, NM",261745
65735,2019-03-01,"Fresno, CA",313429
65736,2019-03-01,"Bridgeport-Stamford-Danbury, CT",749429
65737,2019-03-01,"Cape Coral-Fort Myers, FL",298786
65738,2019-03-01,"Columbia, SC",234186
65739,2019-03-01,"Charleston-North Charleston, SC",404836
65740,2019-03-01,"Dayton-Kettering-Beavercreek, OH",144893
65741,2019-03-01,"Allentown-Bethlehem-Easton, PA-NJ",215614
65742,2019-03-01,"Baton Rouge, LA",242137
65743,2019-03-01,"Worcester, MA",362757
65744,2019-03-01,"Urban Honolulu, HI",699214
65745,2019-03-01,"Greensboro-High Point, NC",260714
65746,2019-03-01,"Lakeland-Winter Haven, FL",224999
65747,2019-03-01,"Little Rock-North Little Rock-Conway, AR",194186
65748,2019-03-01,"Deltona-Daytona Beach-Ormond Beach, FL",274671
65749,2019-03-01,"Boise City, ID",346575
65750,2019-03-01,"El Paso, TX",187629
65751,2019-03-01,"Madison, WI",370614
65752,2019-03-01,"Des Moines-West Des Moines, IA",288862
65753,2019-03-01,"Akron, OH",164014
65754,2019-03-01,"Winston-Salem, NC",255471
65755,2019-03-01,"Colorado Springs, CO",397100
65756,2019-03-01,"Bakersfield-Delano, CA",252400
65757,2019-03-01,"Palm Bay-Melbourne-Titusville, FL",287043
65758,2019-03-01,"McAllen-Edinburg-Mission, TX",191857
65759,2019-03-01,"Oxnard-Thousand Oaks-Ventura, CA",691386
65760,2019-03-01,"Syracuse, NY",185614
65761,2019-03-01,"Wichita, KS",206100
65762,2019-03-01,"Kiryas Joel-Poughkeepsie-Newburgh, NY",325714
65763,2019-03-01,"Durham-Chapel Hill, NC",402571
65764,2019-03-01,"Toledo, OH",152371
65765,2019-03-01,"Augusta-Richmond County, GA-SC",223800
65766,2019-03-01,"Stockton-Lodi, CA",400082
65767,2019-03-01,"Harrisburg-Carlisle, PA",220000
65768,2019-03-01,"Portland-South Portland, ME",366429
65769,2019-03-01,"Jackson, MS",245571
65770,2019-03-01,"Chattanooga, TN-GA",283914
65771,2019-03-01,"Spokane-Spokane Valley, WA",341043
65772,2019-03-01,"Scranton--Wilkes-Barre, PA",151143
65773,2019-03-01,"New Haven, CT",295336
65774,2019-03-01,"Fayetteville-Springdale-Rogers, AR",286971
66600,2019-02-01,"New York-Newark-Jersey City, NY-NJ",549450
66601,2019-02-01,"Los Angeles-Long Beach-Anaheim, CA",749450
66602,2019-02-01,"Chicago-Naperville-Elgin, IL-IN",312300
66603,2019-02-01,"Dallas-Fort Worth-Arlington, TX",347465
66604,2019-02-01,"Houston-Pasadena-The Woodlands, TX",310000
66605,2019-02-01,"Philadelphia-Camden-Wilmington, PA-NJ-DE-MD",250000
66606,2019-02-01,"Miami-Fort Lauderdale-West Palm Beach, FL",390000
66607,2019-02-01,"Atlanta-Sandy Springs-Roswell, GA",319580
66608,2019-02-01,"Washington-Arlington-Alexandria, DC-VA-MD-WV",449900
66609,2019-02-01,"Phoenix-Mesa-Chandler, AZ",349900
66610,2019-02-01,"Boston-Cambridge-Newton, MA-NH",549450
66611,2019-02-01,"Detroit-Warren-Dearborn, MI",219950
66612,2019-02-01,"San Francisco-Oakland-Fremont, CA",887013
66613,2019-02-01,"Seattle-Tacoma-Bellevue, WA",593745
66614,2019-02-01,"Riverside-San Bernardino-Ontario, CA",399950
66615,2019-02-01,"Minneapolis-St. Paul-Bloomington, MN-WI",389700
66616,2019-02-01,"Tampa-St. Petersburg-Clearwater, FL",269900
66617,2019-02-01,"Denver-Aurora-Centennial, CO",499750
66618,2019-02-01,"San Diego-Chula Vista-Carlsbad, CA",669200
66619,2019-02-01,"St. Louis, MO-IL",210000
66620,2019-02-01,"Charlotte-Concord-Gastonia, NC-SC",329862
66621,2019-02-01,"Baltimore-Columbia-Towson, MD",299900
66622,2019-02-01,"Orlando-Kissimmee-Sanford, FL",301448
66623,2019-02-01,"Pittsburgh, PA",167000
66624,2019-02-01,"San Antonio-New Braunfels, TX",285725
66625,2019-02-01,"Austin-Round Rock-San Marcos, TX",349950
66626,2019-02-01,"Portland-Vancouver-Hillsboro, OR-WA",477949
66627,2019-02-01,"Cleveland, OH",179940
66628,2019-02-01,"Cincinnati, OH-KY-IN",253925
66629,2019-02-01,"Kansas City, MO-KS",312450
66630,2019-02-01,"Las Vegas-Henderson-North Las Vegas, NV",310750
66631,2019-02-01,"Sacramento-Roseville-Folsom, CA",462039
66632,2019-02-01,"Columbus, OH",269200
66633,2019-02-01,"Indianapolis-Carmel-Greenwood, IN",257400
66634,2019-02-01,"Nashville-Davidson--Murfreesboro--Franklin, TN",359250
66635,2019-02-01,"Virginia Beach-Chesapeake-Norfolk, VA-NC",277000
66636,2019-02-01,"Jacksonville, FL",299900
66637,2019-02-01,"Providence-Warwick, RI-MA",357400
66638,2019-02-01,"San Jose-Sunnyvale-Santa Clara, CA",1095250
66639,2019-02-01,"Milwaukee-Waukesha, WI",261900
66640,2019-02-01,"Raleigh-Cary, NC",354748
66641,2019-02-01,"Oklahoma City, OK",235980
66642,2019-02-01,"Louisville/Jefferson County, KY-IN",257950
66643,2019-02-01,"Richmond, VA",319500
66644,2019-02-01,"Memphis, TN-MS-AR",205838
66645,2019-02-01,"Buffalo-Cheektowaga, NY",182400
66646,2019-02-01,"Birmingham, AL",236950
66647,2019-02-01,"Hartford-West Hartford-East Hartford, CT",292250
66648,2019-02-01,"Tucson, AZ",285750
66649,2019-02-01,"Grand Rapids-Wyoming-Kentwood, MI",276567
66650,2019-02-01,"Rochester, NY",194744
66651,2019-02-01,"Salt Lake City-Murray, UT",409500
66652,2019-02-01,"North Port-Bradenton-Sarasota, FL",352250
66653,2019-02-01,"Tulsa, OK",219950
66654,2019-02-01,"Greenville-Anderson-Greer, SC",264950
66655,2019-02-01,"Knoxville, TN",267225
66656,2019-02-01,"New Orleans-Metairie, LA",279000
66657,2019-02-01,"Omaha, NE-IA",290163
66658,2019-02-01,"Albany-Schenectady-Troy, NY",306400
66659,2019-02-01,"Albuquerque, NM",250486
66660,2019-02-01,"Fresno, CA",308338
66661,2019-02-01,"Bridgeport-Stamford-Danbury, CT",739450
66662,2019-02-01,"Cape Coral-Fort Myers, FL",298400
66663,2019-02-01,"Columbia, SC",228578
66664,2019-02-01,"Charleston-North Charleston, SC",399700
66665,2019-02-01,"Dayton-Kettering-Beavercreek, OH",139900
66666,2019-02-01,"Allentown-Bethlehem-Easton, PA-NJ",219900
66667,2019-02-01,"Baton Rouge, LA",239700
66668,2019-02-01,"Worcester, MA",349675
66669,2019-02-01,"Urban Honolulu, HI",699000
66670,2019-02-01,"Greensboro-High Point, NC",254400
66671,2019-02-01,"Lakeland-Winter Haven, FL",224450
66672,2019-02-01,"Little Rock-North Little Rock-Conway, AR",188000
66673,2019-02-01,"Deltona-Daytona Beach-Ormond Beach, FL",270430
66674,2019-02-01,"Boise City, ID",339945
66675,2019-02-01,"El Paso, TX",184975
66676,2019-02-01,"Madison, WI",365425
66677,2019-02-01,"Des Moines-West Des Moines, IA",287400
66678,2019-02-01,"Akron, OH",153525
66679,2019-02-01,"Winston-Salem, NC",242388
66680,2019-02-01,"Colorado Springs, CO",389971
66681,2019-02-01,"Bakersfield-Delano, CA",245000
66682,2019-02-01,"Palm Bay-Melbourne-Titusville, FL",280715
66683,2019-02-01,"McAllen-Edinburg-Mission, TX",189950
66684,2019-02-01,"Oxnard-Thousand Oaks-Ventura, CA",682500
66685,2019-02-01,"Syracuse, NY",173700
66686,2019-02-01,"Wichita, KS",199250
66687,2019-02-01,"Kiryas Joel-Poughkeepsie-Newburgh, NY",318450
66688,2019-02-01,"Durham-Chapel Hill, NC",385000
66689,2019-02-01,"Toledo, OH",137400
66690,2019-02-01,"Augusta-Richmond County, GA-SC",217000
66691,2019-02-01,"Stockton-Lodi, CA",380000
66692,2019-02-01,"Harrisburg-Carlisle, PA",219950
66693,2019-02-01,"Portland-South Portland, ME",357425
66694,2019-02-01,"Jackson, MS",239900
66695,2019-02-01,"Chattanooga, TN-GA",271500
66696,2019-02-01,"Spokane-Spokane Valley, WA",335845
66697,2019-02-01,"Scranton--Wilkes-Barre, PA",146500
66698,2019-02-01,"New Haven, CT",282400
66699,2019-02-01,"Fayetteville-Springdale-Rogers, AR",277950
67525,2019-01-01,"New York-Newark-Jersey City, NY-NJ",545000
67526,2019-01-01,"Los Angeles-Long Beach-Anaheim, CA",741250
67527,2019-01-01,"Chicago-Naperville-Elgin, IL-IN",296950
67528,2019-01-01,"Dallas-Fort Worth-Arlington, TX",339945
67529,2019-01-01,"Houston-Pasadena-The Woodlands, TX",306578
67530,2019-01-01,"Philadelphia-Camden-Wilmington, PA-NJ-DE-MD",249900
67531,2019-01-01,"Miami-Fort Lauderdale-West Palm Beach, FL",390000
67532,2019-01-01,"Atlanta-Sandy Springs-Roswell, GA",309900
67533,2019-01-01,"Washington-Arlington-Alexandria, DC-VA-MD-WV",438945
67534,2019-01-01,"Phoenix-Mesa-Chandler, AZ",347945
67535,2019-01-01,"Boston-Cambridge-Newton, MA-NH",534115
67536,2019-01-01,"Detroit-Warren-Dearborn, MI",218750
67537,2019-01-01,"San Francisco-Oakland-Fremont, CA",831910
67538,2019-01-01,"Seattle-Tacoma-Bellevue, WA",562475
67539,2019-01-01,"Riverside-San Bernardino-Ontario, CA",399000
67540,2019-01-01,"Minneapolis-St. Paul-Bloomington, MN-WI",380929
67541,2019-01-01,"Tampa-St. Petersburg-Clearwater, FL",265495
67542,2019-01-01,"Denver-Aurora-Centennial, CO",487500
67543,2019-01-01,"San Diego-Chula Vista-Carlsbad, CA",659250
67544,2019-01-01,"St. Louis, MO-IL",199550
67545,2019-01-01,"Charlotte-Concord-Gastonia, NC-SC",325000
67546,2019-01-01,"Baltimore-Columbia-Towson, MD",299073
67547,2019-01-01,"Orlando-Kissimmee-Sanford, FL",299900
67548,2019-01-01,"Pittsburgh, PA",164900
67549,2019-01-01,"San Antonio-New Braunfels, TX",285000
67550,2019-01-01,"Austin-Round Rock-San Marcos, TX",348495
67551,2019-01-01,"Portland-Vancouver-Hillsboro, OR-WA",473495
67552,2019-01-01,"Cleveland, OH",174900
67553,2019-01-01,"Cincinnati, OH-KY-IN",239900
67554,2019-01-01,"Kansas City, MO-KS",299700
67555,2019-01-01,"Las Vegas-Henderson-North Las Vegas, NV",314950
67556,2019-01-01,"Sacramento-Roseville-Folsom, CA",449975
67557,2019-01-01,"Columbus, OH",254932
67558,2019-01-01,"Indianapolis-Carmel-Greenwood, IN",242431
67559,2019-01-01,"Nashville-Davidson--Murfreesboro--Franklin, TN",355765
67560,2019-01-01,"Virginia Beach-Chesapeake-Norfolk, VA-NC",274950
67561,2019-01-01,"Jacksonville, FL",296995
67562,2019-01-01,"Providence-Warwick, RI-MA",349900
67563,2019-01-01,"San Jose-Sunnyvale-Santa Clara, CA",999888
67564,2019-01-01,"Milwaukee-Waukesha, WI",249575
67565,2019-01-01,"Raleigh-Cary, NC",349995
67566,2019-01-01,"Oklahoma City, OK",234345
67567,2019-01-01,"Louisville/Jefferson County, KY-IN",248450
67568,2019-01-01,"Richmond, VA",309950
67569,2019-01-01,"Memphis, TN-MS-AR",202975
67570,2019-01-01,"Buffalo-Cheektowaga, NY",179900
67571,2019-01-01,"Birmingham, AL",226894
67572,2019-01-01,"Hartford-West Hartford-East Hartford, CT",282450
67573,2019-01-01,"Tucson, AZ",279500
67574,2019-01-01,"Grand Rapids-Wyoming-Kentwood, MI",269900
67575,2019-01-01,"Rochester, NY",187350
67576,2019-01-01,"Salt Lake City-Murray, UT",399767
67577,2019-01-01,"North Port-Bradenton-Sarasota, FL",350000
67578,2019-01-01,"Tulsa, OK",214950
67579,2019-01-01,"Greenville-Anderson-Greer, SC",264874
67580,2019-01-01,"Knoxville, TN",263449
67581,2019-01-01,"New Orleans-Metairie, LA",274500
67582,2019-01-01,"Omaha, NE-IA",285000
67583,2019-01-01,"Albany-Schenectady-Troy, NY",299650
67584,2019-01-01,"Albuquerque, NM",247850
67585,2019-01-01,"Fresno, CA",305250
67586,2019-01-01,"Bridgeport-Stamford-Danbury, CT",704925
67587,2019-01-01,"Cape Coral-Fort Myers, FL",294450
67588,2019-01-01,"Columbia, SC",229500
67589,2019-01-01,"Charleston-North Charleston, SC",387835
67590,2019-01-01,"Dayton-Kettering-Beavercreek, OH",139925
67591,2019-01-01,"Allentown-Bethlehem-Easton, PA-NJ",214900
67592,2019-01-01,"Baton Rouge, LA",238461
67593,2019-01-01,"Worcester, MA",332500
67594,2019-01-01,"Urban Honolulu, HI",699000
67595,2019-01-01,"Greensboro-High Point, NC",249900
67596,2019-01-01,"Lakeland-Winter Haven, FL",222138
67597,2019-01-01,"Little Rock-North Little Rock-Conway, AR",185000
67598,2019-01-01,"Deltona-Daytona Beach-Ormond Beach, FL",269450
67599,2019-01-01,"Boise City, ID",339000
67600,2019-01-01,"El Paso, TX",183725
67601,2019-01-01,"Madison, WI",339950
67602,2019-01-01,"Des Moines-West Des Moines, IA",283235
67603,2019-01-01,"Akron, OH",149900
67604,2019-01-01,"Winston-Salem, NC",234675
67605,2019-01-01,"Colorado Springs, CO",382475
67606,2019-01-01,"Bakersfield-Delano, CA",245000
67607,2019-01-01,"Palm Bay-Melbourne-Titusville, FL",279450
67608,2019-01-01,"McAllen-Edinburg-Mission, TX",189700
67609,2019-01-01,"Oxnard-Thousand Oaks-Ventura, CA",683500
67610,2019-01-01,"Syracuse, NY",167450
67611,2019-01-01,"Wichita, KS",188588
67612,2019-01-01,"Kiryas Joel-Poughkeepsie-Newburgh, NY",316875
67613,2019-01-01,"Durham-Chapel Hill, NC",375000
67614,2019-01-01,"Toledo, OH",136750
67615,2019-01-01,"Augusta-Richmond County, GA-SC",215000
67616,2019-01-01,"Stockton-Lodi, CA",386250
67617,2019-01-01,"Harrisburg-Carlisle, PA",219400
67618,2019-01-01,"Portland-South Portland, ME",349450
67619,2019-01-01,"Jackson, MS",234925
67620,2019-01-01,"Chattanooga, TN-GA",269900
67621,2019-01-01,"Spokane-Spokane Valley, WA",327995
67622,2019-01-01,"Scranton--Wilkes-Barre, PA",145990
67623,2019-01-01,"New Haven, CT",277900
67624,2019-01-01,"Fayetteville-Springdale-Rogers, AR",276000
68450,2018-12-01,"New York-Newark-Jersey City, NY-NJ",549000
68451,2018-12-01,"Los Angeles-Long Beach-Anaheim, CA",749000
68452,2018-12-01,"Chicago-Naperville-Elgin, IL-IN",296850
68453,2018-12-01,"Dallas-Fort Worth-Arlington, TX",339990
68454,2018-12-01,"Houston-Pasadena-The Woodlands, TX",307900
68455,2018-12-01,"Philadelphia-Camden-Wilmington, PA-NJ-DE-MD",253154
68456,2018-12-01,"Miami-Fort Lauderdale-West Palm Beach, FL",390000
68457,2018-12-01,"Atlanta-Sandy Springs-Roswell, GA",314481
68458,2018-12-01,"Washington-Arlington-Alexandria, DC-VA-MD-WV",439000
68459,2018-12-01,"Phoenix-Mesa-Chandler, AZ",344828
68460,2018-12-01,"Boston-Cambridge-Newton, MA-NH",535000
68461,2018-12-01,"Detroit-Warren-Dearborn, MI",219900
68462,2018-12-01,"San Francisco-Oakland-Fremont, CA",849950
68463,2018-12-01,"Seattle-Tacoma-Bellevue, WA",550000
68464,2018-12-01,"Riverside-San Bernardino-Ontario, CA",399000
68465,2018-12-01,"Minneapolis-St. Paul-Bloomington, MN-WI",368667
68466,2018-12-01,"Tampa-St. Petersburg-Clearwater, FL",267000
68467,2018-12-01,"Denver-Aurora-Centennial, CO",479000
68468,2018-12-01,"San Diego-Chula Vista-Carlsbad, CA",659000
68469,2018-12-01,"St. Louis, MO-IL",200000
68470,2018-12-01,"Charlotte-Concord-Gastonia, NC-SC",325000
68471,2018-12-01,"Baltimore-Columbia-Towson, MD",299900
68472,2018-12-01,"Orlando-Kissimmee-Sanford, FL",300000
68473,2018-12-01,"Pittsburgh, PA",165000
68474,2018-12-01,"San Antonio-New Braunfels, TX",285000
68475,2018-12-01,"Austin-Round Rock-San Marcos, TX",348967
68476,2018-12-01,"Portland-Vancouver-Hillsboro, OR-WA",469900
68477,2018-12-01,"Cleveland, OH",175000
68478,2018-12-01,"Cincinnati, OH-KY-IN",239900
68479,2018-12-01,"Kansas City, MO-KS",292925
68480,2018-12-01,"Las Vegas-Henderson-North Las Vegas, NV",320000
68481,2018-12-01,"Sacramento-Roseville-Folsom, CA",449250
68482,2018-12-01,"Columbus, OH",254900
68483,2018-12-01,"Indianapolis-Carmel-Greenwood, IN",239900
68484,2018-12-01,"Nashville-Davidson--Murfreesboro--Franklin, TN",355000
68485,2018-12-01,"Virginia Beach-Chesapeake-Norfolk, VA-NC",273646
68486,2018-12-01,"Jacksonville, FL",295895
68487,2018-12-01,"Providence-Warwick, RI-MA",349900
68488,2018-12-01,"San Jose-Sunnyvale-Santa Clara, CA",1000000
68489,2018-12-01,"Milwaukee-Waukesha, WI",244900
68490,2018-12-01,"Raleigh-Cary, NC",353815
68491,2018-12-01,"Oklahoma City, OK",234900
68492,2018-12-01,"Louisville/Jefferson County, KY-IN",249000
68493,2018-12-01,"Richmond, VA",309950
68494,2018-12-01,"Memphis, TN-MS-AR",209900
68495,2018-12-01,"Buffalo-Cheektowaga, NY",179900
68496,2018-12-01,"Birmingham, AL",225000
68497,2018-12-01,"Hartford-West Hartford-East Hartford, CT",284900
68498,2018-12-01,"Tucson, AZ",278000
68499,2018-12-01,"Grand Rapids-Wyoming-Kentwood, MI",269900
68500,2018-12-01,"Rochester, NY",179450
68501,2018-12-01,"Salt Lake City-Murray, UT",399000
68502,2018-12-01,"North Port-Bradenton-Sarasota, FL",349900
68503,2018-12-01,"Tulsa, OK",214975
68504,2018-12-01,"Greenville-Anderson-Greer, SC",261035
68505,2018-12-01,"Knoxville, TN",259975
68506,2018-12-01,"New Orleans-Metairie, LA",279000
68507,2018-12-01,"Omaha, NE-IA",279900
68508,2018-12-01,"Albany-Schenectady-Troy, NY",292900
68509,2018-12-01,"Albuquerque, NM",249000
68510,2018-12-01,"Fresno, CA",309900
68511,2018-12-01,"Bridgeport-Stamford-Danbury, CT",709000
68512,2018-12-01,"Cape Coral-Fort Myers, FL",294900
68513,2018-12-01,"Columbia, SC",232995
68514,2018-12-01,"Charleston-North Charleston, SC",385000
68515,2018-12-01,"Dayton-Kettering-Beavercreek, OH",139900
68516,2018-12-01,"Allentown-Bethlehem-Easton, PA-NJ",219000
68517,2018-12-01,"Baton Rouge, LA",236150
68518,2018-12-01,"Worcester, MA",329900
68519,2018-12-01,"Urban Honolulu, HI",699000
68520,2018-12-01,"Greensboro-High Point, NC",246330
68521,2018-12-01,"Lakeland-Winter Haven, FL",224000
68522,2018-12-01,"Little Rock-North Little Rock-Conway, AR",188800
68523,2018-12-01,"Deltona-Daytona Beach-Ormond Beach, FL",269900
68524,2018-12-01,"Boise City, ID",336990
68525,2018-12-01,"El Paso, TX",179900
68526,2018-12-01,"Madison, WI",329900
68527,2018-12-01,"Des Moines-West Des Moines, IA",279900
68528,2018-12-01,"Akron, OH",152000
68529,2018-12-01,"Winston-Salem, NC",229900
68530,2018-12-01,"Colorado Springs, CO",375000
68531,2018-12-01,"Bakersfield-Delano, CA",249000
68532,2018-12-01,"Palm Bay-Melbourne-Titusville, FL",275000
68533,2018-12-01,"McAllen-Edinburg-Mission, TX",189900
68534,2018-12-01,"Oxnard-Thousand Oaks-Ventura, CA",680000
68535,2018-12-01,"Syracuse, NY",169900
68536,2018-12-01,"Wichita, KS",185000
68537,2018-12-01,"Kiryas Joel-Poughkeepsie-Newburgh, NY",319000
68538,2018-12-01,"Durham-Chapel Hill, NC",384500
68539,2018-12-01,"Toledo, OH",137900
68540,2018-12-01,"Augusta-Richmond County, GA-SC",215000
68541,2018-12-01,"Stockton-Lodi, CA",389000
68542,2018-12-01,"Harrisburg-Carlisle, PA",219266
68543,2018-12-01,"Portland-South Portland, ME",349000
68544,2018-12-01,"Jackson, MS",235000
68545,2018-12-01,"Chattanooga, TN-GA",270000
68546,2018-12-01,"Spokane-Spokane Valley, WA",318500
68547,2018-12-01,"Scranton--Wilkes-Barre, PA",144950
68548,2018-12-01,"New Haven, CT",279900
68549,2018-12-01,"Fayetteville-Springdale-Rogers, AR",276675
69375,2018-11-01,"New York-Newark-Jersey City, NY-NJ",559000
69376,2018-11-01,"Los Angeles-Long Beach-Anaheim, CA",753500
69377,2018-11-01,"Chicago-Naperville-Elgin, IL-IN",302000
69378,2018-11-01,"Dallas-Fort Worth-Arlington, TX",344900
69379,2018-11-01,"Houston-Pasadena-The Woodlands, TX",309975
69380,2018-11-01,"Philadelphia-Camden-Wilmington, PA-NJ-DE-MD",262000
69381,2018-11-01,"Miami-Fort Lauderdale-West Palm Beach, FL",395000
69382,2018-11-01,"Atlanta-Sandy Springs-Roswell, GA",315719
69383,2018-11-01,"Washington-Arlington-Alexandria, DC-VA-MD-WV",449450
69384,2018-11-01,"Phoenix-Mesa-Chandler, AZ",342200
69385,2018-11-01,"Boston-Cambridge-Newton, MA-NH",539450
69386,2018-11-01,"Detroit-Warren-Dearborn, MI",225000
69387,2018-11-01,"San Francisco-Oakland-Fremont, CA",890000
69388,2018-11-01,"Seattle-Tacoma-Bellevue, WA",549998
69389,2018-11-01,"Riverside-San Bernardino-Ontario, CA",399000
69390,2018-11-01,"Minneapolis-St. Paul-Bloomington, MN-WI",349900
69391,2018-11-01,"Tampa-St. Petersburg-Clearwater, FL",269020
69392,2018-11-01,"Denver-Aurora-Centennial, CO",474955
69393,2018-11-01,"San Diego-Chula Vista-Carlsbad, CA",659950
69394,2018-11-01,"St. Louis, MO-IL",209900
69395,2018-11-01,"Charlotte-Concord-Gastonia, NC-SC",329950
69396,2018-11-01,"Baltimore-Columbia-Towson, MD",309250
69397,2018-11-01,"Orlando-Kissimmee-Sanford, FL",302840
69398,2018-11-01,"Pittsburgh, PA",169900
69399,2018-11-01,"San Antonio-New Braunfels, TX",285000
69400,2018-11-01,"Austin-Round Rock-San Marcos, TX",349900
69401,2018-11-01,"Portland-Vancouver-Hillsboro, OR-WA",469900
69402,2018-11-01,"Cleveland, OH",179450
69403,2018-11-01,"Cincinnati, OH-KY-IN",248260
69404,2018-11-01,"Kansas City, MO-KS",289900
69405,2018-11-01,"Las Vegas-Henderson-North Las Vegas, NV",320000
69406,2018-11-01,"Sacramento-Roseville-Folsom, CA",448900
69407,2018-11-01,"Columbus, OH",261200
69408,2018-11-01,"Indianapolis-Carmel-Greenwood, IN",239900
69409,2018-11-01,"Nashville-Davidson--Murfreesboro--Franklin, TN",353000
69410,2018-11-01,"Virginia Beach-Chesapeake-Norfolk, VA-NC",270450
69411,2018-11-01,"Jacksonville, FL",291495
69412,2018-11-01,"Providence-Warwick, RI-MA",349900
69413,2018-11-01,"San Jose-Sunnyvale-Santa Clara, CA",1089400
69414,2018-11-01,"Milwaukee-Waukesha, WI",249000
69415,2018-11-01,"Raleigh-Cary, NC",354950
69416,2018-11-01,"Oklahoma City, OK",236000
69417,2018-11-01,"Louisville/Jefferson County, KY-IN",250700
69418,2018-11-01,"Richmond, VA",308024
69419,2018-11-01,"Memphis, TN-MS-AR",209988
69420,2018-11-01,"Buffalo-Cheektowaga, NY",185000
69421,2018-11-01,"Birmingham, AL",224900
69422,2018-11-01,"Hartford-West Hartford-East Hartford, CT",289700
69423,2018-11-01,"Tucson, AZ",279313
69424,2018-11-01,"Grand Rapids-Wyoming-Kentwood, MI",266475
69425,2018-11-01,"Rochester, NY",174700
69426,2018-11-01,"Salt Lake City-Murray, UT",399000
69427,2018-11-01,"North Port-Bradenton-Sarasota, FL",350000
69428,2018-11-01,"Tulsa, OK",218750
69429,2018-11-01,"Greenville-Anderson-Greer, SC",264950
69430,2018-11-01,"Knoxville, TN",260000
69431,2018-11-01,"New Orleans-Metairie, LA",282000
69432,2018-11-01,"Omaha, NE-IA",269150
69433,2018-11-01,"Albany-Schenectady-Troy, NY",292450
69434,2018-11-01,"Albuquerque, NM",249500
69435,2018-11-01,"Fresno, CA",309450
69436,2018-11-01,"Bridgeport-Stamford-Danbury, CT",724950
69437,2018-11-01,"Cape Coral-Fort Myers, FL",298450
69438,2018-11-01,"Columbia, SC",229500
69439,2018-11-01,"Charleston-North Charleston, SC",389000
69440,2018-11-01,"Dayton-Kettering-Beavercreek, OH",141075
69441,2018-11-01,"Allentown-Bethlehem-Easton, PA-NJ",219900
69442,2018-11-01,"Baton Rouge, LA",237735
69443,2018-11-01,"Worcester, MA",329900
69444,2018-11-01,"Urban Honolulu, HI",698257
69445,2018-11-01,"Greensboro-High Point, NC",244950
69446,2018-11-01,"Lakeland-Winter Haven, FL",223950
69447,2018-11-01,"Little Rock-North Little Rock-Conway, AR",189650
69448,2018-11-01,"Deltona-Daytona Beach-Ormond Beach, FL",269900
69449,2018-11-01,"Boise City, ID",334450
69450,2018-11-01,"El Paso, TX",178475
69451,2018-11-01,"Madison, WI",329900
69452,2018-11-01,"Des Moines-West Des Moines, IA",281118
69453,2018-11-01,"Akron, OH",154975
69454,2018-11-01,"Winston-Salem, NC",232400
69455,2018-11-01,"Colorado Springs, CO",368871
69456,2018-11-01,"Bakersfield-Delano, CA",249900
69457,2018-11-01,"Palm Bay-Melbourne-Titusville, FL",279850
69458,2018-11-01,"McAllen-Edinburg-Mission, TX",189935
69459,2018-11-01,"Oxnard-Thousand Oaks-Ventura, CA",684500
69460,2018-11-01,"Syracuse, NY",169950
69461,2018-11-01,"Wichita, KS",185000
69462,2018-11-01,"Kiryas Joel-Poughkeepsie-Newburgh, NY",319950
69463,2018-11-01,"Durham-Chapel Hill, NC",387350
69464,2018-11-01,"Toledo, OH",139400
69465,2018-11-01,"Augusta-Richmond County, GA-SC",218610
69466,2018-11-01,"Stockton-Lodi, CA",386425
69467,2018-11-01,"Harrisburg-Carlisle, PA",214475
69468,2018-11-01,"Portland-South Portland, ME",354999
69469,2018-11-01,"Jackson, MS",236825
69470,2018-11-01,"Chattanooga, TN-GA",274975
69471,2018-11-01,"Spokane-Spokane Valley, WA",319500
69472,2018-11-01,"Scranton--Wilkes-Barre, PA",149900
69473,2018-11-01,"New Haven, CT",289000
69474,2018-11-01,"Fayetteville-Springdale-Rogers, AR",277000
70300,2018-10-01,"New York-Newark-Jersey City, NY-NJ",559000
70301,2018-10-01,"Los Angeles-Long Beach-Anaheim, CA",762500
70302,2018-10-01,"Chicago-Naperville-Elgin, IL-IN",311450
70303,2018-10-01,"Dallas-Fort Worth-Arlington, TX",345000
70304,2018-10-01,"Houston-Pasadena-The Woodlands, TX",311239
70305,2018-10-01,"Philadelphia-Camden-Wilmington, PA-NJ-DE-MD",264900
70306,2018-10-01,"Miami-Fort Lauderdale-West Palm Beach, FL",395000
70307,2018-10-01,"Atlanta-Sandy Springs-Roswell, GA",316000
70308,2018-10-01,"Washington-Arlington-Alexandria, DC-VA-MD-WV",450000
70309,2018-10-01,"Phoenix-Mesa-Chandler, AZ",340099
70310,2018-10-01,"Boston-Cambridge-Newton, MA-NH",549000
70311,2018-10-01,"Detroit-Warren-Dearborn, MI",231200
70312,2018-10-01,"San Francisco-Oakland-Fremont, CA",899000
70313,2018-10-01,"Seattle-Tacoma-Bellevue, WA",552500
70314,2018-10-01,"Riverside-San Bernardino-Ontario, CA",399900
70315,2018-10-01,"Minneapolis-St. Paul-Bloomington, MN-WI",354495
70316,2018-10-01,"Tampa-St. Petersburg-Clearwater, FL",269700
70317,2018-10-01,"Denver-Aurora-Centennial, CO",479900
70318,2018-10-01,"San Diego-Chula Vista-Carlsbad, CA",669000
70319,2018-10-01,"St. Louis, MO-IL",212725
70320,2018-10-01,"Charlotte-Concord-Gastonia, NC-SC",333950
70321,2018-10-01,"Baltimore-Columbia-Towson, MD",316500
70322,2018-10-01,"Orlando-Kissimmee-Sanford, FL",307945
70323,2018-10-01,"Pittsburgh, PA",174900
70324,2018-10-01,"San Antonio-New Braunfels, TX",285450
70325,2018-10-01,"Austin-Round Rock-San Marcos, TX",349995
70326,2018-10-01,"Portland-Vancouver-Hillsboro, OR-WA",469900
70327,2018-10-01,"Cleveland, OH",179900
70328,2018-10-01,"Cincinnati, OH-KY-IN",249900
70329,2018-10-01,"Kansas City, MO-KS",289950
70330,2018-10-01,"Las Vegas-Henderson-North Las Vegas, NV",324999
70331,2018-10-01,"Sacramento-Roseville-Folsom, CA",449450
70332,2018-10-01,"Columbus, OH",266450
70333,2018-10-01,"Indianapolis-Carmel-Greenwood, IN",245519
70334,2018-10-01,"Nashville-Davidson--Murfreesboro--Franklin, TN",359450
70335,2018-10-01,"Virginia Beach-Chesapeake-Norfolk, VA-NC",274448
70336,2018-10-01,"Jacksonville, FL",294995
70337,2018-10-01,"Providence-Warwick, RI-MA",352500
70338,2018-10-01,"San Jose-Sunnyvale-Santa Clara, CA",1099944
70339,2018-10-01,"Milwaukee-Waukesha, WI",249900
70340,2018-10-01,"Raleigh-Cary, NC",357771
70341,2018-10-01,"Oklahoma City, OK",233925
70342,2018-10-01,"Louisville/Jefferson County, KY-IN",257750
70343,2018-10-01,"Richmond, VA",304950
70344,2018-10-01,"Memphis, TN-MS-AR",214950
70345,2018-10-01,"Buffalo-Cheektowaga, NY",189900
70346,2018-10-01,"Birmingham, AL",222888
70347,2018-10-01,"Hartford-West Hartford-East Hartford, CT",289900
70348,2018-10-01,"Tucson, AZ",277450
70349,2018-10-01,"Grand Rapids-Wyoming-Kentwood, MI",268900
70350,2018-10-01,"Rochester, NY",179450
70351,2018-10-01,"Salt Lake City-Murray, UT",399317
70352,2018-10-01,"North Port-Bradenton-Sarasota, FL",354750
70353,2018-10-01,"Tulsa, OK",213900
70354,2018-10-01,"Greenville-Anderson-Greer, SC",264363
70355,2018-10-01,"Knoxville, TN",262250
70356,2018-10-01,"New Orleans-Metairie, LA",282499
70357,2018-10-01,"Omaha, NE-IA",269950
70358,2018-10-01,"Albany-Schenectady-Troy, NY",289900
70359,2018-10-01,"Albuquerque, NM",248079
70360,2018-10-01,"Fresno, CA",309987
70361,2018-10-01,"Bridgeport-Stamford-Danbury, CT",732500
70362,2018-10-01,"Cape Coral-Fort Myers, FL",290000
70363,2018-10-01,"Columbia, SC",222181
70364,2018-10-01,"Charleston-North Charleston, SC",390000
70365,2018-10-01,"Dayton-Kettering-Beavercreek, OH",139900
70366,2018-10-01,"Allentown-Bethlehem-Easton, PA-NJ",224900
70367,2018-10-01,"Baton Rouge, LA",236430
70368,2018-10-01,"Worcester, MA",330000
70369,2018-10-01,"Urban Honolulu, HI",690000
70370,2018-10-01,"Greensboro-High Point, NC",247690
70371,2018-10-01,"Lakeland-Winter Haven, FL",224900
70372,2018-10-01,"Little Rock-North Little Rock-Conway, AR",189900
70373,2018-10-01,"Deltona-Daytona Beach-Ormond Beach, FL",269950
70374,2018-10-01,"Boise City, ID",333400
70375,2018-10-01,"El Paso, TX",176975
70376,2018-10-01,"Madison, WI",329900
70377,2018-10-01,"Des Moines-West Des Moines, IA",281359
70378,2018-10-01,"Akron, OH",159900
70379,2018-10-01,"Winston-Salem, NC",239900
70380,2018-10-01,"Colorado Springs, CO",367748
70381,2018-10-01,"Bakersfield-Delano, CA",250000
70382,2018-10-01,"Palm Bay-Melbourne-Titusville, FL",280128
70383,2018-10-01,"McAllen-Edinburg-Mission, TX",192000
70384,2018-10-01,"Oxnard-Thousand Oaks-Ventura, CA",696112
70385,2018-10-01,"Syracuse, NY",174950
70386,2018-10-01,"Wichita, KS",194900
70387,2018-10-01,"Kiryas Joel-Poughkeepsie-Newburgh, NY",325000
70388,2018-10-01,"Durham-Chapel Hill, NC",388097
70389,2018-10-01,"Toledo, OH",139900
70390,2018-10-01,"Augusta-Richmond County, GA-SC",219250
70391,2018-10-01,"Stockton-Lodi, CA",385000
70392,2018-10-01,"Harrisburg-Carlisle, PA",217133
70393,2018-10-01,"Portland-South Portland, ME",351875
70394,2018-10-01,"Jackson, MS",237625
70395,2018-10-01,"Chattanooga, TN-GA",270000
70396,2018-10-01,"Spokane-Spokane Valley, WA",312250
70397,2018-10-01,"Scranton--Wilkes-Barre, PA",149900
70398,2018-10-01,"New Haven, CT",299575
70399,2018-10-01,"Fayetteville-Springdale-Rogers, AR",279950
71225,2018-09-01,"New York-Newark-Jersey City, NY-NJ",559000
71226,2018-09-01,"Los Angeles-Long Beach-Anaheim, CA",769200
71227,2018-09-01,"Chicago-Naperville-Elgin, IL-IN",317000
71228,2018-09-01,"Dallas-Fort Worth-Arlington, TX",347436
71229,2018-09-01,"Houston-Pasadena-The Woodlands, TX",315000
71230,2018-09-01,"Philadelphia-Camden-Wilmington, PA-NJ-DE-MD",260000
71231,2018-09-01,"Miami-Fort Lauderdale-West Palm Beach, FL",397500
71232,2018-09-01,"Atlanta-Sandy Springs-Roswell, GA",324900
71233,2018-09-01,"Washington-Arlington-Alexandria, DC-VA-MD-WV",450000
71234,2018-09-01,"Phoenix-Mesa-Chandler, AZ",345000
71235,2018-09-01,"Boston-Cambridge-Newton, MA-NH",549900
71236,2018-09-01,"Detroit-Warren-Dearborn, MI",239900
71237,2018-09-01,"San Francisco-Oakland-Fremont, CA",899000
71238,2018-09-01,"Seattle-Tacoma-Bellevue, WA",549950
71239,2018-09-01,"Riverside-San Bernardino-Ontario, CA",400000
71240,2018-09-01,"Minneapolis-St. Paul-Bloomington, MN-WI",349900
71241,2018-09-01,"Tampa-St. Petersburg-Clearwater, FL",269020
71242,2018-09-01,"Denver-Aurora-Centennial, CO",489000
71243,2018-09-01,"San Diego-Chula Vista-Carlsbad, CA",675495
71244,2018-09-01,"St. Louis, MO-IL",215000
71245,2018-09-01,"Charlotte-Concord-Gastonia, NC-SC",339900
71246,2018-09-01,"Baltimore-Columbia-Towson, MD",319000
71247,2018-09-01,"Orlando-Kissimmee-Sanford, FL",310000
71248,2018-09-01,"Pittsburgh, PA",175000
71249,2018-09-01,"San Antonio-New Braunfels, TX",287000
71250,2018-09-01,"Austin-Round Rock-San Marcos, TX",359000
71251,2018-09-01,"Portland-Vancouver-Hillsboro, OR-WA",472000
71252,2018-09-01,"Cleveland, OH",179900
71253,2018-09-01,"Cincinnati, OH-KY-IN",255000
71254,2018-09-01,"Kansas City, MO-KS",292200
71255,2018-09-01,"Las Vegas-Henderson-North Las Vegas, NV",330000
71256,2018-09-01,"Sacramento-Roseville-Folsom, CA",449990
71257,2018-09-01,"Columbus, OH",274850
71258,2018-09-01,"Indianapolis-Carmel-Greenwood, IN",254900
71259,2018-09-01,"Nashville-Davidson--Murfreesboro--Franklin, TN",364900
71260,2018-09-01,"Virginia Beach-Chesapeake-Norfolk, VA-NC",277445
71261,2018-09-01,"Jacksonville, FL",299000
71262,2018-09-01,"Providence-Warwick, RI-MA",364900
71263,2018-09-01,"San Jose-Sunnyvale-Santa Clara, CA",1148000
71264,2018-09-01,"Milwaukee-Waukesha, WI",249900
71265,2018-09-01,"Raleigh-Cary, NC",365770
71266,2018-09-01,"Oklahoma City, OK",233950
71267,2018-09-01,"Louisville/Jefferson County, KY-IN",264700
71268,2018-09-01,"Richmond, VA",309900
71269,2018-09-01,"Memphis, TN-MS-AR",210000
71270,2018-09-01,"Buffalo-Cheektowaga, NY",198000
71271,2018-09-01,"Birmingham, AL",227855
71272,2018-09-01,"Hartford-West Hartford-East Hartford, CT",289900
71273,2018-09-01,"Tucson, AZ",279900
71274,2018-09-01,"Grand Rapids-Wyoming-Kentwood, MI",265000
71275,2018-09-01,"Rochester, NY",180000
71276,2018-09-01,"Salt Lake City-Murray, UT",404993
71277,2018-09-01,"North Port-Bradenton-Sarasota, FL",350000
71278,2018-09-01,"Tulsa, OK",213100
71279,2018-09-01,"Greenville-Anderson-Greer, SC",267000
71280,2018-09-01,"Knoxville, TN",265000
71281,2018-09-01,"New Orleans-Metairie, LA",279900
71282,2018-09-01,"Omaha, NE-IA",279900
71283,2018-09-01,"Albany-Schenectady-Troy, NY",289750
71284,2018-09-01,"Albuquerque, NM",246895
71285,2018-09-01,"Fresno, CA",310000
71286,2018-09-01,"Bridgeport-Stamford-Danbury, CT",739000
71287,2018-09-01,"Cape Coral-Fort Myers, FL",289000
71288,2018-09-01,"Columbia, SC",224900
71289,2018-09-01,"Charleston-North Charleston, SC",399000
71290,2018-09-01,"Dayton-Kettering-Beavercreek, OH",139900
71291,2018-09-01,"Allentown-Bethlehem-Easton, PA-NJ",225000
71292,2018-09-01,"Baton Rouge, LA",239900
71293,2018-09-01,"Worcester, MA",340000
71294,2018-09-01,"Urban Honolulu, HI",699000
71295,2018-09-01,"Greensboro-High Point, NC",249000
71296,2018-09-01,"Lakeland-Winter Haven, FL",225000
71297,2018-09-01,"Little Rock-North Little Rock-Conway, AR",189000
71298,2018-09-01,"Deltona-Daytona Beach-Ormond Beach, FL",271068
71299,2018-09-01,"Boise City, ID",339000
71300,2018-09-01,"El Paso, TX",177450
71301,2018-09-01,"Madison, WI",334900
71302,2018-09-01,"Des Moines-West Des Moines, IA",279975
71303,2018-09-01,"Akron, OH",160000
71304,2018-09-01,"Winston-Salem, NC",239000
71305,2018-09-01,"Colorado Springs, CO",364900
71306,2018-09-01,"Bakersfield-Delano, CA",254900
71307,2018-09-01,"Palm Bay-Melbourne-Titusville, FL",280458
71308,2018-09-01,"McAllen-Edinburg-Mission, TX",196450
71309,2018-09-01,"Oxnard-Thousand Oaks-Ventura, CA",699000
71310,2018-09-01,"Syracuse, NY",175000
71311,2018-09-01,"Wichita, KS",192900
71312,2018-09-01,"Kiryas Joel-Poughkeepsie-Newburgh, NY",325000
71313,2018-09-01,"Durham-Chapel Hill, NC",389900
71314,2018-09-01,"Toledo, OH",139900
71315,2018-09-01,"Augusta-Richmond County, GA-SC",218450
71316,2018-09-01,"Stockton-Lodi, CA",385000
71317,2018-09-01,"Harrisburg-Carlisle, PA",219900
71318,2018-09-01,"Portland-South Portland, ME",355000
71319,2018-09-01,"Jackson, MS",244500
71320,2018-09-01,"Chattanooga, TN-GA",269900
71321,2018-09-01,"Spokane-Spokane Valley, WA",300000
71322,2018-09-01,"Scranton--Wilkes-Barre, PA",154900
71323,2018-09-01,"New Haven, CT",309000
71324,2018-09-01,"Fayetteville-Springdale-Rogers, AR",285000
72150,2018-08-01,"New York-Newark-Jersey City, NY-NJ",550000
72151,2018-08-01,"Los Angeles-Long Beach-Anaheim, CA",784450
72152,2018-08-01,"Chicago-Naperville-Elgin, IL-IN",319900
72153,2018-08-01,"Dallas-Fort Worth-Arlington, TX",350000
72154,2018-08-01,"Houston-Pasadena-The Woodlands, TX",318900
72155,2018-08-01,"Philadelphia-Camden-Wilmington, PA-NJ-DE-MD",262450
72156,2018-08-01,"Miami-Fort Lauderdale-West Palm Beach, FL",398750
72157,2018-08-01,"Atlanta-Sandy Springs-Roswell, GA",325000
72158,2018-08-01,"Washington-Arlington-Alexandria, DC-VA-MD-WV",454500
72159,2018-08-01,"Phoenix-Mesa-Chandler, AZ",344750
72160,2018-08-01,"Boston-Cambridge-Newton, MA-NH",549250
72161,2018-08-01,"Detroit-Warren-Dearborn, MI",244950
72162,2018-08-01,"San Francisco-Oakland-Fremont, CA",890000
72163,2018-08-01,"Seattle-Tacoma-Bellevue, WA",550483
72164,2018-08-01,"Riverside-San Bernardino-Ontario, CA",404626
72165,2018-08-01,"Minneapolis-St. Paul-Bloomington, MN-WI",350000
72166,2018-08-01,"Tampa-St. Petersburg-Clearwater, FL",274750
72167,2018-08-01,"Denver-Aurora-Centennial, CO",495000
72168,2018-08-01,"San Diego-Chula Vista-Carlsbad, CA",684500
72169,2018-08-01,"St. Louis, MO-IL",216000
72170,2018-08-01,"Charlotte-Concord-Gastonia, NC-SC",340000
72171,2018-08-01,"Baltimore-Columbia-Towson, MD",324450
72172,2018-08-01,"Orlando-Kissimmee-Sanford, FL",318750
72173,2018-08-01,"Pittsburgh, PA",177450
72174,2018-08-01,"San Antonio-New Braunfels, TX",291175
72175,2018-08-01,"Austin-Round Rock-San Marcos, TX",362481
72176,2018-08-01,"Portland-Vancouver-Hillsboro, OR-WA",479000
72177,2018-08-01,"Cleveland, OH",180750
72178,2018-08-01,"Cincinnati, OH-KY-IN",259500
72179,2018-08-01,"Kansas City, MO-KS",290000
72180,2018-08-01,"Las Vegas-Henderson-North Las Vegas, NV",339450
72181,2018-08-01,"Sacramento-Roseville-Folsom, CA",459250
72182,2018-08-01,"Columbus, OH",284850
72183,2018-08-01,"Indianapolis-Carmel-Greenwood, IN",262450
72184,2018-08-01,"Nashville-Davidson--Murfreesboro--Franklin, TN",368700
72185,2018-08-01,"Virginia Beach-Chesapeake-Norfolk, VA-NC",278900
72186,2018-08-01,"Jacksonville, FL",302345
72187,2018-08-01,"Providence-Warwick, RI-MA",369000
72188,2018-08-01,"San Jose-Sunnyvale-Santa Clara, CA",1173500
72189,2018-08-01,"Milwaukee-Waukesha, WI",249900
72190,2018-08-01,"Raleigh-Cary, NC",369214
72191,2018-08-01,"Oklahoma City, OK",233450
72192,2018-08-01,"Louisville/Jefferson County, KY-IN",264900
72193,2018-08-01,"Richmond, VA",314622
72194,2018-08-01,"Memphis, TN-MS-AR",212163
72195,2018-08-01,"Buffalo-Cheektowaga, NY",195000
72196,2018-08-01,"Birmingham, AL",234280
72197,2018-08-01,"Hartford-West Hartford-East Hartford, CT",294900
72198,2018-08-01,"Tucson, AZ",279948
72199,2018-08-01,"Grand Rapids-Wyoming-Kentwood, MI",269450
72200,2018-08-01,"Rochester, NY",184900
72201,2018-08-01,"Salt Lake City-Murray, UT",405600
72202,2018-08-01,"North Port-Bradenton-Sarasota, FL",359556
72203,2018-08-01,"Tulsa, OK",213900
72204,2018-08-01,"Greenville-Anderson-Greer, SC",274500
72205,2018-08-01,"Knoxville, TN",269900
72206,2018-08-01,"New Orleans-Metairie, LA",285000
72207,2018-08-01,"Omaha, NE-IA",288450
72208,2018-08-01,"Albany-Schenectady-Troy, NY",288705
72209,2018-08-01,"Albuquerque, NM",249945
72210,2018-08-01,"Fresno, CA",315000
72211,2018-08-01,"Bridgeport-Stamford-Danbury, CT",731875
72212,2018-08-01,"Cape Coral-Fort Myers, FL",289700
72213,2018-08-01,"Columbia, SC",224200
72214,2018-08-01,"Charleston-North Charleston, SC",399125
72215,2018-08-01,"Dayton-Kettering-Beavercreek, OH",149500
72216,2018-08-01,"Allentown-Bethlehem-Easton, PA-NJ",229900
72217,2018-08-01,"Baton Rouge, LA",239900
72218,2018-08-01,"Worcester, MA",349450
72219,2018-08-01,"Urban Honolulu, HI",699000
72220,2018-08-01,"Greensboro-High Point, NC",247030
72221,2018-08-01,"Lakeland-Winter Haven, FL",227425
72222,2018-08-01,"Little Rock-North Little Rock-Conway, AR",189900
72223,2018-08-01,"Deltona-Daytona Beach-Ormond Beach, FL",275000
72224,2018-08-01,"Boise City, ID",344195
72225,2018-08-01,"El Paso, TX",177250
72226,2018-08-01,"Madison, WI",332225
72227,2018-08-01,"Des Moines-West Des Moines, IA",283950
72228,2018-08-01,"Akron, OH",166000
72229,2018-08-01,"Winston-Salem, NC",238923
72230,2018-08-01,"Colorado Springs, CO",365276
72231,2018-08-01,"Bakersfield-Delano, CA",256500
72232,2018-08-01,"Palm Bay-Melbourne-Titusville, FL",289450
72233,2018-08-01,"McAllen-Edinburg-Mission, TX",195375
72234,2018-08-01,"Oxnard-Thousand Oaks-Ventura, CA",717450
72235,2018-08-01,"Syracuse, NY",179900
72236,2018-08-01,"Wichita, KS",199909
72237,2018-08-01,"Kiryas Joel-Poughkeepsie-Newburgh, NY",325000
72238,2018-08-01,"Durham-Chapel Hill, NC",390000
72239,2018-08-01,"Toledo, OH",139900
72240,2018-08-01,"Augusta-Richmond County, GA-SC",219900
72241,2018-08-01,"Stockton-Lodi, CA",385500
72242,2018-08-01,"Harrisburg-Carlisle, PA",219900
72243,2018-08-01,"Portland-South Portland, ME",359000
72244,2018-08-01,"Jackson, MS",249000
72245,2018-08-01,"Chattanooga, TN-GA",274525
72246,2018-08-01,"Spokane-Spokane Valley, WA",309463
72247,2018-08-01,"Scranton--Wilkes-Barre, PA",158700
72248,2018-08-01,"New Haven, CT",309950
72249,2018-08-01,"Fayetteville-Springdale-Rogers, AR",295000
73075,2018-07-01,"New York-Newark-Jersey City, NY-NJ",564000
73076,2018-07-01,"Los Angeles-Long Beach-Anaheim, CA",799975
73077,2018-07-01,"Chicago-Naperville-Elgin, IL-IN",327000
73078,2018-07-01,"Dallas-Fort Worth-Arlington, TX",366000
73079,2018-07-01,"Houston-Pasadena-The Woodlands, TX",322450
73080,2018-07-01,"Philadelphia-Camden-Wilmington, PA-NJ-DE-MD",269900
73081,2018-07-01,"Miami-Fort Lauderdale-West Palm Beach, FL",399000
73082,2018-07-01,"Atlanta-Sandy Springs-Roswell, GA",330955
73083,2018-07-01,"Washington-Arlington-Alexandria, DC-VA-MD-WV",467978
73084,2018-07-01,"Phoenix-Mesa-Chandler, AZ",349900
73085,2018-07-01,"Boston-Cambridge-Newton, MA-NH",559450
73086,2018-07-01,"Detroit-Warren-Dearborn, MI",249900
73087,2018-07-01,"San Francisco-Oakland-Fremont, CA",929472
73088,2018-07-01,"Seattle-Tacoma-Bellevue, WA",565925
73089,2018-07-01,"Riverside-San Bernardino-Ontario, CA",408500
73090,2018-07-01,"Minneapolis-St. Paul-Bloomington, MN-WI",361700
73091,2018-07-01,"Tampa-St. Petersburg-Clearwater, FL",276545
73092,2018-07-01,"Denver-Aurora-Centennial, CO",499950
73093,2018-07-01,"San Diego-Chula Vista-Carlsbad, CA",699000
73094,2018-07-01,"St. Louis, MO-IL",216750
73095,2018-07-01,"Charlotte-Concord-Gastonia, NC-SC",347000
73096,2018-07-01,"Baltimore-Columbia-Towson, MD",327450
73097,2018-07-01,"Orlando-Kissimmee-Sanford, FL",318200
73098,2018-07-01,"Pittsburgh, PA",179075
73099,2018-07-01,"San Antonio-New Braunfels, TX",295000
73100,2018-07-01,"Austin-Round Rock-San Marcos, TX",368900
73101,2018-07-01,"Portland-Vancouver-Hillsboro, OR-WA",484500
73102,2018-07-01,"Cleveland, OH",188250
73103,2018-07-01,"Cincinnati, OH-KY-IN",269900
73104,2018-07-01,"Kansas City, MO-KS",293273
73105,2018-07-01,"Las Vegas-Henderson-North Las Vegas, NV",349450
73106,2018-07-01,"Sacramento-Roseville-Folsom, CA",464750
73107,2018-07-01,"Columbus, OH",299800
73108,2018-07-01,"Indianapolis-Carmel-Greenwood, IN",272500
73109,2018-07-01,"Nashville-Davidson--Murfreesboro--Franklin, TN",372022
73110,2018-07-01,"Virginia Beach-Chesapeake-Norfolk, VA-NC",279315
73111,2018-07-01,"Jacksonville, FL",309000
73112,2018-07-01,"Providence-Warwick, RI-MA",370000
73113,2018-07-01,"San Jose-Sunnyvale-Santa Clara, CA",1199944
73114,2018-07-01,"Milwaukee-Waukesha, WI",254950
73115,2018-07-01,"Raleigh-Cary, NC",369400
73116,2018-07-01,"Oklahoma City, OK",236246
73117,2018-07-01,"Louisville/Jefferson County, KY-IN",266450
73118,2018-07-01,"Richmond, VA",324700
73119,2018-07-01,"Memphis, TN-MS-AR",212450
73120,2018-07-01,"Buffalo-Cheektowaga, NY",195000
73121,2018-07-01,"Birmingham, AL",234421
73122,2018-07-01,"Hartford-West Hartford-East Hartford, CT",299450
73123,2018-07-01,"Tucson, AZ",279808
73124,2018-07-01,"Grand Rapids-Wyoming-Kentwood, MI",274500
73125,2018-07-01,"Rochester, NY",189450
73126,2018-07-01,"Salt Lake City-Murray, UT",422765
73127,2018-07-01,"North Port-Bradenton-Sarasota, FL",364625
73128,2018-07-01,"Tulsa, OK",214975
73129,2018-07-01,"Greenville-Anderson-Greer, SC",275000
73130,2018-07-01,"Knoxville, TN",271250
73131,2018-07-01,"New Orleans-Metairie, LA",280000
73132,2018-07-01,"Omaha, NE-IA",287900
73133,2018-07-01,"Albany-Schenectady-Troy, NY",292206
73134,2018-07-01,"Albuquerque, NM",252450
73135,2018-07-01,"Fresno, CA",315000
73136,2018-07-01,"Bridgeport-Stamford-Danbury, CT",749500
73137,2018-07-01,"Cape Coral-Fort Myers, FL",295000
73138,2018-07-01,"Columbia, SC",225000
73139,2018-07-01,"Charleston-North Charleston, SC",409425
73140,2018-07-01,"Dayton-Kettering-Beavercreek, OH",149700
73141,2018-07-01,"Allentown-Bethlehem-Easton, PA-NJ",234125
73142,2018-07-01,"Baton Rouge, LA",239900
73143,2018-07-01,"Worcester, MA",349900
73144,2018-07-01,"Urban Honolulu, HI",692000
73145,2018-07-01,"Greensboro-High Point, NC",244975
73146,2018-07-01,"Lakeland-Winter Haven, FL",228375
73147,2018-07-01,"Little Rock-North Little Rock-Conway, AR",189700
73148,2018-07-01,"Deltona-Daytona Beach-Ormond Beach, FL",275000
73149,2018-07-01,"Boise City, ID",342945
73150,2018-07-01,"El Paso, TX",176663
73151,2018-07-01,"Madison, WI",339900
73152,2018-07-01,"Des Moines-West Des Moines, IA",289900
73153,2018-07-01,"Akron, OH",173000
73154,2018-07-01,"Winston-Salem, NC",243950
73155,2018-07-01,"Colorado Springs, CO",374083
73156,2018-07-01,"Bakersfield-Delano, CA",259900
73157,2018-07-01,"Palm Bay-Melbourne-Titusville, FL",291654
73158,2018-07-01,"McAllen-Edinburg-Mission, TX",195000
73159,2018-07-01,"Oxnard-Thousand Oaks-Ventura, CA",739450
73160,2018-07-01,"Syracuse, NY",179700
73161,2018-07-01,"Wichita, KS",200813
73162,2018-07-01,"Kiryas Joel-Poughkeepsie-Newburgh, NY",329000
73163,2018-07-01,"Durham-Chapel Hill, NC",397653
73164,2018-07-01,"Toledo, OH",149900
73165,2018-07-01,"Augusta-Richmond County, GA-SC",224950
73166,2018-07-01,"Stockton-Lodi, CA",389900
73167,2018-07-01,"Harrisburg-Carlisle, PA",216546
73168,2018-07-01,"Portland-South Portland, ME",366900
73169,2018-07-01,"Jackson, MS",252400
73170,2018-07-01,"Chattanooga, TN-GA",270550
73171,2018-07-01,"Spokane-Spokane Valley, WA",317500
73172,2018-07-01,"Scranton--Wilkes-Barre, PA",159900
73173,2018-07-01,"New Haven, CT",314950
73174,2018-07-01,"Fayetteville-Springdale-Rogers, AR",299450
74000,2018-06-01,"New York-Newark-Jersey City, NY-NJ",569500
74001,2018-06-01,"Los Angeles-Long Beach-Anaheim, CA",820000
74002,2018-06-01,"Chicago-Naperville-Elgin, IL-IN",333995
74003,2018-06-01,"Dallas-Fort Worth-Arlington, TX",374900
74004,2018-06-01,"Houston-Pasadena-The Woodlands, TX",328993
74005,2018-06-01,"Philadelphia-Camden-Wilmington, PA-NJ-DE-MD",269000
74006,2018-06-01,"Miami-Fort Lauderdale-West Palm Beach, FL",399000
74007,2018-06-01,"Atlanta-Sandy Springs-Roswell, GA",339900
74008,2018-06-01,"Washington-Arlington-Alexandria, DC-VA-MD-WV",479885
74009,2018-06-01,"Phoenix-Mesa-Chandler, AZ",359000
74010,2018-06-01,"Boston-Cambridge-Newton, MA-NH",579000
74011,2018-06-01,"Detroit-Warren-Dearborn, MI",252900
74012,2018-06-01,"San Francisco-Oakland-Fremont, CA",988000
74013,2018-06-01,"Seattle-Tacoma-Bellevue, WA",575000
74014,2018-06-01,"Riverside-San Bernardino-Ontario, CA",409900
74015,2018-06-01,"Minneapolis-St. Paul-Bloomington, MN-WI",369900
74016,2018-06-01,"Tampa-St. Petersburg-Clearwater, FL",279000
74017,2018-06-01,"Denver-Aurora-Centennial, CO",520000
74018,2018-06-01,"San Diego-Chula Vista-Carlsbad, CA",710000
74019,2018-06-01,"St. Louis, MO-IL",219900
74020,2018-06-01,"Charlotte-Concord-Gastonia, NC-SC",352498
74021,2018-06-01,"Baltimore-Columbia-Towson, MD",326995
74022,2018-06-01,"Orlando-Kissimmee-Sanford, FL",319753
74023,2018-06-01,"Pittsburgh, PA",179500
74024,2018-06-01,"San Antonio-New Braunfels, TX",299500
74025,2018-06-01,"Austin-Round Rock-San Marcos, TX",374900
74026,2018-06-01,"Portland-Vancouver-Hillsboro, OR-WA",495945
74027,2018-06-01,"Cleveland, OH",189900
74028,2018-06-01,"Cincinnati, OH-KY-IN",269990
74029,2018-06-01,"Kansas City, MO-KS",298695
74030,2018-06-01,"Las Vegas-Henderson-North Las Vegas, NV",359888
74031,2018-06-01,"Sacramento-Roseville-Folsom, CA",469900
74032,2018-06-01,"Columbus, OH",299900
74033,2018-06-01,"Indianapolis-Carmel-Greenwood, IN",279900
74034,2018-06-01,"Nashville-Davidson--Murfreesboro--Franklin, TN",378900
74035,2018-06-01,"Virginia Beach-Chesapeake-Norfolk, VA-NC",279900
74036,2018-06-01,"Jacksonville, FL",319900
74037,2018-06-01,"Providence-Warwick, RI-MA",369900
74038,2018-06-01,"San Jose-Sunnyvale-Santa Clara, CA",1250000
74039,2018-06-01,"Milwaukee-Waukesha, WI",259900
74040,2018-06-01,"Raleigh-Cary, NC",369000
74041,2018-06-01,"Oklahoma City, OK",235000
74042,2018-06-01,"Louisville/Jefferson County, KY-IN",265900
74043,2018-06-01,"Richmond, VA",319990
74044,2018-06-01,"Memphis, TN-MS-AR",210000
74045,2018-06-01,"Buffalo-Cheektowaga, NY",199000
74046,2018-06-01,"Birmingham, AL",230000
74047,2018-06-01,"Hartford-West Hartford-East Hartford, CT",299900
74048,2018-06-01,"Tucson, AZ",278000
74049,2018-06-01,"Grand Rapids-Wyoming-Kentwood, MI",275450
74050,2018-06-01,"Rochester, NY",190000
74051,2018-06-01,"Salt Lake City-Murray, UT",421460
74052,2018-06-01,"North Port-Bradenton-Sarasota, FL",359900
74053,2018-06-01,"Tulsa, OK",217500
74054,2018-06-01,"Greenville-Anderson-Greer, SC",279000
74055,2018-06-01,"Knoxville, TN",279000
74056,2018-06-01,"New Orleans-Metairie, LA",289000
74057,2018-06-01,"Omaha, NE-IA",290000
74058,2018-06-01,"Albany-Schenectady-Troy, NY",294900
74059,2018-06-01,"Albuquerque, NM",259900
74060,2018-06-01,"Fresno, CA",316450
74061,2018-06-01,"Bridgeport-Stamford-Danbury, CT",775000
74062,2018-06-01,"Cape Coral-Fort Myers, FL",294751
74063,2018-06-01,"Columbia, SC",225000
74064,2018-06-01,"Charleston-North Charleston, SC",411760
74065,2018-06-01,"Dayton-Kettering-Beavercreek, OH",145000
74066,2018-06-01,"Allentown-Bethlehem-Easton, PA-NJ",234900
74067,2018-06-01,"Baton Rouge, LA",245000
74068,2018-06-01,"Worcester, MA",349900
74069,2018-06-01,"Urban Honolulu, HI",695000
74070,2018-06-01,"Greensboro-High Point, NC",239900
74071,2018-06-01,"Lakeland-Winter Haven, FL",225000
74072,2018-06-01,"Little Rock-North Little Rock-Conway, AR",189900
74073,2018-06-01,"Deltona-Daytona Beach-Ormond Beach, FL",275000
74074,2018-06-01,"Boise City, ID",343990
74075,2018-06-01,"El Paso, TX",175000
74076,2018-06-01,"Madison, WI",340000
74077,2018-06-01,"Des Moines-West Des Moines, IA",289900
74078,2018-06-01,"Akron, OH",169900
74079,2018-06-01,"Winston-Salem, NC",240000
74080,2018-06-01,"Colorado Springs, CO",384975
74081,2018-06-01,"Bakersfield-Delano, CA",263000
74082,2018-06-01,"Palm Bay-Melbourne-Titusville, FL",290000
74083,2018-06-01,"McAllen-Edinburg-Mission, TX",198000
74084,2018-06-01,"Oxnard-Thousand Oaks-Ventura, CA",739000
74085,2018-06-01,"Syracuse, NY",175000
74086,2018-06-01,"Wichita, KS",199918
74087,2018-06-01,"Kiryas Joel-Poughkeepsie-Newburgh, NY",329000
74088,2018-06-01,"Durham-Chapel Hill, NC",400000
74089,2018-06-01,"Toledo, OH",149900
74090,2018-06-01,"Augusta-Richmond County, GA-SC",229000
74091,2018-06-01,"Stockton-Lodi, CA",389900
74092,2018-06-01,"Harrisburg-Carlisle, PA",219900
74093,2018-06-01,"Portland-South Portland, ME",366500
74094,2018-06-01,"Jackson, MS",258000
74095,2018-06-01,"Chattanooga, TN-GA",274900
74096,2018-06-01,"Spokane-Spokane Valley, WA",315000
74097,2018-06-01,"Scranton--Wilkes-Barre, PA",159000
74098,2018-06-01,"New Haven, CT",319000
74099,2018-06-01,"Fayetteville-Springdale-Rogers, AR",295000
74925,2018-05-01,"New York-Newark-Jersey City, NY-NJ",569000
74926,2018-05-01,"Los Angeles-Long Beach-Anaheim, CA",824450
74927,2018-05-01,"Chicago-Naperville-Elgin, IL-IN",335000
74928,2018-05-01,"Dallas-Fort Worth-Arlington, TX",384950
74929,2018-05-01,"Houston-Pasadena-The Woodlands, TX",329495
74930,2018-05-01,"Philadelphia-Camden-Wilmington, PA-NJ-DE-MD",264500
74931,2018-05-01,"Miami-Fort Lauderdale-West Palm Beach, FL",399000
74932,2018-05-01,"Atlanta-Sandy Springs-Roswell, GA",339450
74933,2018-05-01,"Washington-Arlington-Alexandria, DC-VA-MD-WV",479450
74934,2018-05-01,"Phoenix-Mesa-Chandler, AZ",364450
74935,2018-05-01,"Boston-Cambridge-Newton, MA-NH",584948
74936,2018-05-01,"Detroit-Warren-Dearborn, MI",249900
74937,2018-05-01,"San Francisco-Oakland-Fremont, CA",996500
74938,2018-05-01,"Seattle-Tacoma-Bellevue, WA",571700
74939,2018-05-01,"Riverside-San Bernardino-Ontario, CA",406389
74940,2018-05-01,"Minneapolis-St. Paul-Bloomington, MN-WI",374995
74941,2018-05-01,"Tampa-St. Petersburg-Clearwater, FL",278320
74942,2018-05-01,"Denver-Aurora-Centennial, CO",532450
74943,2018-05-01,"San Diego-Chula Vista-Carlsbad, CA",704337
74944,2018-05-01,"St. Louis, MO-IL",219900
74945,2018-05-01,"Charlotte-Concord-Gastonia, NC-SC",354660
74946,2018-05-01,"Baltimore-Columbia-Towson, MD",324225
74947,2018-05-01,"Orlando-Kissimmee-Sanford, FL",319400
74948,2018-05-01,"Pittsburgh, PA",179900
74949,2018-05-01,"San Antonio-New Braunfels, TX",299700
74950,2018-05-01,"Austin-Round Rock-San Marcos, TX",375000
74951,2018-05-01,"Portland-Vancouver-Hillsboro, OR-WA",499700
74952,2018-05-01,"Cleveland, OH",185400
74953,2018-05-01,"Cincinnati, OH-KY-IN",275000
74954,2018-05-01,"Kansas City, MO-KS",302500
74955,2018-05-01,"Las Vegas-Henderson-North Las Vegas, NV",352500
74956,2018-05-01,"Sacramento-Roseville-Folsom, CA",475000
74957,2018-05-01,"Columbus, OH",299900
74958,2018-05-01,"Indianapolis-Carmel-Greenwood, IN",285000
74959,2018-05-01,"Nashville-Davidson--Murfreesboro--Franklin, TN",384900
74960,2018-05-01,"Virginia Beach-Chesapeake-Norfolk, VA-NC",278200
74961,2018-05-01,"Jacksonville, FL",319950
74962,2018-05-01,"Providence-Warwick, RI-MA",372400
74963,2018-05-01,"San Jose-Sunnyvale-Santa Clara, CA",1293000
74964,2018-05-01,"Milwaukee-Waukesha, WI",249900
74965,2018-05-01,"Raleigh-Cary, NC",369945
74966,2018-05-01,"Oklahoma City, OK",238088
74967,2018-05-01,"Louisville/Jefferson County, KY-IN",265407
74968,2018-05-01,"Richmond, VA",324975
74969,2018-05-01,"Memphis, TN-MS-AR",199925
74970,2018-05-01,"Buffalo-Cheektowaga, NY",197000
74971,2018-05-01,"Birmingham, AL",232400
74972,2018-05-01,"Hartford-West Hartford-East Hartford, CT",299900
74973,2018-05-01,"Tucson, AZ",282400
74974,2018-05-01,"Grand Rapids-Wyoming-Kentwood, MI",274950
74975,2018-05-01,"Rochester, NY",193875
74976,2018-05-01,"Salt Lake City-Murray, UT",423719
74977,2018-05-01,"North Port-Bradenton-Sarasota, FL",357000
74978,2018-05-01,"Tulsa, OK",219900
74979,2018-05-01,"Greenville-Anderson-Greer, SC",274950
74980,2018-05-01,"Knoxville, TN",279600
74981,2018-05-01,"New Orleans-Metairie, LA",289000
74982,2018-05-01,"Omaha, NE-IA",293313
74983,2018-05-01,"Albany-Schenectady-Troy, NY",296725
74984,2018-05-01,"Albuquerque, NM",258838
74985,2018-05-01,"Fresno, CA",315000
74986,2018-05-01,"Bridgeport-Stamford-Danbury, CT",795000
74987,2018-05-01,"Cape Coral-Fort Myers, FL",299000
74988,2018-05-01,"Columbia, SC",216794
74989,2018-05-01,"Charleston-North Charleston, SC",417000
74990,2018-05-01,"Dayton-Kettering-Beavercreek, OH",135400
74991,2018-05-01,"Allentown-Bethlehem-Easton, PA-NJ",234900
74992,2018-05-01,"Baton Rouge, LA",240700
74993,2018-05-01,"Worcester, MA",349900
74994,2018-05-01,"Urban Honolulu, HI",692000
74995,2018-05-01,"Greensboro-High Point, NC",244000
74996,2018-05-01,"Lakeland-Winter Haven, FL",224950
74997,2018-05-01,"Little Rock-North Little Rock-Conway, AR",189500
74998,2018-05-01,"Deltona-Daytona Beach-Ormond Beach, FL",274850
74999,2018-05-01,"Boise City, ID",341240
75000,2018-05-01,"El Paso, TX",173823
75001,2018-05-01,"Madison, WI",349900
75002,2018-05-01,"Des Moines-West Des Moines, IA",291225
75003,2018-05-01,"Akron, OH",162400
75004,2018-05-01,"Winston-Salem, NC",239371
75005,2018-05-01,"Colorado Springs, CO",390060
75006,2018-05-01,"Bakersfield-Delano, CA",262271
75007,2018-05-01,"Palm Bay-Melbourne-Titusville, FL",293076
75008,2018-05-01,"McAllen-Edinburg-Mission, TX",195250
75009,2018-05-01,"Oxnard-Thousand Oaks-Ventura, CA",741725
75010,2018-05-01,"Syracuse, NY",174900
75011,2018-05-01,"Wichita, KS",205000
75012,2018-05-01,"Kiryas Joel-Poughkeepsie-Newburgh, NY",324906
75013,2018-05-01,"Durham-Chapel Hill, NC",409857
75014,2018-05-01,"Toledo, OH",146450
75015,2018-05-01,"Augusta-Richmond County, GA-SC",230063
75016,2018-05-01,"Stockton-Lodi, CA",383000
75017,2018-05-01,"Harrisburg-Carlisle, PA",224400
75018,2018-05-01,"Portland-South Portland, ME",364850
75019,2018-05-01,"Jackson, MS",250000
75020,2018-05-01,"Chattanooga, TN-GA",277484
75021,2018-05-01,"Spokane-Spokane Valley, WA",319070
75022,2018-05-01,"Scranton--Wilkes-Barre, PA",149950
75023,2018-05-01,"New Haven, CT",314500
75024,2018-05-01,"Fayetteville-Springdale-Rogers, AR",296444
75850,2018-04-01,"New York-Newark-Jersey City, NY-NJ",551925
75851,2018-04-01,"Los Angeles-Long Beach-Anaheim, CA",825000
75852,2018-04-01,"Chicago-Naperville-Elgin, IL-IN",334900
75853,2018-04-01,"Dallas-Fort Worth-Arlington, TX",378700
75854,2018-04-01,"Houston-Pasadena-The Woodlands, TX",328498
75855,2018-04-01,"Philadelphia-Camden-Wilmington, PA-NJ-DE-MD",249950
75856,2018-04-01,"Miami-Fort Lauderdale-West Palm Beach, FL",397250
75857,2018-04-01,"Atlanta-Sandy Springs-Roswell, GA",336950
75858,2018-04-01,"Washington-Arlington-Alexandria, DC-VA-MD-WV",479900
75859,2018-04-01,"Phoenix-Mesa-Chandler, AZ",364900
75860,2018-04-01,"Boston-Cambridge-Newton, MA-NH",579900
75861,2018-04-01,"Detroit-Warren-Dearborn, MI",242450
75862,2018-04-01,"San Francisco-Oakland-Fremont, CA",987500
75863,2018-04-01,"Seattle-Tacoma-Bellevue, WA",560350
75864,2018-04-01,"Riverside-San Bernardino-Ontario, CA",404950
75865,2018-04-01,"Minneapolis-St. Paul-Bloomington, MN-WI",384950
75866,2018-04-01,"Tampa-St. Petersburg-Clearwater, FL",277750
75867,2018-04-01,"Denver-Aurora-Centennial, CO",545000
75868,2018-04-01,"San Diego-Chula Vista-Carlsbad, CA",699900
75869,2018-04-01,"St. Louis, MO-IL",214875
75870,2018-04-01,"Charlotte-Concord-Gastonia, NC-SC",352908
75871,2018-04-01,"Baltimore-Columbia-Towson, MD",312400
75872,2018-04-01,"Orlando-Kissimmee-Sanford, FL",317945
75873,2018-04-01,"Pittsburgh, PA",177763
75874,2018-04-01,"San Antonio-New Braunfels, TX",299000
75875,2018-04-01,"Austin-Round Rock-San Marcos, TX",376249
75876,2018-04-01,"Portland-Vancouver-Hillsboro, OR-WA",499000
75877,2018-04-01,"Cleveland, OH",178950
75878,2018-04-01,"Cincinnati, OH-KY-IN",271500
75879,2018-04-01,"Kansas City, MO-KS",306410
75880,2018-04-01,"Las Vegas-Henderson-North Las Vegas, NV",350000
75881,2018-04-01,"Sacramento-Roseville-Folsom, CA",469950
75882,2018-04-01,"Columbus, OH",292450
75883,2018-04-01,"Indianapolis-Carmel-Greenwood, IN",279950
75884,2018-04-01,"Nashville-Davidson--Murfreesboro--Franklin, TN",387000
75885,2018-04-01,"Virginia Beach-Chesapeake-Norfolk, VA-NC",273945
75886,2018-04-01,"Jacksonville, FL",324450
75887,2018-04-01,"Providence-Warwick, RI-MA",369000
75888,2018-04-01,"San Jose-Sunnyvale-Santa Clara, CA",1254722
75889,2018-04-01,"Milwaukee-Waukesha, WI",241425
75890,2018-04-01,"Raleigh-Cary, NC",370344
75891,2018-04-01,"Oklahoma City, OK",237500
75892,2018-04-01,"Louisville/Jefferson County, KY-IN",256500
75893,2018-04-01,"Richmond, VA",323239
75894,2018-04-01,"Memphis, TN-MS-AR",191975
75895,2018-04-01,"Buffalo-Cheektowaga, NY",187450
75896,2018-04-01,"Birmingham, AL",228528
75897,2018-04-01,"Hartford-West Hartford-East Hartford, CT",299900
75898,2018-04-01,"Tucson, AZ",279925
75899,2018-04-01,"Grand Rapids-Wyoming-Kentwood, MI",274900
75900,2018-04-01,"Rochester, NY",189900
75901,2018-04-01,"Salt Lake City-Murray, UT",417447
75902,2018-04-01,"North Port-Bradenton-Sarasota, FL",350000
75903,2018-04-01,"Tulsa, OK",219900
75904,2018-04-01,"Greenville-Anderson-Greer, SC",275950
75905,2018-04-01,"Knoxville, TN",274900
75906,2018-04-01,"New Orleans-Metairie, LA",287000
75907,2018-04-01,"Omaha, NE-IA",296731
75908,2018-04-01,"Albany-Schenectady-Troy, NY",297900
75909,2018-04-01,"Albuquerque, NM",250000
75910,2018-04-01,"Fresno, CA",313450
75911,2018-04-01,"Bridgeport-Stamford-Danbury, CT",791950
75912,2018-04-01,"Cape Coral-Fort Myers, FL",299900
75913,2018-04-01,"Columbia, SC",212000
75914,2018-04-01,"Charleston-North Charleston, SC",409450
75915,2018-04-01,"Dayton-Kettering-Beavercreek, OH",131875
75916,2018-04-01,"Allentown-Bethlehem-Easton, PA-NJ",229900
75917,2018-04-01,"Baton Rouge, LA",238504
75918,2018-04-01,"Worcester, MA",346906
75919,2018-04-01,"Urban Honolulu, HI",694900
75920,2018-04-01,"Greensboro-High Point, NC",242000
75921,2018-04-01,"Lakeland-Winter Haven, FL",224950
75922,2018-04-01,"Little Rock-North Little Rock-Conway, AR",186000
75923,2018-04-01,"Deltona-Daytona Beach-Ormond Beach, FL",269450
75924,2018-04-01,"Boise City, ID",329950
75925,2018-04-01,"El Paso, TX",172225
75926,2018-04-01,"Madison, WI",357925
75927,2018-04-01,"Des Moines-West Des Moines, IA",292416
75928,2018-04-01,"Akron, OH",149950
75929,2018-04-01,"Winston-Salem, NC",233009
75930,2018-04-01,"Colorado Springs, CO",400163
75931,2018-04-01,"Bakersfield-Delano, CA",259450
75932,2018-04-01,"Palm Bay-Melbourne-Titusville, FL",294975
75933,2018-04-01,"McAllen-Edinburg-Mission, TX",195000
75934,2018-04-01,"Oxnard-Thousand Oaks-Ventura, CA",750000
75935,2018-04-01,"Syracuse, NY",169950
75936,2018-04-01,"Wichita, KS",205950
75937,2018-04-01,"Kiryas Joel-Poughkeepsie-Newburgh, NY",319900
75938,2018-04-01,"Durham-Chapel Hill, NC",410000
75939,2018-04-01,"Toledo, OH",139450
75940,2018-04-01,"Augusta-Richmond County, GA-SC",228450
75941,2018-04-01,"Stockton-Lodi, CA",383000
75942,2018-04-01,"Harrisburg-Carlisle, PA",208500
75943,2018-04-01,"Portland-South Portland, ME",359925
75944,2018-04-01,"Jackson, MS",238950
75945,2018-04-01,"Chattanooga, TN-GA",264900
75946,2018-04-01,"Spokane-Spokane Valley, WA",319225
75947,2018-04-01,"Scranton--Wilkes-Barre, PA",145700
75948,2018-04-01,"New Haven, CT",304500
75949,2018-04-01,"Fayetteville-Springdale-Rogers, AR",289950
76775,2018-03-01,"New York-Newark-Jersey City, NY-NJ",539900
76776,2018-03-01,"Los Angeles-Long Beach-Anaheim, CA",799900
76777,2018-03-01,"Chicago-Naperville-Elgin, IL-IN",325000
76778,2018-03-01,"Dallas-Fort Worth-Arlington, TX",374330
76779,2018-03-01,"Houston-Pasadena-The Woodlands, TX",325000
76780,2018-03-01,"Philadelphia-Camden-Wilmington, PA-NJ-DE-MD",240000
76781,2018-03-01,"Miami-Fort Lauderdale-West Palm Beach, FL",394900
76782,2018-03-01,"Atlanta-Sandy Springs-Roswell, GA",324900
76783,2018-03-01,"Washington-Arlington-Alexandria, DC-VA-MD-WV",469900
76784,2018-03-01,"Phoenix-Mesa-Chandler, AZ",364900
76785,2018-03-01,"Boston-Cambridge-Newton, MA-NH",574900
76786,2018-03-01,"Detroit-Warren-Dearborn, MI",224900
76787,2018-03-01,"San Francisco-Oakland-Fremont, CA",949499
76788,2018-03-01,"Seattle-Tacoma-Bellevue, WA",550000
76789,2018-03-01,"Riverside-San Bernardino-Ontario, CA",399000
76790,2018-03-01,"Minneapolis-St. Paul-Bloomington, MN-WI",389900
76791,2018-03-01,"Tampa-St. Petersburg-Clearwater, FL",269900
76792,2018-03-01,"Denver-Aurora-Centennial, CO",520000
76793,2018-03-01,"San Diego-Chula Vista-Carlsbad, CA",699000
76794,2018-03-01,"St. Louis, MO-IL",205000
76795,2018-03-01,"Charlotte-Concord-Gastonia, NC-SC",349000
76796,2018-03-01,"Baltimore-Columbia-Towson, MD",299900
76797,2018-03-01,"Orlando-Kissimmee-Sanford, FL",309000
76798,2018-03-01,"Pittsburgh, PA",170000
76799,2018-03-01,"San Antonio-New Braunfels, TX",291000
76800,2018-03-01,"Austin-Round Rock-San Marcos, TX",372943
76801,2018-03-01,"Portland-Vancouver-Hillsboro, OR-WA",495000
76802,2018-03-01,"Cleveland, OH",168250
76803,2018-03-01,"Cincinnati, OH-KY-IN",258900
76804,2018-03-01,"Kansas City, MO-KS",304000
76805,2018-03-01,"Las Vegas-Henderson-North Las Vegas, NV",349000
76806,2018-03-01,"Sacramento-Roseville-Folsom, CA",466950
76807,2018-03-01,"Columbus, OH",280000
76808,2018-03-01,"Indianapolis-Carmel-Greenwood, IN",260400
76809,2018-03-01,"Nashville-Davidson--Murfreesboro--Franklin, TN",384900
76810,2018-03-01,"Virginia Beach-Chesapeake-Norfolk, VA-NC",269000
76811,2018-03-01,"Jacksonville, FL",324900
76812,2018-03-01,"Providence-Warwick, RI-MA",359000
76813,2018-03-01,"San Jose-Sunnyvale-Santa Clara, CA",1286500
76814,2018-03-01,"Milwaukee-Waukesha, WI",232450
76815,2018-03-01,"Raleigh-Cary, NC",368454
76816,2018-03-01,"Oklahoma City, OK",233261
76817,2018-03-01,"Louisville/Jefferson County, KY-IN",254900
76818,2018-03-01,"Richmond, VA",314625
76819,2018-03-01,"Memphis, TN-MS-AR",185000
76820,2018-03-01,"Buffalo-Cheektowaga, NY",175900
76821,2018-03-01,"Birmingham, AL",218900
76822,2018-03-01,"Hartford-West Hartford-East Hartford, CT",299000
76823,2018-03-01,"Tucson, AZ",274900
76824,2018-03-01,"Grand Rapids-Wyoming-Kentwood, MI",269000
76825,2018-03-01,"Rochester, NY",179900
76826,2018-03-01,"Salt Lake City-Murray, UT",402930
76827,2018-03-01,"North Port-Bradenton-Sarasota, FL",351945
76828,2018-03-01,"Tulsa, OK",215000
76829,2018-03-01,"Greenville-Anderson-Greer, SC",274900
76830,2018-03-01,"Knoxville, TN",264900
76831,2018-03-01,"New Orleans-Metairie, LA",274600
76832,2018-03-01,"Omaha, NE-IA",288000
76833,2018-03-01,"Albany-Schenectady-Troy, NY",289900
76834,2018-03-01,"Albuquerque, NM",245000
76835,2018-03-01,"Fresno, CA",309950
76836,2018-03-01,"Bridgeport-Stamford-Danbury, CT",789000
76837,2018-03-01,"Cape Coral-Fort Myers, FL",299900
76838,2018-03-01,"Columbia, SC",200000
76839,2018-03-01,"Charleston-North Charleston, SC",400000
76840,2018-03-01,"Dayton-Kettering-Beavercreek, OH",130000
76841,2018-03-01,"Allentown-Bethlehem-Easton, PA-NJ",225000
76842,2018-03-01,"Baton Rouge, LA",234900
76843,2018-03-01,"Worcester, MA",329900
76844,2018-03-01,"Urban Honolulu, HI",695000
76845,2018-03-01,"Greensboro-High Point, NC",225000
76846,2018-03-01,"Lakeland-Winter Haven, FL",222825
76847,2018-03-01,"Little Rock-North Little Rock-Conway, AR",181700
76848,2018-03-01,"Deltona-Daytona Beach-Ormond Beach, FL",264475
76849,2018-03-01,"Boise City, ID",318995
76850,2018-03-01,"El Paso, TX",169800
76851,2018-03-01,"Madison, WI",355000
76852,2018-03-01,"Des Moines-West Des Moines, IA",289500
76853,2018-03-01,"Akron, OH",145000
76854,2018-03-01,"Winston-Salem, NC",228118
76855,2018-03-01,"Colorado Springs, CO",411850
76856,2018-03-01,"Bakersfield-Delano, CA",250000
76857,2018-03-01,"Palm Bay-Melbourne-Titusville, FL",286333
76858,2018-03-01,"McAllen-Edinburg-Mission, TX",189900
76859,2018-03-01,"Oxnard-Thousand Oaks-Ventura, CA",729900
76860,2018-03-01,"Syracuse, NY",162900
76861,2018-03-01,"Wichita, KS",192500
76862,2018-03-01,"Kiryas Joel-Poughkeepsie-Newburgh, NY",309950
76863,2018-03-01,"Durham-Chapel Hill, NC",400000
76864,2018-03-01,"Toledo, OH",129900
76865,2018-03-01,"Augusta-Richmond County, GA-SC",224900
76866,2018-03-01,"Stockton-Lodi, CA",375000
76867,2018-03-01,"Harrisburg-Carlisle, PA",210000
76868,2018-03-01,"Portland-South Portland, ME",350000
76869,2018-03-01,"Jackson, MS",234900
76870,2018-03-01,"Chattanooga, TN-GA",249900
76871,2018-03-01,"Spokane-Spokane Valley, WA",309900
76872,2018-03-01,"Scranton--Wilkes-Barre, PA",139950
76873,2018-03-01,"New Haven, CT",294900
76874,2018-03-01,"Fayetteville-Springdale-Rogers, AR",283900
77700,2018-02-01,"New York-Newark-Jersey City, NY-NJ",525000
77701,2018-02-01,"Los Angeles-Long Beach-Anaheim, CA",789250
77702,2018-02-01,"Chicago-Naperville-Elgin, IL-IN",304500
77703,2018-02-01,"Dallas-Fort Worth-Arlington, TX",369450
77704,2018-02-01,"Houston-Pasadena-The Woodlands, TX",320412
77705,2018-02-01,"Philadelphia-Camden-Wilmington, PA-NJ-DE-MD",236495
77706,2018-02-01,"Miami-Fort Lauderdale-West Palm Beach, FL",389950
77707,2018-02-01,"Atlanta-Sandy Springs-Roswell, GA",312225
77708,2018-02-01,"Washington-Arlington-Alexandria, DC-VA-MD-WV",444950
77709,2018-02-01,"Phoenix-Mesa-Chandler, AZ",349950
77710,2018-02-01,"Boston-Cambridge-Newton, MA-NH",543950
77711,2018-02-01,"Detroit-Warren-Dearborn, MI",205995
77712,2018-02-01,"San Francisco-Oakland-Fremont, CA",898944
77713,2018-02-01,"Seattle-Tacoma-Bellevue, WA",522475
77714,2018-02-01,"Riverside-San Bernardino-Ontario, CA",390000
77715,2018-02-01,"Minneapolis-St. Paul-Bloomington, MN-WI",387000
77716,2018-02-01,"Tampa-St. Petersburg-Clearwater, FL",267736
77717,2018-02-01,"Denver-Aurora-Centennial, CO",520428
77718,2018-02-01,"San Diego-Chula Vista-Carlsbad, CA",693299
77719,2018-02-01,"St. Louis, MO-IL",193450
77720,2018-02-01,"Charlotte-Concord-Gastonia, NC-SC",338500
77721,2018-02-01,"Baltimore-Columbia-Towson, MD",284998
77722,2018-02-01,"Orlando-Kissimmee-Sanford, FL",299950
77723,2018-02-01,"Pittsburgh, PA",164950
77724,2018-02-01,"San Antonio-New Braunfels, TX",284990
77725,2018-02-01,"Austin-Round Rock-San Marcos, TX",365500
77726,2018-02-01,"Portland-Vancouver-Hillsboro, OR-WA",482475
77727,2018-02-01,"Cleveland, OH",159950
77728,2018-02-01,"Cincinnati, OH-KY-IN",239450
77729,2018-02-01,"Kansas City, MO-KS",296121
77730,2018-02-01,"Las Vegas-Henderson-North Las Vegas, NV",340744
77731,2018-02-01,"Sacramento-Roseville-Folsom, CA",454500
77732,2018-02-01,"Columbus, OH",276493
77733,2018-02-01,"Indianapolis-Carmel-Greenwood, IN",249445
77734,2018-02-01,"Nashville-Davidson--Murfreesboro--Franklin, TN",379986
77735,2018-02-01,"Virginia Beach-Chesapeake-Norfolk, VA-NC",259995
77736,2018-02-01,"Jacksonville, FL",318945
77737,2018-02-01,"Providence-Warwick, RI-MA",349450
77738,2018-02-01,"San Jose-Sunnyvale-Santa Clara, CA",1199444
77739,2018-02-01,"Milwaukee-Waukesha, WI",222400
77740,2018-02-01,"Raleigh-Cary, NC",358750
77741,2018-02-01,"Oklahoma City, OK",224500
77742,2018-02-01,"Louisville/Jefferson County, KY-IN",239950
77743,2018-02-01,"Richmond, VA",299970
77744,2018-02-01,"Memphis, TN-MS-AR",183888
77745,2018-02-01,"Buffalo-Cheektowaga, NY",167029
77746,2018-02-01,"Birmingham, AL",204800
77747,2018-02-01,"Hartford-West Hartford-East Hartford, CT",279900
77748,2018-02-01,"Tucson, AZ",274246
77749,2018-02-01,"Grand Rapids-Wyoming-Kentwood, MI",255703
77750,2018-02-01,"Rochester, NY",169425
77751,2018-02-01,"Salt Lake City-Murray, UT",389998
77752,2018-02-01,"North Port-Bradenton-Sarasota, FL",354950
77753,2018-02-01,"Tulsa, OK",207956
77754,2018-02-01,"Greenville-Anderson-Greer, SC",270200
77755,2018-02-01,"Knoxville, TN",250000
77756,2018-02-01,"New Orleans-Metairie, LA",262500
77757,2018-02-01,"Omaha, NE-IA",282300
77758,2018-02-01,"Albany-Schenectady-Troy, NY",284900
77759,2018-02-01,"Albuquerque, NM",242900
77760,2018-02-01,"Fresno, CA",304950
77761,2018-02-01,"Bridgeport-Stamford-Danbury, CT",756750
77762,2018-02-01,"Cape Coral-Fort Myers, FL",299900
77763,2018-02-01,"Columbia, SC",198750
77764,2018-02-01,"Charleston-North Charleston, SC",398615
77765,2018-02-01,"Dayton-Kettering-Beavercreek, OH",124750
77766,2018-02-01,"Allentown-Bethlehem-Easton, PA-NJ",214100
77767,2018-02-01,"Baton Rouge, LA",225793
77768,2018-02-01,"Worcester, MA",319900
77769,2018-02-01,"Urban Honolulu, HI",695000
77770,2018-02-01,"Greensboro-High Point, NC",214238
77771,2018-02-01,"Lakeland-Winter Haven, FL",219900
77772,2018-02-01,"Little Rock-North Little Rock-Conway, AR",179900
77773,2018-02-01,"Deltona-Daytona Beach-Ormond Beach, FL",259900
77774,2018-02-01,"Boise City, ID",313000
77775,2018-02-01,"El Paso, TX",168238
77776,2018-02-01,"Madison, WI",349900
77777,2018-02-01,"Des Moines-West Des Moines, IA",289178
77778,2018-02-01,"Akron, OH",133900
77779,2018-02-01,"Winston-Salem, NC",218675
77780,2018-02-01,"Colorado Springs, CO",397450
77781,2018-02-01,"Bakersfield-Delano, CA",239950
77782,2018-02-01,"Palm Bay-Melbourne-Titusville, FL",279950
77783,2018-02-01,"McAllen-Edinburg-Mission, TX",189900
77784,2018-02-01,"Oxnard-Thousand Oaks-Ventura, CA",738000
77785,2018-02-01,"Syracuse, NY",154850
77786,2018-02-01,"Wichita, KS",182817
77787,2018-02-01,"Kiryas Joel-Poughkeepsie-Newburgh, NY",299450
77788,2018-02-01,"Durham-Chapel Hill, NC",399950
77789,2018-02-01,"Toledo, OH",119900
77790,2018-02-01,"Augusta-Richmond County, GA-SC",221620
77791,2018-02-01,"Stockton-Lodi, CA",377000
77792,2018-02-01,"Harrisburg-Carlisle, PA",201950
77793,2018-02-01,"Portland-South Portland, ME",349800
77794,2018-02-01,"Jackson, MS",229900
77795,2018-02-01,"Chattanooga, TN-GA",242200
77796,2018-02-01,"Spokane-Spokane Valley, WA",299250
77797,2018-02-01,"Scranton--Wilkes-Barre, PA",135000
77798,2018-02-01,"New Haven, CT",282450
77799,2018-02-01,"Fayetteville-Springdale-Rogers, AR",278550
78625,2018-01-01,"New York-Newark-Jersey City, NY-NJ",504500
78626,2018-01-01,"Los Angeles-Long Beach-Anaheim, CA",778250
78627,2018-01-01,"Chicago-Naperville-Elgin, IL-IN",288700
78628,2018-01-01,"Dallas-Fort Worth-Arlington, TX",354950
78629,2018-01-01,"Houston-Pasadena-The Woodlands, TX",317265
78630,2018-01-01,"Philadelphia-Camden-Wilmington, PA-NJ-DE-MD",229995
78631,2018-01-01,"Miami-Fort Lauderdale-West Palm Beach, FL",390000
78632,2018-01-01,"Atlanta-Sandy Springs-Roswell, GA",303929
78633,2018-01-01,"Washington-Arlington-Alexandria, DC-VA-MD-WV",435225
78634,2018-01-01,"Phoenix-Mesa-Chandler, AZ",339700
78635,2018-01-01,"Boston-Cambridge-Newton, MA-NH",529450
78636,2018-01-01,"Detroit-Warren-Dearborn, MI",199900
78637,2018-01-01,"San Francisco-Oakland-Fremont, CA",843944
78638,2018-01-01,"Seattle-Tacoma-Bellevue, WA",494878
78639,2018-01-01,"Riverside-San Bernardino-Ontario, CA",389900
78640,2018-01-01,"Minneapolis-St. Paul-Bloomington, MN-WI",372500
78641,2018-01-01,"Tampa-St. Petersburg-Clearwater, FL",266250
78642,2018-01-01,"Denver-Aurora-Centennial, CO",521911
78643,2018-01-01,"San Diego-Chula Vista-Carlsbad, CA",679450
78644,2018-01-01,"St. Louis, MO-IL",189400
78645,2018-01-01,"Charlotte-Concord-Gastonia, NC-SC",337400
78646,2018-01-01,"Baltimore-Columbia-Towson, MD",284973
78647,2018-01-01,"Orlando-Kissimmee-Sanford, FL",299000
78648,2018-01-01,"Pittsburgh, PA",164900
78649,2018-01-01,"San Antonio-New Braunfels, TX",283925
78650,2018-01-01,"Austin-Round Rock-San Marcos, TX",359920
78651,2018-01-01,"Portland-Vancouver-Hillsboro, OR-WA",476538
78652,2018-01-01,"Cleveland, OH",158250
78653,2018-01-01,"Cincinnati, OH-KY-IN",225500
78654,2018-01-01,"Kansas City, MO-KS",280741
78655,2018-01-01,"Las Vegas-Henderson-North Las Vegas, NV",341998
78656,2018-01-01,"Sacramento-Roseville-Folsom, CA",445315
78657,2018-01-01,"Columbus, OH",254450
78658,2018-01-01,"Indianapolis-Carmel-Greenwood, IN",232076
78659,2018-01-01,"Nashville-Davidson--Murfreesboro--Franklin, TN",381423
78660,2018-01-01,"Virginia Beach-Chesapeake-Norfolk, VA-NC",260000
78661,2018-01-01,"Jacksonville, FL",311800
78662,2018-01-01,"Providence-Warwick, RI-MA",339900
78663,2018-01-01,"San Jose-Sunnyvale-Santa Clara, CA",1110250
78664,2018-01-01,"Milwaukee-Waukesha, WI",213950
78665,2018-01-01,"Raleigh-Cary, NC",350639
78666,2018-01-01,"Oklahoma City, OK",224700
78667,2018-01-01,"Louisville/Jefferson County, KY-IN",233400
78668,2018-01-01,"Richmond, VA",290306
78669,2018-01-01,"Memphis, TN-MS-AR",186000
78670,2018-01-01,"Buffalo-Cheektowaga, NY",159923
78671,2018-01-01,"Birmingham, AL",199900
78672,2018-01-01,"Hartford-West Hartford-East Hartford, CT",279900
78673,2018-01-01,"Tucson, AZ",266950
78674,2018-01-01,"Grand Rapids-Wyoming-Kentwood, MI",249450
78675,2018-01-01,"Rochester, NY",159900
78676,2018-01-01,"Salt Lake City-Murray, UT",386923
78677,2018-01-01,"North Port-Bradenton-Sarasota, FL",352500
78678,2018-01-01,"Tulsa, OK",203000
78679,2018-01-01,"Greenville-Anderson-Greer, SC",269448
78680,2018-01-01,"Knoxville, TN",249900
78681,2018-01-01,"New Orleans-Metairie, LA",267025
78682,2018-01-01,"Omaha, NE-IA",268225
78683,2018-01-01,"Albany-Schenectady-Troy, NY",277450
78684,2018-01-01,"Albuquerque, NM",239000
78685,2018-01-01,"Fresno, CA",305680
78686,2018-01-01,"Bridgeport-Stamford-Danbury, CT",709900
78687,2018-01-01,"Cape Coral-Fort Myers, FL",299900
78688,2018-01-01,"Columbia, SC",199000
78689,2018-01-01,"Charleston-North Charleston, SC",393945
78690,2018-01-01,"Dayton-Kettering-Beavercreek, OH",119900
78691,2018-01-01,"Allentown-Bethlehem-Easton, PA-NJ",209950
78692,2018-01-01,"Baton Rouge, LA",225000
78693,2018-01-01,"Worcester, MA",309950
78694,2018-01-01,"Urban Honolulu, HI",699000
78695,2018-01-01,"Greensboro-High Point, NC",205000
78696,2018-01-01,"Lakeland-Winter Haven, FL",219000
78697,2018-01-01,"Little Rock-North Little Rock-Conway, AR",175450
78698,2018-01-01,"Deltona-Daytona Beach-Ormond Beach, FL",259900
78699,2018-01-01,"Boise City, ID",299495
78700,2018-01-01,"El Paso, TX",167950
78701,2018-01-01,"Madison, WI",329950
78702,2018-01-01,"Des Moines-West Des Moines, IA",281250
78703,2018-01-01,"Akron, OH",132825
78704,2018-01-01,"Winston-Salem, NC",204150
78705,2018-01-01,"Colorado Springs, CO",388187
78706,2018-01-01,"Bakersfield-Delano, CA",236097
78707,2018-01-01,"Palm Bay-Melbourne-Titusville, FL",279450
78708,2018-01-01,"McAllen-Edinburg-Mission, TX",189000
78709,2018-01-01,"Oxnard-Thousand Oaks-Ventura, CA",748350
78710,2018-01-01,"Syracuse, NY",148950
78711,2018-01-01,"Wichita, KS",174900
78712,2018-01-01,"Kiryas Joel-Poughkeepsie-Newburgh, NY",297075
78713,2018-01-01,"Durham-Chapel Hill, NC",387000
78714,2018-01-01,"Toledo, OH",119900
78715,2018-01-01,"Augusta-Richmond County, GA-SC",219000
78716,2018-01-01,"Stockton-Lodi, CA",383500
78717,2018-01-01,"Harrisburg-Carlisle, PA",197200
78718,2018-01-01,"Portland-South Portland, ME",342500
78719,2018-01-01,"Jackson, MS",229500
78720,2018-01-01,"Chattanooga, TN-GA",235000
78721,2018-01-01,"Spokane-Spokane Valley, WA",285000
78722,2018-01-01,"Scranton--Wilkes-Barre, PA",133975
78723,2018-01-01,"New Haven, CT",277250
78724,2018-01-01,"Fayetteville-Springdale-Rogers, AR",267600
79550,2017-12-01,"New York-Newark-Jersey City, NY-NJ",510000
79551,2017-12-01,"Los Angeles-Long Beach-Anaheim, CA",778000
79552,2017-12-01,"Chicago-Naperville-Elgin, IL-IN",289899
79553,2017-12-01,"Dallas-Fort Worth-Arlington, TX",349990
79554,2017-12-01,"Houston-Pasadena-The Woodlands, TX",314977
79555,2017-12-01,"Philadelphia-Camden-Wilmington, PA-NJ-DE-MD",238000
79556,2017-12-01,"Miami-Fort Lauderdale-West Palm Beach, FL",390000
79557,2017-12-01,"Atlanta-Sandy Springs-Roswell, GA",299900
79558,2017-12-01,"Washington-Arlington-Alexandria, DC-VA-MD-WV",434990
79559,2017-12-01,"Phoenix-Mesa-Chandler, AZ",334900
79560,2017-12-01,"Boston-Cambridge-Newton, MA-NH",529000
79561,2017-12-01,"Detroit-Warren-Dearborn, MI",209900
79562,2017-12-01,"San Francisco-Oakland-Fremont, CA",879000
79563,2017-12-01,"Seattle-Tacoma-Bellevue, WA",494853
79564,2017-12-01,"Riverside-San Bernardino-Ontario, CA",389900
79565,2017-12-01,"Minneapolis-St. Paul-Bloomington, MN-WI",367700
79566,2017-12-01,"Tampa-St. Petersburg-Clearwater, FL",265000
79567,2017-12-01,"Denver-Aurora-Centennial, CO",519500
79568,2017-12-01,"San Diego-Chula Vista-Carlsbad, CA",679000
79569,2017-12-01,"St. Louis, MO-IL",189750
79570,2017-12-01,"Charlotte-Concord-Gastonia, NC-SC",331500
79571,2017-12-01,"Baltimore-Columbia-Towson, MD",285000
79572,2017-12-01,"Orlando-Kissimmee-Sanford, FL",297990
79573,2017-12-01,"Pittsburgh, PA",165000
79574,2017-12-01,"San Antonio-New Braunfels, TX",281142
79575,2017-12-01,"Austin-Round Rock-San Marcos, TX",362328
79576,2017-12-01,"Portland-Vancouver-Hillsboro, OR-WA",475000
79577,2017-12-01,"Cleveland, OH",159000
79578,2017-12-01,"Cincinnati, OH-KY-IN",220950
79579,2017-12-01,"Kansas City, MO-KS",265000
79580,2017-12-01,"Las Vegas-Henderson-North Las Vegas, NV",325000
79581,2017-12-01,"Sacramento-Roseville-Folsom, CA",439000
79582,2017-12-01,"Columbus, OH",244900
79583,2017-12-01,"Indianapolis-Carmel-Greenwood, IN",224900
79584,2017-12-01,"Nashville-Davidson--Murfreesboro--Franklin, TN",379900
79585,2017-12-01,"Virginia Beach-Chesapeake-Norfolk, VA-NC",260000
79586,2017-12-01,"Jacksonville, FL",305000
79587,2017-12-01,"Providence-Warwick, RI-MA",339900
79588,2017-12-01,"San Jose-Sunnyvale-Santa Clara, CA",1150000
79589,2017-12-01,"Milwaukee-Waukesha, WI",214900
79590,2017-12-01,"Raleigh-Cary, NC",355995
79591,2017-12-01,"Oklahoma City, OK",224850
79592,2017-12-01,"Louisville/Jefferson County, KY-IN",226627
79593,2017-12-01,"Richmond, VA",289950
79594,2017-12-01,"Memphis, TN-MS-AR",185000
79595,2017-12-01,"Buffalo-Cheektowaga, NY",169500
79596,2017-12-01,"Birmingham, AL",203325
79597,2017-12-01,"Hartford-West Hartford-East Hartford, CT",282200
79598,2017-12-01,"Tucson, AZ",260000
79599,2017-12-01,"Grand Rapids-Wyoming-Kentwood, MI",239900
79600,2017-12-01,"Rochester, NY",164900
79601,2017-12-01,"Salt Lake City-Murray, UT",375000
79602,2017-12-01,"North Port-Bradenton-Sarasota, FL",349990
79603,2017-12-01,"Tulsa, OK",200000
79604,2017-12-01,"Greenville-Anderson-Greer, SC",269250
79605,2017-12-01,"Knoxville, TN",249900
79606,2017-12-01,"New Orleans-Metairie, LA",265000
79607,2017-12-01,"Omaha, NE-IA",265000
79608,2017-12-01,"Albany-Schenectady-Troy, NY",269950
79609,2017-12-01,"Albuquerque, NM",236990
79610,2017-12-01,"Fresno, CA",309000
79611,2017-12-01,"Bridgeport-Stamford-Danbury, CT",699900
79612,2017-12-01,"Cape Coral-Fort Myers, FL",299900
79613,2017-12-01,"Columbia, SC",199500
79614,2017-12-01,"Charleston-North Charleston, SC",395000
79615,2017-12-01,"Dayton-Kettering-Beavercreek, OH",121450
79616,2017-12-01,"Allentown-Bethlehem-Easton, PA-NJ",219900
79617,2017-12-01,"Baton Rouge, LA",225000
79618,2017-12-01,"Worcester, MA",309900
79619,2017-12-01,"Urban Honolulu, HI",699450
79620,2017-12-01,"Greensboro-High Point, NC",199500
79621,2017-12-01,"Lakeland-Winter Haven, FL",219000
79622,2017-12-01,"Little Rock-North Little Rock-Conway, AR",174900
79623,2017-12-01,"Deltona-Daytona Beach-Ormond Beach, FL",260000
79624,2017-12-01,"Boise City, ID",299000
79625,2017-12-01,"El Paso, TX",168450
79626,2017-12-01,"Madison, WI",319900
79627,2017-12-01,"Des Moines-West Des Moines, IA",276863
79628,2017-12-01,"Akron, OH",138950
79629,2017-12-01,"Winston-Salem, NC",200000
79630,2017-12-01,"Colorado Springs, CO",379500
79631,2017-12-01,"Bakersfield-Delano, CA",239000
79632,2017-12-01,"Palm Bay-Melbourne-Titusville, FL",279000
79633,2017-12-01,"McAllen-Edinburg-Mission, TX",189950
79634,2017-12-01,"Oxnard-Thousand Oaks-Ventura, CA",749900
79635,2017-12-01,"Syracuse, NY",150000
79636,2017-12-01,"Wichita, KS",172500
79637,2017-12-01,"Kiryas Joel-Poughkeepsie-Newburgh, NY",299000
79638,2017-12-01,"Durham-Chapel Hill, NC",385000
79639,2017-12-01,"Toledo, OH",122900
79640,2017-12-01,"Augusta-Richmond County, GA-SC",215900
79641,2017-12-01,"Stockton-Lodi, CA",379900
79642,2017-12-01,"Harrisburg-Carlisle, PA",188400
79643,2017-12-01,"Portland-South Portland, ME",339949
79644,2017-12-01,"Jackson, MS",232000
79645,2017-12-01,"Chattanooga, TN-GA",239900
79646,2017-12-01,"Spokane-Spokane Valley, WA",275000
79647,2017-12-01,"Scranton--Wilkes-Barre, PA",137900
79648,2017-12-01,"New Haven, CT",279900
79649,2017-12-01,"Fayetteville-Springdale-Rogers, AR",265000
80475,2017-11-01,"New York-Newark-Jersey City, NY-NJ",519450
80476,2017-11-01,"Los Angeles-Long Beach-Anaheim, CA",769499
80477,2017-11-01,"Chicago-Naperville-Elgin, IL-IN",297000
80478,2017-11-01,"Dallas-Fort Worth-Arlington, TX",350000
80479,2017-11-01,"Houston-Pasadena-The Woodlands, TX",314950
80480,2017-11-01,"Philadelphia-Camden-Wilmington, PA-NJ-DE-MD",242450
80481,2017-11-01,"Miami-Fort Lauderdale-West Palm Beach, FL",390000
80482,2017-11-01,"Atlanta-Sandy Springs-Roswell, GA",299400
80483,2017-11-01,"Washington-Arlington-Alexandria, DC-VA-MD-WV",444995
80484,2017-11-01,"Phoenix-Mesa-Chandler, AZ",330000
80485,2017-11-01,"Boston-Cambridge-Newton, MA-NH",539948
80486,2017-11-01,"Detroit-Warren-Dearborn, MI",216063
80487,2017-11-01,"San Francisco-Oakland-Fremont, CA",899000
80488,2017-11-01,"Seattle-Tacoma-Bellevue, WA",492475
80489,2017-11-01,"Riverside-San Bernardino-Ontario, CA",389250
80490,2017-11-01,"Minneapolis-St. Paul-Bloomington, MN-WI",349900
80491,2017-11-01,"Tampa-St. Petersburg-Clearwater, FL",268880
80492,2017-11-01,"Denver-Aurora-Centennial, CO",494010
80493,2017-11-01,"San Diego-Chula Vista-Carlsbad, CA",664950
80494,2017-11-01,"St. Louis, MO-IL",194200
80495,2017-11-01,"Charlotte-Concord-Gastonia, NC-SC",332864
80496,2017-11-01,"Baltimore-Columbia-Towson, MD",294950
80497,2017-11-01,"Orlando-Kissimmee-Sanford, FL",298900
80498,2017-11-01,"Pittsburgh, PA",169900
80499,2017-11-01,"San Antonio-New Braunfels, TX",279950
80500,2017-11-01,"Austin-Round Rock-San Marcos, TX",365000
80501,2017-11-01,"Portland-Vancouver-Hillsboro, OR-WA",469950
80502,2017-11-01,"Cleveland, OH",159950
80503,2017-11-01,"Cincinnati, OH-KY-IN",225000
80504,2017-11-01,"Kansas City, MO-KS",269900
80505,2017-11-01,"Las Vegas-Henderson-North Las Vegas, NV",320950
80506,2017-11-01,"Sacramento-Roseville-Folsom, CA",439945
80507,2017-11-01,"Columbus, OH",247942
80508,2017-11-01,"Indianapolis-Carmel-Greenwood, IN",225000
80509,2017-11-01,"Nashville-Davidson--Murfreesboro--Franklin, TN",379900
80510,2017-11-01,"Virginia Beach-Chesapeake-Norfolk, VA-NC",263998
80511,2017-11-01,"Jacksonville, FL",309945
80512,2017-11-01,"Providence-Warwick, RI-MA",348875
80513,2017-11-01,"San Jose-Sunnyvale-Santa Clara, CA",1161000
80514,2017-11-01,"Milwaukee-Waukesha, WI",219575
80515,2017-11-01,"Raleigh-Cary, NC",359450
80516,2017-11-01,"Oklahoma City, OK",222725
80517,2017-11-01,"Louisville/Jefferson County, KY-IN",229900
80518,2017-11-01,"Richmond, VA",295167
80519,2017-11-01,"Memphis, TN-MS-AR",189900
80520,2017-11-01,"Buffalo-Cheektowaga, NY",169900
80521,2017-11-01,"Birmingham, AL",205000
80522,2017-11-01,"Hartford-West Hartford-East Hartford, CT",284900
80523,2017-11-01,"Tucson, AZ",261875
80524,2017-11-01,"Grand Rapids-Wyoming-Kentwood, MI",239900
80525,2017-11-01,"Rochester, NY",164900
80526,2017-11-01,"Salt Lake City-Murray, UT",370923
80527,2017-11-01,"North Port-Bradenton-Sarasota, FL",349920
80528,2017-11-01,"Tulsa, OK",206000
80529,2017-11-01,"Greenville-Anderson-Greer, SC",269900
80530,2017-11-01,"Knoxville, TN",251950
80531,2017-11-01,"New Orleans-Metairie, LA",267619
80532,2017-11-01,"Omaha, NE-IA",267000
80533,2017-11-01,"Albany-Schenectady-Troy, NY",265450
80534,2017-11-01,"Albuquerque, NM",239855
80535,2017-11-01,"Fresno, CA",309762
80536,2017-11-01,"Bridgeport-Stamford-Danbury, CT",704450
80537,2017-11-01,"Cape Coral-Fort Myers, FL",299700
80538,2017-11-01,"Columbia, SC",199750
80539,2017-11-01,"Charleston-North Charleston, SC",394992
80540,2017-11-01,"Dayton-Kettering-Beavercreek, OH",128300
80541,2017-11-01,"Allentown-Bethlehem-Easton, PA-NJ",219900
80542,2017-11-01,"Baton Rouge, LA",227000
80543,2017-11-01,"Worcester, MA",309900
80544,2017-11-01,"Urban Honolulu, HI",692500
80545,2017-11-01,"Greensboro-High Point, NC",203425
80546,2017-11-01,"Lakeland-Winter Haven, FL",220450
80547,2017-11-01,"Little Rock-North Little Rock-Conway, AR",174500
80548,2017-11-01,"Deltona-Daytona Beach-Ormond Beach, FL",261900
80549,2017-11-01,"Boise City, ID",295450
80550,2017-11-01,"El Paso, TX",168375
80551,2017-11-01,"Madison, WI",314900
80552,2017-11-01,"Des Moines-West Des Moines, IA",275000
80553,2017-11-01,"Akron, OH",139950
80554,2017-11-01,"Winston-Salem, NC",207450
80555,2017-11-01,"Colorado Springs, CO",370049
80556,2017-11-01,"Bakersfield-Delano, CA",243750
80557,2017-11-01,"Palm Bay-Melbourne-Titusville, FL",279900
80558,2017-11-01,"McAllen-Edinburg-Mission, TX",194438
80559,2017-11-01,"Oxnard-Thousand Oaks-Ventura, CA",749450
80560,2017-11-01,"Syracuse, NY",154900
80561,2017-11-01,"Wichita, KS",173700
80562,2017-11-01,"Kiryas Joel-Poughkeepsie-Newburgh, NY",298200
80563,2017-11-01,"Durham-Chapel Hill, NC",388778
80564,2017-11-01,"Toledo, OH",126500
80565,2017-11-01,"Augusta-Richmond County, GA-SC",217540
80566,2017-11-01,"Stockton-Lodi, CA",375375
80567,2017-11-01,"Harrisburg-Carlisle, PA",185450
80568,2017-11-01,"Portland-South Portland, ME",339450
80569,2017-11-01,"Jackson, MS",229450
80570,2017-11-01,"Chattanooga, TN-GA",235000
80571,2017-11-01,"Spokane-Spokane Valley, WA",268000
80572,2017-11-01,"Scranton--Wilkes-Barre, PA",139900
80573,2017-11-01,"New Haven, CT",282400
80574,2017-11-01,"Fayetteville-Springdale-Rogers, AR",269950
81400,2017-10-01,"New York-Newark-Jersey City, NY-NJ",522500
81401,2017-10-01,"Los Angeles-Long Beach-Anaheim, CA",766450
81402,2017-10-01,"Chicago-Naperville-Elgin, IL-IN",299950
81403,2017-10-01,"Dallas-Fort Worth-Arlington, TX",350417
81404,2017-10-01,"Houston-Pasadena-The Woodlands, TX",310000
81405,2017-10-01,"Philadelphia-Camden-Wilmington, PA-NJ-DE-MD",249945
81406,2017-10-01,"Miami-Fort Lauderdale-West Palm Beach, FL",389450
81407,2017-10-01,"Atlanta-Sandy Springs-Roswell, GA",297950
81408,2017-10-01,"Washington-Arlington-Alexandria, DC-VA-MD-WV",449900
81409,2017-10-01,"Phoenix-Mesa-Chandler, AZ",329900
81410,2017-10-01,"Boston-Cambridge-Newton, MA-NH",539844
81411,2017-10-01,"Detroit-Warren-Dearborn, MI",221450
81412,2017-10-01,"San Francisco-Oakland-Fremont, CA",899000
81413,2017-10-01,"Seattle-Tacoma-Bellevue, WA",489998
81414,2017-10-01,"Riverside-San Bernardino-Ontario, CA",385000
81415,2017-10-01,"Minneapolis-St. Paul-Bloomington, MN-WI",339550
81416,2017-10-01,"Tampa-St. Petersburg-Clearwater, FL",267245
81417,2017-10-01,"Denver-Aurora-Centennial, CO",484950
81418,2017-10-01,"San Diego-Chula Vista-Carlsbad, CA",674500
81419,2017-10-01,"St. Louis, MO-IL",199450
81420,2017-10-01,"Charlotte-Concord-Gastonia, NC-SC",338003
81421,2017-10-01,"Baltimore-Columbia-Towson, MD",299900
81422,2017-10-01,"Orlando-Kissimmee-Sanford, FL",298935
81423,2017-10-01,"Pittsburgh, PA",169900
81424,2017-10-01,"San Antonio-New Braunfels, TX",280000
81425,2017-10-01,"Austin-Round Rock-San Marcos, TX",365000
81426,2017-10-01,"Portland-Vancouver-Hillsboro, OR-WA",469250
81427,2017-10-01,"Cleveland, OH",163538
81428,2017-10-01,"Cincinnati, OH-KY-IN",228350
81429,2017-10-01,"Kansas City, MO-KS",267000
81430,2017-10-01,"Las Vegas-Henderson-North Las Vegas, NV",320000
81431,2017-10-01,"Sacramento-Roseville-Folsom, CA",439450
81432,2017-10-01,"Columbus, OH",249700
81433,2017-10-01,"Indianapolis-Carmel-Greenwood, IN",224900
81434,2017-10-01,"Nashville-Davidson--Murfreesboro--Franklin, TN",381250
81435,2017-10-01,"Virginia Beach-Chesapeake-Norfolk, VA-NC",265000
81436,2017-10-01,"Jacksonville, FL",309397
81437,2017-10-01,"Providence-Warwick, RI-MA",349450
81438,2017-10-01,"San Jose-Sunnyvale-Santa Clara, CA",1116944
81439,2017-10-01,"Milwaukee-Waukesha, WI",219900
81440,2017-10-01,"Raleigh-Cary, NC",359995
81441,2017-10-01,"Oklahoma City, OK",224365
81442,2017-10-01,"Louisville/Jefferson County, KY-IN",230725
81443,2017-10-01,"Richmond, VA",297250
81444,2017-10-01,"Memphis, TN-MS-AR",192950
81445,2017-10-01,"Buffalo-Cheektowaga, NY",174900
81446,2017-10-01,"Birmingham, AL",209900
81447,2017-10-01,"Hartford-West Hartford-East Hartford, CT",286850
81448,2017-10-01,"Tucson, AZ",259425
81449,2017-10-01,"Grand Rapids-Wyoming-Kentwood, MI",239900
81450,2017-10-01,"Rochester, NY",166700
81451,2017-10-01,"Salt Lake City-Murray, UT",376419
81452,2017-10-01,"North Port-Bradenton-Sarasota, FL",349850
81453,2017-10-01,"Tulsa, OK",209900
81454,2017-10-01,"Greenville-Anderson-Greer, SC",271094
81455,2017-10-01,"Knoxville, TN",249900
81456,2017-10-01,"New Orleans-Metairie, LA",266944
81457,2017-10-01,"Omaha, NE-IA",259950
81458,2017-10-01,"Albany-Schenectady-Troy, NY",267475
81459,2017-10-01,"Albuquerque, NM",239900
81460,2017-10-01,"Fresno, CA",305000
81461,2017-10-01,"Bridgeport-Stamford-Danbury, CT",727000
81462,2017-10-01,"Cape Coral-Fort Myers, FL",298246
81463,2017-10-01,"Columbia, SC",199900
81464,2017-10-01,"Charleston-North Charleston, SC",395595
81465,2017-10-01,"Dayton-Kettering-Beavercreek, OH",129950
81466,2017-10-01,"Allentown-Bethlehem-Easton, PA-NJ",221000
81467,2017-10-01,"Baton Rouge, LA",228488
81468,2017-10-01,"Worcester, MA",304900
81469,2017-10-01,"Urban Honolulu, HI",692222
81470,2017-10-01,"Greensboro-High Point, NC",215950
81471,2017-10-01,"Lakeland-Winter Haven, FL",219450
81472,2017-10-01,"Little Rock-North Little Rock-Conway, AR",174000
81473,2017-10-01,"Deltona-Daytona Beach-Ormond Beach, FL",259913
81474,2017-10-01,"Boise City, ID",289900
81475,2017-10-01,"El Paso, TX",167725
81476,2017-10-01,"Madison, WI",307400
81477,2017-10-01,"Des Moines-West Des Moines, IA",272543
81478,2017-10-01,"Akron, OH",143950
81479,2017-10-01,"Winston-Salem, NC",203450
81480,2017-10-01,"Colorado Springs, CO",366697
81481,2017-10-01,"Bakersfield-Delano, CA",248250
81482,2017-10-01,"Palm Bay-Melbourne-Titusville, FL",279900
81483,2017-10-01,"McAllen-Edinburg-Mission, TX",192125
81484,2017-10-01,"Oxnard-Thousand Oaks-Ventura, CA",757450
81485,2017-10-01,"Syracuse, NY",159446
81486,2017-10-01,"Wichita, KS",172750
81487,2017-10-01,"Kiryas Joel-Poughkeepsie-Newburgh, NY",299175
81488,2017-10-01,"Durham-Chapel Hill, NC",387475
81489,2017-10-01,"Toledo, OH",130950
81490,2017-10-01,"Augusta-Richmond County, GA-SC",214900
81491,2017-10-01,"Stockton-Lodi, CA",375000
81492,2017-10-01,"Harrisburg-Carlisle, PA",189375
81493,2017-10-01,"Portland-South Portland, ME",339950
81494,2017-10-01,"Jackson, MS",230200
81495,2017-10-01,"Chattanooga, TN-GA",243575
81496,2017-10-01,"Spokane-Spokane Valley, WA",272450
81497,2017-10-01,"Scranton--Wilkes-Barre, PA",142975
81498,2017-10-01,"New Haven, CT",289900
81499,2017-10-01,"Fayetteville-Springdale-Rogers, AR",274700
82325,2017-09-01,"New York-Newark-Jersey City, NY-NJ",505000
82326,2017-09-01,"Los Angeles-Long Beach-Anaheim, CA",769000
82327,2017-09-01,"Chicago-Naperville-Elgin, IL-IN",300000
82328,2017-09-01,"Dallas-Fort Worth-Arlington, TX",350000
82329,2017-09-01,"Houston-Pasadena-The Woodlands, TX",306593
82330,2017-09-01,"Philadelphia-Camden-Wilmington, PA-NJ-DE-MD",246945
82331,2017-09-01,"Miami-Fort Lauderdale-West Palm Beach, FL",390000
82332,2017-09-01,"Atlanta-Sandy Springs-Roswell, GA",296900
82333,2017-09-01,"Washington-Arlington-Alexandria, DC-VA-MD-WV",450000
82334,2017-09-01,"Phoenix-Mesa-Chandler, AZ",329900
82335,2017-09-01,"Boston-Cambridge-Newton, MA-NH",529900
82336,2017-09-01,"Detroit-Warren-Dearborn, MI",225000
82337,2017-09-01,"San Francisco-Oakland-Fremont, CA",874900
82338,2017-09-01,"Seattle-Tacoma-Bellevue, WA",489000
82339,2017-09-01,"Riverside-San Bernardino-Ontario, CA",384900
82340,2017-09-01,"Minneapolis-St. Paul-Bloomington, MN-WI",335000
82341,2017-09-01,"Tampa-St. Petersburg-Clearwater, FL",269500
82342,2017-09-01,"Denver-Aurora-Centennial, CO",484900
82343,2017-09-01,"San Diego-Chula Vista-Carlsbad, CA",679000
82344,2017-09-01,"St. Louis, MO-IL",195900
82345,2017-09-01,"Charlotte-Concord-Gastonia, NC-SC",337500
82346,2017-09-01,"Baltimore-Columbia-Towson, MD",302238
82347,2017-09-01,"Orlando-Kissimmee-Sanford, FL",299000
82348,2017-09-01,"Pittsburgh, PA",169900
82349,2017-09-01,"San Antonio-New Braunfels, TX",283159
82350,2017-09-01,"Austin-Round Rock-San Marcos, TX",370839
82351,2017-09-01,"Portland-Vancouver-Hillsboro, OR-WA",469000
82352,2017-09-01,"Cleveland, OH",165000
82353,2017-09-01,"Cincinnati, OH-KY-IN",235528
82354,2017-09-01,"Kansas City, MO-KS",269500
82355,2017-09-01,"Las Vegas-Henderson-North Las Vegas, NV",319994
82356,2017-09-01,"Sacramento-Roseville-Folsom, CA",449000
82357,2017-09-01,"Columbus, OH",250000
82358,2017-09-01,"Indianapolis-Carmel-Greenwood, IN",228825
82359,2017-09-01,"Nashville-Davidson--Murfreesboro--Franklin, TN",387990
82360,2017-09-01,"Virginia Beach-Chesapeake-Norfolk, VA-NC",264500
82361,2017-09-01,"Jacksonville, FL",304000
82362,2017-09-01,"Providence-Warwick, RI-MA",349900
82363,2017-09-01,"San Jose-Sunnyvale-Santa Clara, CA",1099000
82364,2017-09-01,"Milwaukee-Waukesha, WI",225000
82365,2017-09-01,"Raleigh-Cary, NC",363231
82366,2017-09-01,"Oklahoma City, OK",224995
82367,2017-09-01,"Louisville/Jefferson County, KY-IN",238900
82368,2017-09-01,"Richmond, VA",296995
82369,2017-09-01,"Memphis, TN-MS-AR",197250
82370,2017-09-01,"Buffalo-Cheektowaga, NY",178000
82371,2017-09-01,"Birmingham, AL",209900
82372,2017-09-01,"Hartford-West Hartford-East Hartford, CT",289900
82373,2017-09-01,"Tucson, AZ",256325
82374,2017-09-01,"Grand Rapids-Wyoming-Kentwood, MI",239900
82375,2017-09-01,"Rochester, NY",169900
82376,2017-09-01,"Salt Lake City-Murray, UT",380000
82377,2017-09-01,"North Port-Bradenton-Sarasota, FL",350000
82378,2017-09-01,"Tulsa, OK",210000
82379,2017-09-01,"Greenville-Anderson-Greer, SC",269900
82380,2017-09-01,"Knoxville, TN",250000
82381,2017-09-01,"New Orleans-Metairie, LA",268000
82382,2017-09-01,"Omaha, NE-IA",262250
82383,2017-09-01,"Albany-Schenectady-Troy, NY",269000
82384,2017-09-01,"Albuquerque, NM",242768
82385,2017-09-01,"Fresno, CA",300000
82386,2017-09-01,"Bridgeport-Stamford-Danbury, CT",723700
82387,2017-09-01,"Cape Coral-Fort Myers, FL",298000
82388,2017-09-01,"Columbia, SC",199000
82389,2017-09-01,"Charleston-North Charleston, SC",396070
82390,2017-09-01,"Dayton-Kettering-Beavercreek, OH",130000
82391,2017-09-01,"Allentown-Bethlehem-Easton, PA-NJ",222000
82392,2017-09-01,"Baton Rouge, LA",226603
82393,2017-09-01,"Worcester, MA",309900
82394,2017-09-01,"Urban Honolulu, HI",695000
82395,2017-09-01,"Greensboro-High Point, NC",215000
82396,2017-09-01,"Lakeland-Winter Haven, FL",219500
82397,2017-09-01,"Little Rock-North Little Rock-Conway, AR",174900
82398,2017-09-01,"Deltona-Daytona Beach-Ormond Beach, FL",264900
82399,2017-09-01,"Boise City, ID",284900
82400,2017-09-01,"El Paso, TX",167950
82401,2017-09-01,"Madison, WI",319000
82402,2017-09-01,"Des Moines-West Des Moines, IA",270000
82403,2017-09-01,"Akron, OH",148000
82404,2017-09-01,"Winston-Salem, NC",199900
82405,2017-09-01,"Colorado Springs, CO",365000
82406,2017-09-01,"Bakersfield-Delano, CA",249000
82407,2017-09-01,"Palm Bay-Melbourne-Titusville, FL",280000
82408,2017-09-01,"McAllen-Edinburg-Mission, TX",189900
82409,2017-09-01,"Oxnard-Thousand Oaks-Ventura, CA",749900
82410,2017-09-01,"Syracuse, NY",159900
82411,2017-09-01,"Wichita, KS",177500
82412,2017-09-01,"Kiryas Joel-Poughkeepsie-Newburgh, NY",299000
82413,2017-09-01,"Durham-Chapel Hill, NC",390917
82414,2017-09-01,"Toledo, OH",129900
82415,2017-09-01,"Augusta-Richmond County, GA-SC",216900
82416,2017-09-01,"Stockton-Lodi, CA",378900
82417,2017-09-01,"Harrisburg-Carlisle, PA",189900
82418,2017-09-01,"Portland-South Portland, ME",344000
82419,2017-09-01,"Jackson, MS",230500
82420,2017-09-01,"Chattanooga, TN-GA",245000
82421,2017-09-01,"Spokane-Spokane Valley, WA",275000
82422,2017-09-01,"Scranton--Wilkes-Barre, PA",143000
82423,2017-09-01,"New Haven, CT",289000
82424,2017-09-01,"Fayetteville-Springdale-Rogers, AR",275000
83250,2017-08-01,"New York-Newark-Jersey City, NY-NJ",499750
83251,2017-08-01,"Los Angeles-Long Beach-Anaheim, CA",769394
83252,2017-08-01,"Chicago-Naperville-Elgin, IL-IN",307653
83253,2017-08-01,"Dallas-Fort Worth-Arlington, TX",357000
83254,2017-08-01,"Houston-Pasadena-The Woodlands, TX",306500
83255,2017-08-01,"Philadelphia-Camden-Wilmington, PA-NJ-DE-MD",248000
83256,2017-08-01,"Miami-Fort Lauderdale-West Palm Beach, FL",391000
83257,2017-08-01,"Atlanta-Sandy Springs-Roswell, GA",295000
83258,2017-08-01,"Washington-Arlington-Alexandria, DC-VA-MD-WV",449950
83259,2017-08-01,"Phoenix-Mesa-Chandler, AZ",329900
83260,2017-08-01,"Boston-Cambridge-Newton, MA-NH",529725
83261,2017-08-01,"Detroit-Warren-Dearborn, MI",226700
83262,2017-08-01,"San Francisco-Oakland-Fremont, CA",849500
83263,2017-08-01,"Seattle-Tacoma-Bellevue, WA",487448
83264,2017-08-01,"Riverside-San Bernardino-Ontario, CA",380000
83265,2017-08-01,"Minneapolis-St. Paul-Bloomington, MN-WI",329900
83266,2017-08-01,"Tampa-St. Petersburg-Clearwater, FL",269900
83267,2017-08-01,"Denver-Aurora-Centennial, CO",484275
83268,2017-08-01,"San Diego-Chula Vista-Carlsbad, CA",689450
83269,2017-08-01,"St. Louis, MO-IL",196700
83270,2017-08-01,"Charlotte-Concord-Gastonia, NC-SC",339450
83271,2017-08-01,"Baltimore-Columbia-Towson, MD",301495
83272,2017-08-01,"Orlando-Kissimmee-Sanford, FL",297995
83273,2017-08-01,"Pittsburgh, PA",169900
83274,2017-08-01,"San Antonio-New Braunfels, TX",285863
83275,2017-08-01,"Austin-Round Rock-San Marcos, TX",376630
83276,2017-08-01,"Portland-Vancouver-Hillsboro, OR-WA",475000
83277,2017-08-01,"Cleveland, OH",166997
83278,2017-08-01,"Cincinnati, OH-KY-IN",239150
83279,2017-08-01,"Kansas City, MO-KS",269940
83280,2017-08-01,"Las Vegas-Henderson-North Las Vegas, NV",320000
83281,2017-08-01,"Sacramento-Roseville-Folsom, CA",450000
83282,2017-08-01,"Columbus, OH",259450
83283,2017-08-01,"Indianapolis-Carmel-Greenwood, IN",229900
83284,2017-08-01,"Nashville-Davidson--Murfreesboro--Franklin, TN",386750
83285,2017-08-01,"Virginia Beach-Chesapeake-Norfolk, VA-NC",264900
83286,2017-08-01,"Jacksonville, FL",309150
83287,2017-08-01,"Providence-Warwick, RI-MA",349900
83288,2017-08-01,"San Jose-Sunnyvale-Santa Clara, CA",1050000
83289,2017-08-01,"Milwaukee-Waukesha, WI",229450
83290,2017-08-01,"Raleigh-Cary, NC",363950
83291,2017-08-01,"Oklahoma City, OK",225000
83292,2017-08-01,"Louisville/Jefferson County, KY-IN",240925
83293,2017-08-01,"Richmond, VA",293167
83294,2017-08-01,"Memphis, TN-MS-AR",195000
83295,2017-08-01,"Buffalo-Cheektowaga, NY",179900
83296,2017-08-01,"Birmingham, AL",210038
83297,2017-08-01,"Hartford-West Hartford-East Hartford, CT",289450
83298,2017-08-01,"Tucson, AZ",255000
83299,2017-08-01,"Grand Rapids-Wyoming-Kentwood, MI",239900
83300,2017-08-01,"Rochester, NY",169948
83301,2017-08-01,"Salt Lake City-Murray, UT",387838
83302,2017-08-01,"North Port-Bradenton-Sarasota, FL",350000
83303,2017-08-01,"Tulsa, OK",217850
83304,2017-08-01,"Greenville-Anderson-Greer, SC",274450
83305,2017-08-01,"Knoxville, TN",249900
83306,2017-08-01,"New Orleans-Metairie, LA",269250
83307,2017-08-01,"Omaha, NE-IA",263500
83308,2017-08-01,"Albany-Schenectady-Troy, NY",268025
83309,2017-08-01,"Albuquerque, NM",244950
83310,2017-08-01,"Fresno, CA",301200
83311,2017-08-01,"Bridgeport-Stamford-Danbury, CT",708225
83312,2017-08-01,"Cape Coral-Fort Myers, FL",299000
83313,2017-08-01,"Columbia, SC",199900
83314,2017-08-01,"Charleston-North Charleston, SC",399900
83315,2017-08-01,"Dayton-Kettering-Beavercreek, OH",132050
83316,2017-08-01,"Allentown-Bethlehem-Easton, PA-NJ",219900
83317,2017-08-01,"Baton Rouge, LA",227350
83318,2017-08-01,"Worcester, MA",319900
83319,2017-08-01,"Urban Honolulu, HI",699000
83320,2017-08-01,"Greensboro-High Point, NC",211600
83321,2017-08-01,"Lakeland-Winter Haven, FL",219450
83322,2017-08-01,"Little Rock-North Little Rock-Conway, AR",174200
83323,2017-08-01,"Deltona-Daytona Beach-Ormond Beach, FL",264950
83324,2017-08-01,"Boise City, ID",283053
83325,2017-08-01,"El Paso, TX",167950
83326,2017-08-01,"Madison, WI",326300
83327,2017-08-01,"Des Moines-West Des Moines, IA",269900
83328,2017-08-01,"Akron, OH",149900
83329,2017-08-01,"Winston-Salem, NC",199973
83330,2017-08-01,"Colorado Springs, CO",357450
83331,2017-08-01,"Bakersfield-Delano, CA",249565
83332,2017-08-01,"Palm Bay-Melbourne-Titusville, FL",282450
83333,2017-08-01,"McAllen-Edinburg-Mission, TX",189000
83334,2017-08-01,"Oxnard-Thousand Oaks-Ventura, CA",749000
83335,2017-08-01,"Syracuse, NY",164900
83336,2017-08-01,"Wichita, KS",182400
83337,2017-08-01,"Kiryas Joel-Poughkeepsie-Newburgh, NY",299000
83338,2017-08-01,"Durham-Chapel Hill, NC",394803
83339,2017-08-01,"Toledo, OH",129900
83340,2017-08-01,"Augusta-Richmond County, GA-SC",214950
83341,2017-08-01,"Stockton-Lodi, CA",380000
83342,2017-08-01,"Harrisburg-Carlisle, PA",194948
83343,2017-08-01,"Portland-South Portland, ME",347650
83344,2017-08-01,"Jackson, MS",231100
83345,2017-08-01,"Chattanooga, TN-GA",240000
83346,2017-08-01,"Spokane-Spokane Valley, WA",275000
83347,2017-08-01,"Scranton--Wilkes-Barre, PA",142803
83348,2017-08-01,"New Haven, CT",289675
83349,2017-08-01,"Fayetteville-Springdale-Rogers, AR",278700
84175,2017-07-01,"New York-Newark-Jersey City, NY-NJ",519000
84176,2017-07-01,"Los Angeles-Long Beach-Anaheim, CA",779000
84177,2017-07-01,"Chicago-Naperville-Elgin, IL-IN",317750
84178,2017-07-01,"Dallas-Fort Worth-Arlington, TX",368820
84179,2017-07-01,"Houston-Pasadena-The Woodlands, TX",314875
84180,2017-07-01,"Philadelphia-Camden-Wilmington, PA-NJ-DE-MD",249500
84181,2017-07-01,"Miami-Fort Lauderdale-West Palm Beach, FL",390000
84182,2017-07-01,"Atlanta-Sandy Springs-Roswell, GA",299000
84183,2017-07-01,"Washington-Arlington-Alexandria, DC-VA-MD-WV",465000
84184,2017-07-01,"Phoenix-Mesa-Chandler, AZ",335000
84185,2017-07-01,"Boston-Cambridge-Newton, MA-NH",549000
84186,2017-07-01,"Detroit-Warren-Dearborn, MI",235000
84187,2017-07-01,"San Francisco-Oakland-Fremont, CA",875000
84188,2017-07-01,"Seattle-Tacoma-Bellevue, WA",499500
84189,2017-07-01,"Riverside-San Bernardino-Ontario, CA",385000
84190,2017-07-01,"Minneapolis-St. Paul-Bloomington, MN-WI",339900
84191,2017-07-01,"Tampa-St. Petersburg-Clearwater, FL",269900
84192,2017-07-01,"Denver-Aurora-Centennial, CO",495000
84193,2017-07-01,"San Diego-Chula Vista-Carlsbad, CA",698850
84194,2017-07-01,"St. Louis, MO-IL",200000
84195,2017-07-01,"Charlotte-Concord-Gastonia, NC-SC",344900
84196,2017-07-01,"Baltimore-Columbia-Towson, MD",305000
84197,2017-07-01,"Orlando-Kissimmee-Sanford, FL",299000
84198,2017-07-01,"Pittsburgh, PA",171900
84199,2017-07-01,"San Antonio-New Braunfels, TX",292500
84200,2017-07-01,"Austin-Round Rock-San Marcos, TX",385000
84201,2017-07-01,"Portland-Vancouver-Hillsboro, OR-WA",480000
84202,2017-07-01,"Cleveland, OH",169000
84203,2017-07-01,"Cincinnati, OH-KY-IN",239900
84204,2017-07-01,"Kansas City, MO-KS",275000
84205,2017-07-01,"Las Vegas-Henderson-North Las Vegas, NV",324360
84206,2017-07-01,"Sacramento-Roseville-Folsom, CA",459970
84207,2017-07-01,"Columbus, OH",259900
84208,2017-07-01,"Indianapolis-Carmel-Greenwood, IN",230000
84209,2017-07-01,"Nashville-Davidson--Murfreesboro--Franklin, TN",385000
84210,2017-07-01,"Virginia Beach-Chesapeake-Norfolk, VA-NC",265000
84211,2017-07-01,"Jacksonville, FL",309000
84212,2017-07-01,"Providence-Warwick, RI-MA",359000
84213,2017-07-01,"San Jose-Sunnyvale-Santa Clara, CA",1050000
84214,2017-07-01,"Milwaukee-Waukesha, WI",229900
84215,2017-07-01,"Raleigh-Cary, NC",365975
84216,2017-07-01,"Oklahoma City, OK",226500
84217,2017-07-01,"Louisville/Jefferson County, KY-IN",239900
84218,2017-07-01,"Richmond, VA",299000
84219,2017-07-01,"Memphis, TN-MS-AR",196467
84220,2017-07-01,"Buffalo-Cheektowaga, NY",179900
84221,2017-07-01,"Birmingham, AL",214900
84222,2017-07-01,"Hartford-West Hartford-East Hartford, CT",295000
84223,2017-07-01,"Tucson, AZ",257900
84224,2017-07-01,"Grand Rapids-Wyoming-Kentwood, MI",244900
84225,2017-07-01,"Rochester, NY",175000
84226,2017-07-01,"Salt Lake City-Murray, UT",389995
84227,2017-07-01,"North Port-Bradenton-Sarasota, FL",359900
84228,2017-07-01,"Tulsa, OK",214900
84229,2017-07-01,"Greenville-Anderson-Greer, SC",274900
84230,2017-07-01,"Knoxville, TN",249900
84231,2017-07-01,"New Orleans-Metairie, LA",265000
84232,2017-07-01,"Omaha, NE-IA",269900
84233,2017-07-01,"Albany-Schenectady-Troy, NY",269900
84234,2017-07-01,"Albuquerque, NM",249000
84235,2017-07-01,"Fresno, CA",305000
84236,2017-07-01,"Bridgeport-Stamford-Danbury, CT",737875
84237,2017-07-01,"Cape Coral-Fort Myers, FL",299900
84238,2017-07-01,"Columbia, SC",199500
84239,2017-07-01,"Charleston-North Charleston, SC",399900
84240,2017-07-01,"Dayton-Kettering-Beavercreek, OH",134500
84241,2017-07-01,"Allentown-Bethlehem-Easton, PA-NJ",220000
84242,2017-07-01,"Baton Rouge, LA",229000
84243,2017-07-01,"Worcester, MA",325000
84244,2017-07-01,"Urban Honolulu, HI",699000
84245,2017-07-01,"Greensboro-High Point, NC",209000
84246,2017-07-01,"Lakeland-Winter Haven, FL",218000
84247,2017-07-01,"Little Rock-North Little Rock-Conway, AR",174900
84248,2017-07-01,"Deltona-Daytona Beach-Ormond Beach, FL",264900
84249,2017-07-01,"Boise City, ID",285995
84250,2017-07-01,"El Paso, TX",167950
84251,2017-07-01,"Madison, WI",329900
84252,2017-07-01,"Des Moines-West Des Moines, IA",275200
84253,2017-07-01,"Akron, OH",148992
84254,2017-07-01,"Winston-Salem, NC",204450
84255,2017-07-01,"Colorado Springs, CO",364900
84256,2017-07-01,"Bakersfield-Delano, CA",249999
84257,2017-07-01,"Palm Bay-Melbourne-Titusville, FL",279900
84258,2017-07-01,"McAllen-Edinburg-Mission, TX",190000
84259,2017-07-01,"Oxnard-Thousand Oaks-Ventura, CA",755000
84260,2017-07-01,"Syracuse, NY",164900
84261,2017-07-01,"Wichita, KS",185165
84262,2017-07-01,"Kiryas Joel-Poughkeepsie-Newburgh, NY",295500
84263,2017-07-01,"Durham-Chapel Hill, NC",399000
84264,2017-07-01,"Toledo, OH",129900
84265,2017-07-01,"Augusta-Richmond County, GA-SC",215000
84266,2017-07-01,"Stockton-Lodi, CA",385000
84267,2017-07-01,"Harrisburg-Carlisle, PA",195000
84268,2017-07-01,"Portland-South Portland, ME",349900
84269,2017-07-01,"Jackson, MS",229900
84270,2017-07-01,"Chattanooga, TN-GA",245000
84271,2017-07-01,"Spokane-Spokane Valley, WA",284900
84272,2017-07-01,"Scranton--Wilkes-Barre, PA",148888
84273,2017-07-01,"New Haven, CT",289900
84274,2017-07-01,"Fayetteville-Springdale-Rogers, AR",279000
85100,2017-06-01,"New York-Newark-Jersey City, NY-NJ",519950
85101,2017-06-01,"Los Angeles-Long Beach-Anaheim, CA",786500
85102,2017-06-01,"Chicago-Naperville-Elgin, IL-IN",319900
85103,2017-06-01,"Dallas-Fort Worth-Arlington, TX",375000
85104,2017-06-01,"Houston-Pasadena-The Woodlands, TX",319470
85105,2017-06-01,"Philadelphia-Camden-Wilmington, PA-NJ-DE-MD",247450
85106,2017-06-01,"Miami-Fort Lauderdale-West Palm Beach, FL",386700
85107,2017-06-01,"Atlanta-Sandy Springs-Roswell, GA",299900
85108,2017-06-01,"Washington-Arlington-Alexandria, DC-VA-MD-WV",474900
85109,2017-06-01,"Phoenix-Mesa-Chandler, AZ",340000
85110,2017-06-01,"Boston-Cambridge-Newton, MA-NH",550000
85111,2017-06-01,"Detroit-Warren-Dearborn, MI",235450
85112,2017-06-01,"San Francisco-Oakland-Fremont, CA",902590
85113,2017-06-01,"Seattle-Tacoma-Bellevue, WA",499975
85114,2017-06-01,"Riverside-San Bernardino-Ontario, CA",385000
85115,2017-06-01,"Minneapolis-St. Paul-Bloomington, MN-WI",347325
85116,2017-06-01,"Tampa-St. Petersburg-Clearwater, FL",270092
85117,2017-06-01,"Denver-Aurora-Centennial, CO",497500
85118,2017-06-01,"San Diego-Chula Vista-Carlsbad, CA",699900
85119,2017-06-01,"St. Louis, MO-IL",203450
85120,2017-06-01,"Charlotte-Concord-Gastonia, NC-SC",348250
85121,2017-06-01,"Baltimore-Columbia-Towson, MD",307450
85122,2017-06-01,"Orlando-Kissimmee-Sanford, FL",299000
85123,2017-06-01,"Pittsburgh, PA",169900
85124,2017-06-01,"San Antonio-New Braunfels, TX",296000
85125,2017-06-01,"Austin-Round Rock-San Marcos, TX",393044
85126,2017-06-01,"Portland-Vancouver-Hillsboro, OR-WA",488350
85127,2017-06-01,"Cleveland, OH",167100
85128,2017-06-01,"Cincinnati, OH-KY-IN",240495
85129,2017-06-01,"Kansas City, MO-KS",275000
85130,2017-06-01,"Las Vegas-Henderson-North Las Vegas, NV",324963
85131,2017-06-01,"Sacramento-Roseville-Folsom, CA",473450
85132,2017-06-01,"Columbus, OH",263005
85133,2017-06-01,"Indianapolis-Carmel-Greenwood, IN",234900
85134,2017-06-01,"Nashville-Davidson--Murfreesboro--Franklin, TN",389700
85135,2017-06-01,"Virginia Beach-Chesapeake-Norfolk, VA-NC",269000
85136,2017-06-01,"Jacksonville, FL",309450
85137,2017-06-01,"Providence-Warwick, RI-MA",359900
85138,2017-06-01,"San Jose-Sunnyvale-Santa Clara, CA",1005000
85139,2017-06-01,"Milwaukee-Waukesha, WI",229950
85140,2017-06-01,"Raleigh-Cary, NC",365950
85141,2017-06-01,"Oklahoma City, OK",229885
85142,2017-06-01,"Louisville/Jefferson County, KY-IN",239950
85143,2017-06-01,"Richmond, VA",299950
85144,2017-06-01,"Memphis, TN-MS-AR",193950
85145,2017-06-01,"Buffalo-Cheektowaga, NY",179900
85146,2017-06-01,"Birmingham, AL",216438
85147,2017-06-01,"Hartford-West Hartford-East Hartford, CT",299000
85148,2017-06-01,"Tucson, AZ",263438
85149,2017-06-01,"Grand Rapids-Wyoming-Kentwood, MI",249900
85150,2017-06-01,"Rochester, NY",176450
85151,2017-06-01,"Salt Lake City-Murray, UT",394225
85152,2017-06-01,"North Port-Bradenton-Sarasota, FL",361884
85153,2017-06-01,"Tulsa, OK",218120
85154,2017-06-01,"Greenville-Anderson-Greer, SC",274900
85155,2017-06-01,"Knoxville, TN",249900
85156,2017-06-01,"New Orleans-Metairie, LA",269000
85157,2017-06-01,"Omaha, NE-IA",272306
85158,2017-06-01,"Albany-Schenectady-Troy, NY",269900
85159,2017-06-01,"Albuquerque, NM",249900
85160,2017-06-01,"Fresno, CA",308875
85161,2017-06-01,"Bridgeport-Stamford-Danbury, CT",749000
85162,2017-06-01,"Cape Coral-Fort Myers, FL",299900
85163,2017-06-01,"Columbia, SC",199250
85164,2017-06-01,"Charleston-North Charleston, SC",399450
85165,2017-06-01,"Dayton-Kettering-Beavercreek, OH",119950
85166,2017-06-01,"Allentown-Bethlehem-Easton, PA-NJ",220000
85167,2017-06-01,"Baton Rouge, LA",228950
85168,2017-06-01,"Worcester, MA",329900
85169,2017-06-01,"Urban Honolulu, HI",714500
85170,2017-06-01,"Greensboro-High Point, NC",214150
85171,2017-06-01,"Lakeland-Winter Haven, FL",216625
85172,2017-06-01,"Little Rock-North Little Rock-Conway, AR",172450
85173,2017-06-01,"Deltona-Daytona Beach-Ormond Beach, FL",269300
85174,2017-06-01,"Boise City, ID",289950
85175,2017-06-01,"El Paso, TX",167970
85176,2017-06-01,"Madison, WI",342450
85177,2017-06-01,"Des Moines-West Des Moines, IA",279900
85178,2017-06-01,"Akron, OH",143380
85179,2017-06-01,"Winston-Salem, NC",201798
85180,2017-06-01,"Colorado Springs, CO",368450
85181,2017-06-01,"Bakersfield-Delano, CA",250000
85182,2017-06-01,"Palm Bay-Melbourne-Titusville, FL",288754
85183,2017-06-01,"McAllen-Edinburg-Mission, TX",189950
85184,2017-06-01,"Oxnard-Thousand Oaks-Ventura, CA",749891
85185,2017-06-01,"Syracuse, NY",166450
85186,2017-06-01,"Wichita, KS",189900
85187,2017-06-01,"Kiryas Joel-Poughkeepsie-Newburgh, NY",290000
85188,2017-06-01,"Durham-Chapel Hill, NC",399900
85189,2017-06-01,"Toledo, OH",130950
85190,2017-06-01,"Augusta-Richmond County, GA-SC",216300
85191,2017-06-01,"Stockton-Lodi, CA",379375
85192,2017-06-01,"Harrisburg-Carlisle, PA",199850
85193,2017-06-01,"Portland-South Portland, ME",349900
85194,2017-06-01,"Jackson, MS",229900
85195,2017-06-01,"Chattanooga, TN-GA",241500
85196,2017-06-01,"Spokane-Spokane Valley, WA",288350
85197,2017-06-01,"Scranton--Wilkes-Barre, PA",145450
85198,2017-06-01,"New Haven, CT",289700
85199,2017-06-01,"Fayetteville-Springdale-Rogers, AR",282150
86025,2017-05-01,"New York-Newark-Jersey City, NY-NJ",514000
86026,2017-05-01,"Los Angeles-Long Beach-Anaheim, CA",793250
86027,2017-05-01,"Chicago-Naperville-Elgin, IL-IN",319900
86028,2017-05-01,"Dallas-Fort Worth-Arlington, TX",381898
86029,2017-05-01,"Houston-Pasadena-The Woodlands, TX",320000
86030,2017-05-01,"Philadelphia-Camden-Wilmington, PA-NJ-DE-MD",244500
86031,2017-05-01,"Miami-Fort Lauderdale-West Palm Beach, FL",388475
86032,2017-05-01,"Atlanta-Sandy Springs-Roswell, GA",299900
86033,2017-05-01,"Washington-Arlington-Alexandria, DC-VA-MD-WV",474900
86034,2017-05-01,"Phoenix-Mesa-Chandler, AZ",348893
86035,2017-05-01,"Boston-Cambridge-Newton, MA-NH",550500
86036,2017-05-01,"Detroit-Warren-Dearborn, MI",234398
86037,2017-05-01,"San Francisco-Oakland-Fremont, CA",900444
86038,2017-05-01,"Seattle-Tacoma-Bellevue, WA",499450
86039,2017-05-01,"Riverside-San Bernardino-Ontario, CA",385500
86040,2017-05-01,"Minneapolis-St. Paul-Bloomington, MN-WI",350950
86041,2017-05-01,"Tampa-St. Petersburg-Clearwater, FL",269950
86042,2017-05-01,"Denver-Aurora-Centennial, CO",499900
86043,2017-05-01,"San Diego-Chula Vista-Carlsbad, CA",700000
86044,2017-05-01,"St. Louis, MO-IL",201117
86045,2017-05-01,"Charlotte-Concord-Gastonia, NC-SC",347250
86046,2017-05-01,"Baltimore-Columbia-Towson, MD",305000
86047,2017-05-01,"Orlando-Kissimmee-Sanford, FL",298895
86048,2017-05-01,"Pittsburgh, PA",168250
86049,2017-05-01,"San Antonio-New Braunfels, TX",295000
86050,2017-05-01,"Austin-Round Rock-San Marcos, TX",398417
86051,2017-05-01,"Portland-Vancouver-Hillsboro, OR-WA",489900
86052,2017-05-01,"Cleveland, OH",159950
86053,2017-05-01,"Cincinnati, OH-KY-IN",239900
86054,2017-05-01,"Kansas City, MO-KS",275000
86055,2017-05-01,"Las Vegas-Henderson-North Las Vegas, NV",319950
86056,2017-05-01,"Sacramento-Roseville-Folsom, CA",472450
86057,2017-05-01,"Columbus, OH",261450
86058,2017-05-01,"Indianapolis-Carmel-Greenwood, IN",229900
86059,2017-05-01,"Nashville-Davidson--Murfreesboro--Franklin, TN",389900
86060,2017-05-01,"Virginia Beach-Chesapeake-Norfolk, VA-NC",269250
86061,2017-05-01,"Jacksonville, FL",314950
86062,2017-05-01,"Providence-Warwick, RI-MA",350000
86063,2017-05-01,"San Jose-Sunnyvale-Santa Clara, CA",999475
86064,2017-05-01,"Milwaukee-Waukesha, WI",227000
86065,2017-05-01,"Raleigh-Cary, NC",369900
86066,2017-05-01,"Oklahoma City, OK",229995
86067,2017-05-01,"Louisville/Jefferson County, KY-IN",239900
86068,2017-05-01,"Richmond, VA",299975
86069,2017-05-01,"Memphis, TN-MS-AR",184950
86070,2017-05-01,"Buffalo-Cheektowaga, NY",179900
86071,2017-05-01,"Birmingham, AL",214900
86072,2017-05-01,"Hartford-West Hartford-East Hartford, CT",296625
86073,2017-05-01,"Tucson, AZ",259900
86074,2017-05-01,"Grand Rapids-Wyoming-Kentwood, MI",259900
86075,2017-05-01,"Rochester, NY",175000
86076,2017-05-01,"Salt Lake City-Murray, UT",392450
86077,2017-05-01,"North Port-Bradenton-Sarasota, FL",359950
86078,2017-05-01,"Tulsa, OK",213500
86079,2017-05-01,"Greenville-Anderson-Greer, SC",269950
86080,2017-05-01,"Knoxville, TN",249900
86081,2017-05-01,"New Orleans-Metairie, LA",265000
86082,2017-05-01,"Omaha, NE-IA",274950
86083,2017-05-01,"Albany-Schenectady-Troy, NY",269700
86084,2017-05-01,"Albuquerque, NM",248970
86085,2017-05-01,"Fresno, CA",300000
86086,2017-05-01,"Bridgeport-Stamford-Danbury, CT",749000
86087,2017-05-01,"Cape Coral-Fort Myers, FL",299900
86088,2017-05-01,"Columbia, SC",199439
86089,2017-05-01,"Charleston-North Charleston, SC",400995
86090,2017-05-01,"Dayton-Kettering-Beavercreek, OH",117750
86091,2017-05-01,"Allentown-Bethlehem-Easton, PA-NJ",219450
86092,2017-05-01,"Baton Rouge, LA",229000
86093,2017-05-01,"Worcester, MA",319900
86094,2017-05-01,"Urban Honolulu, HI",722875
86095,2017-05-01,"Greensboro-High Point, NC",209974
86096,2017-05-01,"Lakeland-Winter Haven, FL",214900
86097,2017-05-01,"Little Rock-North Little Rock-Conway, AR",169900
86098,2017-05-01,"Deltona-Daytona Beach-Ormond Beach, FL",269077
86099,2017-05-01,"Boise City, ID",291435
86100,2017-05-01,"El Paso, TX",166975
86101,2017-05-01,"Madison, WI",349900
86102,2017-05-01,"Des Moines-West Des Moines, IA",285400
86103,2017-05-01,"Akron, OH",139950
86104,2017-05-01,"Winston-Salem, NC",201348
86105,2017-05-01,"Colorado Springs, CO",376203
86106,2017-05-01,"Bakersfield-Delano, CA",249500
86107,2017-05-01,"Palm Bay-Melbourne-Titusville, FL",279925
86108,2017-05-01,"McAllen-Edinburg-Mission, TX",189450
86109,2017-05-01,"Oxnard-Thousand Oaks-Ventura, CA",758500
86110,2017-05-01,"Syracuse, NY",164950
86111,2017-05-01,"Wichita, KS",191888
86112,2017-05-01,"Kiryas Joel-Poughkeepsie-Newburgh, NY",289450
86113,2017-05-01,"Durham-Chapel Hill, NC",400000
86114,2017-05-01,"Toledo, OH",131345
86115,2017-05-01,"Augusta-Richmond County, GA-SC",217488
86116,2017-05-01,"Stockton-Lodi, CA",372000
86117,2017-05-01,"Harrisburg-Carlisle, PA",199950
86118,2017-05-01,"Portland-South Portland, ME",349900
86119,2017-05-01,"Jackson, MS",229450
86120,2017-05-01,"Chattanooga, TN-GA",239900
86121,2017-05-01,"Spokane-Spokane Valley, WA",289000
86122,2017-05-01,"Scranton--Wilkes-Barre, PA",142250
86123,2017-05-01,"New Haven, CT",289675
86124,2017-05-01,"Fayetteville-Springdale-Rogers, AR",282783
86950,2017-04-01,"New York-Newark-Jersey City, NY-NJ",499000
86951,2017-04-01,"Los Angeles-Long Beach-Anaheim, CA",775000
86952,2017-04-01,"Chicago-Naperville-Elgin, IL-IN",312000
86953,2017-04-01,"Dallas-Fort Worth-Arlington, TX",379925
86954,2017-04-01,"Houston-Pasadena-The Woodlands, TX",319900
86955,2017-04-01,"Philadelphia-Camden-Wilmington, PA-NJ-DE-MD",235000
86956,2017-04-01,"Miami-Fort Lauderdale-West Palm Beach, FL",385000
86957,2017-04-01,"Atlanta-Sandy Springs-Roswell, GA",299000
86958,2017-04-01,"Washington-Arlington-Alexandria, DC-VA-MD-WV",469900
86959,2017-04-01,"Phoenix-Mesa-Chandler, AZ",347500
86960,2017-04-01,"Boston-Cambridge-Newton, MA-NH",549900
86961,2017-04-01,"Detroit-Warren-Dearborn, MI",224900
86962,2017-04-01,"San Francisco-Oakland-Fremont, CA",899000
86963,2017-04-01,"Seattle-Tacoma-Bellevue, WA",495950
86964,2017-04-01,"Riverside-San Bernardino-Ontario, CA",379000
86965,2017-04-01,"Minneapolis-St. Paul-Bloomington, MN-WI",357000
86966,2017-04-01,"Tampa-St. Petersburg-Clearwater, FL",265000
86967,2017-04-01,"Denver-Aurora-Centennial, CO",499990
86968,2017-04-01,"San Diego-Chula Vista-Carlsbad, CA",699000
86969,2017-04-01,"St. Louis, MO-IL",192249
86970,2017-04-01,"Charlotte-Concord-Gastonia, NC-SC",339890
86971,2017-04-01,"Baltimore-Columbia-Towson, MD",299900
86972,2017-04-01,"Orlando-Kissimmee-Sanford, FL",292270
86973,2017-04-01,"Pittsburgh, PA",162500
86974,2017-04-01,"San Antonio-New Braunfels, TX",294500
86975,2017-04-01,"Austin-Round Rock-San Marcos, TX",399000
86976,2017-04-01,"Portland-Vancouver-Hillsboro, OR-WA",485000
86977,2017-04-01,"Cleveland, OH",150000
86978,2017-04-01,"Cincinnati, OH-KY-IN",229450
86979,2017-04-01,"Kansas City, MO-KS",280000
86980,2017-04-01,"Las Vegas-Henderson-North Las Vegas, NV",315000
86981,2017-04-01,"Sacramento-Roseville-Folsom, CA",469000
86982,2017-04-01,"Columbus, OH",248940
86983,2017-04-01,"Indianapolis-Carmel-Greenwood, IN",219900
86984,2017-04-01,"Nashville-Davidson--Murfreesboro--Franklin, TN",355000
86985,2017-04-01,"Virginia Beach-Chesapeake-Norfolk, VA-NC",264900
86986,2017-04-01,"Jacksonville, FL",301489
86987,2017-04-01,"Providence-Warwick, RI-MA",349900
86988,2017-04-01,"San Jose-Sunnyvale-Santa Clara, CA",988888
86989,2017-04-01,"Milwaukee-Waukesha, WI",219900
86990,2017-04-01,"Raleigh-Cary, NC",369000
86991,2017-04-01,"Oklahoma City, OK",225000
86992,2017-04-01,"Louisville/Jefferson County, KY-IN",229900
86993,2017-04-01,"Richmond, VA",297500
86994,2017-04-01,"Memphis, TN-MS-AR",179900
86995,2017-04-01,"Buffalo-Cheektowaga, NY",169900
86996,2017-04-01,"Birmingham, AL",209900
86997,2017-04-01,"Hartford-West Hartford-East Hartford, CT",289000
86998,2017-04-01,"Tucson, AZ",264350
86999,2017-04-01,"Grand Rapids-Wyoming-Kentwood, MI",274900
87000,2017-04-01,"Rochester, NY",169900
87001,2017-04-01,"Salt Lake City-Murray, UT",394200
87002,2017-04-01,"North Port-Bradenton-Sarasota, FL",361892
87003,2017-04-01,"Tulsa, OK",209500
87004,2017-04-01,"Greenville-Anderson-Greer, SC",269000
87005,2017-04-01,"Knoxville, TN",249000
87006,2017-04-01,"New Orleans-Metairie, LA",260500
87007,2017-04-01,"Omaha, NE-IA",274900
87008,2017-04-01,"Albany-Schenectady-Troy, NY",265000
87009,2017-04-01,"Albuquerque, NM",244845
87010,2017-04-01,"Fresno, CA",290000
87011,2017-04-01,"Bridgeport-Stamford-Danbury, CT",749000
87012,2017-04-01,"Cape Coral-Fort Myers, FL",299999
87013,2017-04-01,"Columbia, SC",196863
87014,2017-04-01,"Charleston-North Charleston, SC",409900
87015,2017-04-01,"Dayton-Kettering-Beavercreek, OH",114900
87016,2017-04-01,"Allentown-Bethlehem-Easton, PA-NJ",215000
87017,2017-04-01,"Baton Rouge, LA",225000
87018,2017-04-01,"Worcester, MA",319900
87019,2017-04-01,"Urban Honolulu, HI",702500
87020,2017-04-01,"Greensboro-High Point, NC",199900
87021,2017-04-01,"Lakeland-Winter Haven, FL",209977
87022,2017-04-01,"Little Rock-North Little Rock-Conway, AR",169000
87023,2017-04-01,"Deltona-Daytona Beach-Ormond Beach, FL",267954
87024,2017-04-01,"Boise City, ID",288723
87025,2017-04-01,"El Paso, TX",165950
87026,2017-04-01,"Madison, WI",351450
87027,2017-04-01,"Des Moines-West Des Moines, IA",282000
87028,2017-04-01,"Akron, OH",140000
87029,2017-04-01,"Winston-Salem, NC",198900
87030,2017-04-01,"Colorado Springs, CO",369900
87031,2017-04-01,"Bakersfield-Delano, CA",245000
87032,2017-04-01,"Palm Bay-Melbourne-Titusville, FL",279900
87033,2017-04-01,"McAllen-Edinburg-Mission, TX",187000
87034,2017-04-01,"Oxnard-Thousand Oaks-Ventura, CA",769300
87035,2017-04-01,"Syracuse, NY",165000
87036,2017-04-01,"Wichita, KS",184900
87037,2017-04-01,"Kiryas Joel-Poughkeepsie-Newburgh, NY",279900
87038,2017-04-01,"Durham-Chapel Hill, NC",395390
87039,2017-04-01,"Toledo, OH",129900
87040,2017-04-01,"Augusta-Richmond County, GA-SC",209900
87041,2017-04-01,"Stockton-Lodi, CA",359975
87042,2017-04-01,"Harrisburg-Carlisle, PA",189990
87043,2017-04-01,"Portland-South Portland, ME",346700
87044,2017-04-01,"Jackson, MS",228900
87045,2017-04-01,"Chattanooga, TN-GA",230000
87046,2017-04-01,"Spokane-Spokane Valley, WA",284967
87047,2017-04-01,"Scranton--Wilkes-Barre, PA",139900
87048,2017-04-01,"New Haven, CT",285000
87049,2017-04-01,"Fayetteville-Springdale-Rogers, AR",279000
87875,2017-03-01,"New York-Newark-Jersey City, NY-NJ",482495
87876,2017-03-01,"Los Angeles-Long Beach-Anaheim, CA",756000
87877,2017-03-01,"Chicago-Naperville-Elgin, IL-IN",299950
87878,2017-03-01,"Dallas-Fort Worth-Arlington, TX",374310
87879,2017-03-01,"Houston-Pasadena-The Woodlands, TX",316250
87880,2017-03-01,"Philadelphia-Camden-Wilmington, PA-NJ-DE-MD",228123
87881,2017-03-01,"Miami-Fort Lauderdale-West Palm Beach, FL",382450
87882,2017-03-01,"Atlanta-Sandy Springs-Roswell, GA",284990
87883,2017-03-01,"Washington-Arlington-Alexandria, DC-VA-MD-WV",452400
87884,2017-03-01,"Phoenix-Mesa-Chandler, AZ",337000
87885,2017-03-01,"Boston-Cambridge-Newton, MA-NH",539900
87886,2017-03-01,"Detroit-Warren-Dearborn, MI",212400
87887,2017-03-01,"San Francisco-Oakland-Fremont, CA",894000
87888,2017-03-01,"Seattle-Tacoma-Bellevue, WA",478725
87889,2017-03-01,"Riverside-San Bernardino-Ontario, CA",375000
87890,2017-03-01,"Minneapolis-St. Paul-Bloomington, MN-WI",359950
87891,2017-03-01,"Tampa-St. Petersburg-Clearwater, FL",259950
87892,2017-03-01,"Denver-Aurora-Centennial, CO",500000
87893,2017-03-01,"San Diego-Chula Vista-Carlsbad, CA",677450
87894,2017-03-01,"St. Louis, MO-IL",184750
87895,2017-03-01,"Charlotte-Concord-Gastonia, NC-SC",329900
87896,2017-03-01,"Baltimore-Columbia-Towson, MD",289900
87897,2017-03-01,"Orlando-Kissimmee-Sanford, FL",285000
87898,2017-03-01,"Pittsburgh, PA",158250
87899,2017-03-01,"San Antonio-New Braunfels, TX",291860
87900,2017-03-01,"Austin-Round Rock-San Marcos, TX",392543
87901,2017-03-01,"Portland-Vancouver-Hillsboro, OR-WA",480719
87902,2017-03-01,"Cleveland, OH",149925
87903,2017-03-01,"Cincinnati, OH-KY-IN",212500
87904,2017-03-01,"Kansas City, MO-KS",267200
87905,2017-03-01,"Las Vegas-Henderson-North Las Vegas, NV",302472
87906,2017-03-01,"Sacramento-Roseville-Folsom, CA",459250
87907,2017-03-01,"Columbus, OH",232200
87908,2017-03-01,"Indianapolis-Carmel-Greenwood, IN",207000
87909,2017-03-01,"Nashville-Davidson--Murfreesboro--Franklin, TN",350400
87910,2017-03-01,"Virginia Beach-Chesapeake-Norfolk, VA-NC",258450
87911,2017-03-01,"Jacksonville, FL",297993
87912,2017-03-01,"Providence-Warwick, RI-MA",337450
87913,2017-03-01,"San Jose-Sunnyvale-Santa Clara, CA",967933
87914,2017-03-01,"Milwaukee-Waukesha, WI",218950
87915,2017-03-01,"Raleigh-Cary, NC",359775
87916,2017-03-01,"Oklahoma City, OK",220625
87917,2017-03-01,"Louisville/Jefferson County, KY-IN",218000
87918,2017-03-01,"Richmond, VA",289975
87919,2017-03-01,"Memphis, TN-MS-AR",173450
87920,2017-03-01,"Buffalo-Cheektowaga, NY",164900
87921,2017-03-01,"Birmingham, AL",199900
87922,2017-03-01,"Hartford-West Hartford-East Hartford, CT",284900
87923,2017-03-01,"Tucson, AZ",264060
87924,2017-03-01,"Grand Rapids-Wyoming-Kentwood, MI",278000
87925,2017-03-01,"Rochester, NY",159900
87926,2017-03-01,"Salt Lake City-Murray, UT",392531
87927,2017-03-01,"North Port-Bradenton-Sarasota, FL",359950
87928,2017-03-01,"Tulsa, OK",202400
87929,2017-03-01,"Greenville-Anderson-Greer, SC",265310
87930,2017-03-01,"Knoxville, TN",232450
87931,2017-03-01,"New Orleans-Metairie, LA",252450
87932,2017-03-01,"Omaha, NE-IA",269730
87933,2017-03-01,"Albany-Schenectady-Troy, NY",259450
87934,2017-03-01,"Albuquerque, NM",239900
87935,2017-03-01,"Fresno, CA",275000
87936,2017-03-01,"Bridgeport-Stamford-Danbury, CT",747000
87937,2017-03-01,"Cape Coral-Fort Myers, FL",302500
87938,2017-03-01,"Columbia, SC",184450
87939,2017-03-01,"Charleston-North Charleston, SC",399997
87940,2017-03-01,"Dayton-Kettering-Beavercreek, OH",109400
87941,2017-03-01,"Allentown-Bethlehem-Easton, PA-NJ",203450
87942,2017-03-01,"Baton Rouge, LA",220000
87943,2017-03-01,"Worcester, MA",304900
87944,2017-03-01,"Urban Honolulu, HI",696500
87945,2017-03-01,"Greensboro-High Point, NC",187805
87946,2017-03-01,"Lakeland-Winter Haven, FL",204750
87947,2017-03-01,"Little Rock-North Little Rock-Conway, AR",168700
87948,2017-03-01,"Deltona-Daytona Beach-Ormond Beach, FL",266436
87949,2017-03-01,"Boise City, ID",275473
87950,2017-03-01,"El Paso, TX",165950
87951,2017-03-01,"Madison, WI",334950
87952,2017-03-01,"Des Moines-West Des Moines, IA",275500
87953,2017-03-01,"Akron, OH",138000
87954,2017-03-01,"Winston-Salem, NC",192979
87955,2017-03-01,"Colorado Springs, CO",371189
87956,2017-03-01,"Bakersfield-Delano, CA",238000
87957,2017-03-01,"Palm Bay-Melbourne-Titusville, FL",275178
87958,2017-03-01,"McAllen-Edinburg-Mission, TX",189000
87959,2017-03-01,"Oxnard-Thousand Oaks-Ventura, CA",764938
87960,2017-03-01,"Syracuse, NY",152400
87961,2017-03-01,"Wichita, KS",177413
87962,2017-03-01,"Kiryas Joel-Poughkeepsie-Newburgh, NY",275000
87963,2017-03-01,"Durham-Chapel Hill, NC",374605
87964,2017-03-01,"Toledo, OH",128900
87965,2017-03-01,"Augusta-Richmond County, GA-SC",209000
87966,2017-03-01,"Stockton-Lodi, CA",347694
87967,2017-03-01,"Harrisburg-Carlisle, PA",184900
87968,2017-03-01,"Portland-South Portland, ME",339900
87969,2017-03-01,"Jackson, MS",225000
87970,2017-03-01,"Chattanooga, TN-GA",226475
87971,2017-03-01,"Spokane-Spokane Valley, WA",274894
87972,2017-03-01,"Scranton--Wilkes-Barre, PA",133500
87973,2017-03-01,"New Haven, CT",276950
87974,2017-03-01,"Fayetteville-Springdale-Rogers, AR",269000
88800,2017-02-01,"New York-Newark-Jersey City, NY-NJ",464000
88801,2017-02-01,"Los Angeles-Long Beach-Anaheim, CA",732000
88802,2017-02-01,"Chicago-Naperville-Elgin, IL-IN",287000
88803,2017-02-01,"Dallas-Fort Worth-Arlington, TX",367000
88804,2017-02-01,"Houston-Pasadena-The Woodlands, TX",310554
88805,2017-02-01,"Philadelphia-Camden-Wilmington, PA-NJ-DE-MD",219945
88806,2017-02-01,"Miami-Fort Lauderdale-West Palm Beach, FL",377000
88807,2017-02-01,"Atlanta-Sandy Springs-Roswell, GA",276450
88808,2017-02-01,"Washington-Arlington-Alexandria, DC-VA-MD-WV",437375
88809,2017-02-01,"Phoenix-Mesa-Chandler, AZ",327000
88810,2017-02-01,"Boston-Cambridge-Newton, MA-NH",514995
88811,2017-02-01,"Detroit-Warren-Dearborn, MI",192400
88812,2017-02-01,"San Francisco-Oakland-Fremont, CA",845429
88813,2017-02-01,"Seattle-Tacoma-Bellevue, WA",459500
88814,2017-02-01,"Riverside-San Bernardino-Ontario, CA",369900
88815,2017-02-01,"Minneapolis-St. Paul-Bloomington, MN-WI",355423
88816,2017-02-01,"Tampa-St. Petersburg-Clearwater, FL",257375
88817,2017-02-01,"Denver-Aurora-Centennial, CO",499998
88818,2017-02-01,"San Diego-Chula Vista-Carlsbad, CA",667125
88819,2017-02-01,"St. Louis, MO-IL",172400
88820,2017-02-01,"Charlotte-Concord-Gastonia, NC-SC",317950
88821,2017-02-01,"Baltimore-Columbia-Towson, MD",274950
88822,2017-02-01,"Orlando-Kissimmee-Sanford, FL",279950
88823,2017-02-01,"Pittsburgh, PA",149900
88824,2017-02-01,"San Antonio-New Braunfels, TX",287500
88825,2017-02-01,"Austin-Round Rock-San Marcos, TX",394000
88826,2017-02-01,"Portland-Vancouver-Hillsboro, OR-WA",472450
88827,2017-02-01,"Cleveland, OH",141199
88828,2017-02-01,"Cincinnati, OH-KY-IN",192200
88829,2017-02-01,"Kansas City, MO-KS",249950
88830,2017-02-01,"Las Vegas-Henderson-North Las Vegas, NV",298500
88831,2017-02-01,"Sacramento-Roseville-Folsom, CA",450000
88832,2017-02-01,"Columbus, OH",204950
88833,2017-02-01,"Indianapolis-Carmel-Greenwood, IN",184200
88834,2017-02-01,"Nashville-Davidson--Murfreesboro--Franklin, TN",345142
88835,2017-02-01,"Virginia Beach-Chesapeake-Norfolk, VA-NC",250000
88836,2017-02-01,"Jacksonville, FL",287000
88837,2017-02-01,"Providence-Warwick, RI-MA",325450
88838,2017-02-01,"San Jose-Sunnyvale-Santa Clara, CA",954032
88839,2017-02-01,"Milwaukee-Waukesha, WI",204000
88840,2017-02-01,"Raleigh-Cary, NC",347429
88841,2017-02-01,"Oklahoma City, OK",217950
88842,2017-02-01,"Louisville/Jefferson County, KY-IN",202450
88843,2017-02-01,"Richmond, VA",277450
88844,2017-02-01,"Memphis, TN-MS-AR",169950
88845,2017-02-01,"Buffalo-Cheektowaga, NY",159900
88846,2017-02-01,"Birmingham, AL",190075
88847,2017-02-01,"Hartford-West Hartford-East Hartford, CT",276950
88848,2017-02-01,"Tucson, AZ",256431
88849,2017-02-01,"Grand Rapids-Wyoming-Kentwood, MI",259900
88850,2017-02-01,"Rochester, NY",149950
88851,2017-02-01,"Salt Lake City-Murray, UT",370575
88852,2017-02-01,"North Port-Bradenton-Sarasota, FL",361968
88853,2017-02-01,"Tulsa, OK",199700
88854,2017-02-01,"Greenville-Anderson-Greer, SC",259900
88855,2017-02-01,"Knoxville, TN",225636
88856,2017-02-01,"New Orleans-Metairie, LA",244500
88857,2017-02-01,"Omaha, NE-IA",254472
88858,2017-02-01,"Albany-Schenectady-Troy, NY",249905
88859,2017-02-01,"Albuquerque, NM",236000
88860,2017-02-01,"Fresno, CA",274950
88861,2017-02-01,"Bridgeport-Stamford-Danbury, CT",714500
88862,2017-02-01,"Cape Coral-Fort Myers, FL",309450
88863,2017-02-01,"Columbia, SC",182495
88864,2017-02-01,"Charleston-North Charleston, SC",384450
88865,2017-02-01,"Dayton-Kettering-Beavercreek, OH",109900
88866,2017-02-01,"Allentown-Bethlehem-Easton, PA-NJ",197000
88867,2017-02-01,"Baton Rouge, LA",215050
88868,2017-02-01,"Worcester, MA",296225
88869,2017-02-01,"Urban Honolulu, HI",713750
88870,2017-02-01,"Greensboro-High Point, NC",184650
88871,2017-02-01,"Lakeland-Winter Haven, FL",204200
88872,2017-02-01,"Little Rock-North Little Rock-Conway, AR",161298
88873,2017-02-01,"Deltona-Daytona Beach-Ormond Beach, FL",263900
88874,2017-02-01,"Boise City, ID",266945
88875,2017-02-01,"El Paso, TX",164895
88876,2017-02-01,"Madison, WI",322500
88877,2017-02-01,"Des Moines-West Des Moines, IA",273701
88878,2017-02-01,"Akron, OH",129925
88879,2017-02-01,"Winston-Salem, NC",186804
88880,2017-02-01,"Colorado Springs, CO",355737
88881,2017-02-01,"Bakersfield-Delano, CA",229000
88882,2017-02-01,"Palm Bay-Melbourne-Titusville, FL",267000
88883,2017-02-01,"McAllen-Edinburg-Mission, TX",185000
88884,2017-02-01,"Oxnard-Thousand Oaks-Ventura, CA",754000
88885,2017-02-01,"Syracuse, NY",145750
88886,2017-02-01,"Wichita, KS",167393
88887,2017-02-01,"Kiryas Joel-Poughkeepsie-Newburgh, NY",275000
88888,2017-02-01,"Durham-Chapel Hill, NC",366683
88889,2017-02-01,"Toledo, OH",124950
88890,2017-02-01,"Augusta-Richmond County, GA-SC",204975
88891,2017-02-01,"Stockton-Lodi, CA",349250
88892,2017-02-01,"Harrisburg-Carlisle, PA",177348
88893,2017-02-01,"Portland-South Portland, ME",330299
88894,2017-02-01,"Jackson, MS",219950
88895,2017-02-01,"Chattanooga, TN-GA",221250
88896,2017-02-01,"Spokane-Spokane Valley, WA",262425
88897,2017-02-01,"Scranton--Wilkes-Barre, PA",128500
88898,2017-02-01,"New Haven, CT",267000
88899,2017-02-01,"Fayetteville-Springdale-Rogers, AR",258900
89725,2017-01-01,"New York-Newark-Jersey City, NY-NJ",449850
89726,2017-01-01,"Los Angeles-Long Beach-Anaheim, CA",709500
89727,2017-01-01,"Chicago-Naperville-Elgin, IL-IN",272450
89728,2017-01-01,"Dallas-Fort Worth-Arlington, TX",354950
89729,2017-01-01,"Houston-Pasadena-The Woodlands, TX",309000
89730,2017-01-01,"Philadelphia-Camden-Wilmington, PA-NJ-DE-MD",219000
89731,2017-01-01,"Miami-Fort Lauderdale-West Palm Beach, FL",375000
89732,2017-01-01,"Atlanta-Sandy Springs-Roswell, GA",269900
89733,2017-01-01,"Washington-Arlington-Alexandria, DC-VA-MD-WV",424950
89734,2017-01-01,"Phoenix-Mesa-Chandler, AZ",319950
89735,2017-01-01,"Boston-Cambridge-Newton, MA-NH",499450
89736,2017-01-01,"Detroit-Warren-Dearborn, MI",186250
89737,2017-01-01,"San Francisco-Oakland-Fremont, CA",789500
89738,2017-01-01,"Seattle-Tacoma-Bellevue, WA",436963
89739,2017-01-01,"Riverside-San Bernardino-Ontario, CA",369250
89740,2017-01-01,"Minneapolis-St. Paul-Bloomington, MN-WI",334500
89741,2017-01-01,"Tampa-St. Petersburg-Clearwater, FL",250000
89742,2017-01-01,"Denver-Aurora-Centennial, CO",499529
89743,2017-01-01,"San Diego-Chula Vista-Carlsbad, CA",647000
89744,2017-01-01,"St. Louis, MO-IL",169200
89745,2017-01-01,"Charlotte-Concord-Gastonia, NC-SC",309900
89746,2017-01-01,"Baltimore-Columbia-Towson, MD",269900
89747,2017-01-01,"Orlando-Kissimmee-Sanford, FL",275000
89748,2017-01-01,"Pittsburgh, PA",149900
89749,2017-01-01,"San Antonio-New Braunfels, TX",284454
89750,2017-01-01,"Austin-Round Rock-San Marcos, TX",389000
89751,2017-01-01,"Portland-Vancouver-Hillsboro, OR-WA",457500
89752,2017-01-01,"Cleveland, OH",139400
89753,2017-01-01,"Cincinnati, OH-KY-IN",184715
89754,2017-01-01,"Kansas City, MO-KS",241975
89755,2017-01-01,"Las Vegas-Henderson-North Las Vegas, NV",289625
89756,2017-01-01,"Sacramento-Roseville-Folsom, CA",439725
89757,2017-01-01,"Columbus, OH",196950
89758,2017-01-01,"Indianapolis-Carmel-Greenwood, IN",179250
89759,2017-01-01,"Nashville-Davidson--Murfreesboro--Franklin, TN",339700
89760,2017-01-01,"Virginia Beach-Chesapeake-Norfolk, VA-NC",250000
89761,2017-01-01,"Jacksonville, FL",285000
89762,2017-01-01,"Providence-Warwick, RI-MA",319450
89763,2017-01-01,"San Jose-Sunnyvale-Santa Clara, CA",899000
89764,2017-01-01,"Milwaukee-Waukesha, WI",199900
89765,2017-01-01,"Raleigh-Cary, NC",341650
89766,2017-01-01,"Oklahoma City, OK",216750
89767,2017-01-01,"Louisville/Jefferson County, KY-IN",190750
89768,2017-01-01,"Richmond, VA",268725
89769,2017-01-01,"Memphis, TN-MS-AR",169900
89770,2017-01-01,"Buffalo-Cheektowaga, NY",154450
89771,2017-01-01,"Birmingham, AL",188735
89772,2017-01-01,"Hartford-West Hartford-East Hartford, CT",269900
89773,2017-01-01,"Tucson, AZ",249500
89774,2017-01-01,"Grand Rapids-Wyoming-Kentwood, MI",249600
89775,2017-01-01,"Rochester, NY",145400
89776,2017-01-01,"Salt Lake City-Murray, UT",356450
89777,2017-01-01,"North Port-Bradenton-Sarasota, FL",362000
89778,2017-01-01,"Tulsa, OK",195014
89779,2017-01-01,"Greenville-Anderson-Greer, SC",259610
89780,2017-01-01,"Knoxville, TN",219900
89781,2017-01-01,"New Orleans-Metairie, LA",245500
89782,2017-01-01,"Omaha, NE-IA",236675
89783,2017-01-01,"Albany-Schenectady-Troy, NY",242345
89784,2017-01-01,"Albuquerque, NM",229997
89785,2017-01-01,"Fresno, CA",274950
89786,2017-01-01,"Bridgeport-Stamford-Danbury, CT",667000
89787,2017-01-01,"Cape Coral-Fort Myers, FL",309949
89788,2017-01-01,"Columbia, SC",189000
89789,2017-01-01,"Charleston-North Charleston, SC",374500
89790,2017-01-01,"Dayton-Kettering-Beavercreek, OH",110000
89791,2017-01-01,"Allentown-Bethlehem-Easton, PA-NJ",190000
89792,2017-01-01,"Baton Rouge, LA",219050
89793,2017-01-01,"Worcester, MA",289400
89794,2017-01-01,"Urban Honolulu, HI",735000
89795,2017-01-01,"Greensboro-High Point, NC",179700
89796,2017-01-01,"Lakeland-Winter Haven, FL",199913
89797,2017-01-01,"Little Rock-North Little Rock-Conway, AR",159900
89798,2017-01-01,"Deltona-Daytona Beach-Ormond Beach, FL",259900
89799,2017-01-01,"Boise City, ID",259695
89800,2017-01-01,"El Paso, TX",164375
89801,2017-01-01,"Madison, WI",309900
89802,2017-01-01,"Des Moines-West Des Moines, IA",265208
89803,2017-01-01,"Akron, OH",126175
89804,2017-01-01,"Winston-Salem, NC",184900
89805,2017-01-01,"Colorado Springs, CO",346838
89806,2017-01-01,"Bakersfield-Delano, CA",225000
89807,2017-01-01,"Palm Bay-Melbourne-Titusville, FL",259900
89808,2017-01-01,"McAllen-Edinburg-Mission, TX",185000
89809,2017-01-01,"Oxnard-Thousand Oaks-Ventura, CA",709950
89810,2017-01-01,"Syracuse, NY",141125
89811,2017-01-01,"Wichita, KS",164200
89812,2017-01-01,"Kiryas Joel-Poughkeepsie-Newburgh, NY",274450
89813,2017-01-01,"Durham-Chapel Hill, NC",352500
89814,2017-01-01,"Toledo, OH",124900
89815,2017-01-01,"Augusta-Richmond County, GA-SC",199900
89816,2017-01-01,"Stockton-Lodi, CA",342000
89817,2017-01-01,"Harrisburg-Carlisle, PA",178950
89818,2017-01-01,"Portland-South Portland, ME",325000
89819,2017-01-01,"Jackson, MS",214125
89820,2017-01-01,"Chattanooga, TN-GA",215000
89821,2017-01-01,"Spokane-Spokane Valley, WA",251451
89822,2017-01-01,"Scranton--Wilkes-Barre, PA",127750
89823,2017-01-01,"New Haven, CT",259000
89824,2017-01-01,"Fayetteville-Springdale-Rogers, AR",250000
90650,2016-12-01,"New York-Newark-Jersey City, NY-NJ",450000
90651,2016-12-01,"Los Angeles-Long Beach-Anaheim, CA",717000
90652,2016-12-01,"Chicago-Naperville-Elgin, IL-IN",272995
90653,2016-12-01,"Dallas-Fort Worth-Arlington, TX",354000
90654,2016-12-01,"Houston-Pasadena-The Woodlands, TX",307000
90655,2016-12-01,"Philadelphia-Camden-Wilmington, PA-NJ-DE-MD",220000
90656,2016-12-01,"Miami-Fort Lauderdale-West Palm Beach, FL",375000
90657,2016-12-01,"Atlanta-Sandy Springs-Roswell, GA",269000
90658,2016-12-01,"Washington-Arlington-Alexandria, DC-VA-MD-WV",419970
90659,2016-12-01,"Phoenix-Mesa-Chandler, AZ",319000
90660,2016-12-01,"Boston-Cambridge-Newton, MA-NH",499000
90661,2016-12-01,"Detroit-Warren-Dearborn, MI",189900
90662,2016-12-01,"San Francisco-Oakland-Fremont, CA",780620
90663,2016-12-01,"Seattle-Tacoma-Bellevue, WA",429950
90664,2016-12-01,"Riverside-San Bernardino-Ontario, CA",365000
90665,2016-12-01,"Minneapolis-St. Paul-Bloomington, MN-WI",319000
90666,2016-12-01,"Tampa-St. Petersburg-Clearwater, FL",252500
90667,2016-12-01,"Denver-Aurora-Centennial, CO",489900
90668,2016-12-01,"San Diego-Chula Vista-Carlsbad, CA",649000
90669,2016-12-01,"St. Louis, MO-IL",169900
90670,2016-12-01,"Charlotte-Concord-Gastonia, NC-SC",309615
90671,2016-12-01,"Baltimore-Columbia-Towson, MD",274990
90672,2016-12-01,"Orlando-Kissimmee-Sanford, FL",275000
90673,2016-12-01,"Pittsburgh, PA",149900
90674,2016-12-01,"San Antonio-New Braunfels, TX",279900
90675,2016-12-01,"Austin-Round Rock-San Marcos, TX",387725
90676,2016-12-01,"Portland-Vancouver-Hillsboro, OR-WA",454970
90677,2016-12-01,"Cleveland, OH",139900
90678,2016-12-01,"Cincinnati, OH-KY-IN",185000
90679,2016-12-01,"Kansas City, MO-KS",235000
90680,2016-12-01,"Las Vegas-Henderson-North Las Vegas, NV",285000
90681,2016-12-01,"Sacramento-Roseville-Folsom, CA",429900
90682,2016-12-01,"Columbus, OH",199500
90683,2016-12-01,"Indianapolis-Carmel-Greenwood, IN",175000
90684,2016-12-01,"Nashville-Davidson--Murfreesboro--Franklin, TN",335000
90685,2016-12-01,"Virginia Beach-Chesapeake-Norfolk, VA-NC",249900
90686,2016-12-01,"Jacksonville, FL",285000
90687,2016-12-01,"Providence-Warwick, RI-MA",319900
90688,2016-12-01,"San Jose-Sunnyvale-Santa Clara, CA",899250
90689,2016-12-01,"Milwaukee-Waukesha, WI",199900
90690,2016-12-01,"Raleigh-Cary, NC",344000
90691,2016-12-01,"Oklahoma City, OK",217980
90692,2016-12-01,"Louisville/Jefferson County, KY-IN",184500
90693,2016-12-01,"Richmond, VA",268975
90694,2016-12-01,"Memphis, TN-MS-AR",169900
90695,2016-12-01,"Buffalo-Cheektowaga, NY",150000
90696,2016-12-01,"Birmingham, AL",186000
90697,2016-12-01,"Hartford-West Hartford-East Hartford, CT",273500
90698,2016-12-01,"Tucson, AZ",246500
90699,2016-12-01,"Grand Rapids-Wyoming-Kentwood, MI",250000
90700,2016-12-01,"Rochester, NY",149200
90701,2016-12-01,"Salt Lake City-Murray, UT",349999
90702,2016-12-01,"North Port-Bradenton-Sarasota, FL",365000
90703,2016-12-01,"Tulsa, OK",190000
90704,2016-12-01,"Greenville-Anderson-Greer, SC",256000
90705,2016-12-01,"Knoxville, TN",219900
90706,2016-12-01,"New Orleans-Metairie, LA",239000
90707,2016-12-01,"Omaha, NE-IA",224000
90708,2016-12-01,"Albany-Schenectady-Troy, NY",239900
90709,2016-12-01,"Albuquerque, NM",234000
90710,2016-12-01,"Fresno, CA",275000
90711,2016-12-01,"Bridgeport-Stamford-Danbury, CT",669000
90712,2016-12-01,"Cape Coral-Fort Myers, FL",309900
90713,2016-12-01,"Columbia, SC",189000
90714,2016-12-01,"Charleston-North Charleston, SC",375000
90715,2016-12-01,"Dayton-Kettering-Beavercreek, OH",113500
90716,2016-12-01,"Allentown-Bethlehem-Easton, PA-NJ",194000
90717,2016-12-01,"Baton Rouge, LA",225000
90718,2016-12-01,"Worcester, MA",295000
90719,2016-12-01,"Urban Honolulu, HI",739800
90720,2016-12-01,"Greensboro-High Point, NC",179000
90721,2016-12-01,"Lakeland-Winter Haven, FL",199900
90722,2016-12-01,"Little Rock-North Little Rock-Conway, AR",159900
90723,2016-12-01,"Deltona-Daytona Beach-Ormond Beach, FL",259500
90724,2016-12-01,"Boise City, ID",255900
90725,2016-12-01,"El Paso, TX",163500
90726,2016-12-01,"Madison, WI",299900
90727,2016-12-01,"Des Moines-West Des Moines, IA",259000
90728,2016-12-01,"Akron, OH",125000
90729,2016-12-01,"Winston-Salem, NC",184275
90730,2016-12-01,"Colorado Springs, CO",349000
90731,2016-12-01,"Bakersfield-Delano, CA",227900
90732,2016-12-01,"Palm Bay-Melbourne-Titusville, FL",250000
90733,2016-12-01,"McAllen-Edinburg-Mission, TX",189000
90734,2016-12-01,"Oxnard-Thousand Oaks-Ventura, CA",719000
90735,2016-12-01,"Syracuse, NY",139900
90736,2016-12-01,"Wichita, KS",164500
90737,2016-12-01,"Kiryas Joel-Poughkeepsie-Newburgh, NY",274900
90738,2016-12-01,"Durham-Chapel Hill, NC",350000
90739,2016-12-01,"Toledo, OH",124900
90740,2016-12-01,"Augusta-Richmond County, GA-SC",195000
90741,2016-12-01,"Stockton-Lodi, CA",337000
90742,2016-12-01,"Harrisburg-Carlisle, PA",175900
90743,2016-12-01,"Portland-South Portland, ME",325000
90744,2016-12-01,"Jackson, MS",209700
90745,2016-12-01,"Chattanooga, TN-GA",215000
90746,2016-12-01,"Spokane-Spokane Valley, WA",245000
90747,2016-12-01,"Scranton--Wilkes-Barre, PA",129850
90748,2016-12-01,"New Haven, CT",264500
90749,2016-12-01,"Fayetteville-Springdale-Rogers, AR",247800
91575,2016-11-01,"New York-Newark-Jersey City, NY-NJ",462450
91576,2016-11-01,"Los Angeles-Long Beach-Anaheim, CA",717000
91577,2016-11-01,"Chicago-Naperville-Elgin, IL-IN",279450
91578,2016-11-01,"Dallas-Fort Worth-Arlington, TX",360275
91579,2016-11-01,"Houston-Pasadena-The Woodlands, TX",309250
91580,2016-11-01,"Philadelphia-Camden-Wilmington, PA-NJ-DE-MD",227000
91581,2016-11-01,"Miami-Fort Lauderdale-West Palm Beach, FL",376000
91582,2016-11-01,"Atlanta-Sandy Springs-Roswell, GA",269900
91583,2016-11-01,"Washington-Arlington-Alexandria, DC-VA-MD-WV",429945
91584,2016-11-01,"Phoenix-Mesa-Chandler, AZ",315000
91585,2016-11-01,"Boston-Cambridge-Newton, MA-NH",499900
91586,2016-11-01,"Detroit-Warren-Dearborn, MI",194925
91587,2016-11-01,"San Francisco-Oakland-Fremont, CA",805000
91588,2016-11-01,"Seattle-Tacoma-Bellevue, WA",429950
91589,2016-11-01,"Riverside-San Bernardino-Ontario, CA",364950
91590,2016-11-01,"Minneapolis-St. Paul-Bloomington, MN-WI",317400
91591,2016-11-01,"Tampa-St. Petersburg-Clearwater, FL",254445
91592,2016-11-01,"Denver-Aurora-Centennial, CO",474900
91593,2016-11-01,"San Diego-Chula Vista-Carlsbad, CA",639950
91594,2016-11-01,"St. Louis, MO-IL",174950
91595,2016-11-01,"Charlotte-Concord-Gastonia, NC-SC",314950
91596,2016-11-01,"Baltimore-Columbia-Towson, MD",279945
91597,2016-11-01,"Orlando-Kissimmee-Sanford, FL",275000
91598,2016-11-01,"Pittsburgh, PA",154950
91599,2016-11-01,"San Antonio-New Braunfels, TX",281200
91600,2016-11-01,"Austin-Round Rock-San Marcos, TX",388250
91601,2016-11-01,"Portland-Vancouver-Hillsboro, OR-WA",449513
91602,2016-11-01,"Cleveland, OH",142450
91603,2016-11-01,"Cincinnati, OH-KY-IN",185475
91604,2016-11-01,"Kansas City, MO-KS",231350
91605,2016-11-01,"Las Vegas-Henderson-North Las Vegas, NV",282000
91606,2016-11-01,"Sacramento-Roseville-Folsom, CA",423348
91607,2016-11-01,"Columbus, OH",208450
91608,2016-11-01,"Indianapolis-Carmel-Greenwood, IN",179900
91609,2016-11-01,"Nashville-Davidson--Murfreesboro--Franklin, TN",335000
91610,2016-11-01,"Virginia Beach-Chesapeake-Norfolk, VA-NC",249900
91611,2016-11-01,"Jacksonville, FL",287613
91612,2016-11-01,"Providence-Warwick, RI-MA",324950
91613,2016-11-01,"San Jose-Sunnyvale-Santa Clara, CA",900750
91614,2016-11-01,"Milwaukee-Waukesha, WI",207950
91615,2016-11-01,"Raleigh-Cary, NC",344750
91616,2016-11-01,"Oklahoma City, OK",215066
91617,2016-11-01,"Louisville/Jefferson County, KY-IN",189900
91618,2016-11-01,"Richmond, VA",268293
91619,2016-11-01,"Memphis, TN-MS-AR",172750
91620,2016-11-01,"Buffalo-Cheektowaga, NY",153450
91621,2016-11-01,"Birmingham, AL",189900
91622,2016-11-01,"Hartford-West Hartford-East Hartford, CT",275000
91623,2016-11-01,"Tucson, AZ",245000
91624,2016-11-01,"Grand Rapids-Wyoming-Kentwood, MI",252400
91625,2016-11-01,"Rochester, NY",149900
91626,2016-11-01,"Salt Lake City-Murray, UT",349900
91627,2016-11-01,"North Port-Bradenton-Sarasota, FL",364473
91628,2016-11-01,"Tulsa, OK",194700
91629,2016-11-01,"Greenville-Anderson-Greer, SC",254711
91630,2016-11-01,"Knoxville, TN",219900
91631,2016-11-01,"New Orleans-Metairie, LA",239000
91632,2016-11-01,"Omaha, NE-IA",219450
91633,2016-11-01,"Albany-Schenectady-Troy, NY",239975
91634,2016-11-01,"Albuquerque, NM",234750
91635,2016-11-01,"Fresno, CA",276450
91636,2016-11-01,"Bridgeport-Stamford-Danbury, CT",675000
91637,2016-11-01,"Cape Coral-Fort Myers, FL",309000
91638,2016-11-01,"Columbia, SC",188875
91639,2016-11-01,"Charleston-North Charleston, SC",377083
91640,2016-11-01,"Dayton-Kettering-Beavercreek, OH",114900
91641,2016-11-01,"Allentown-Bethlehem-Easton, PA-NJ",199400
91642,2016-11-01,"Baton Rouge, LA",226393
91643,2016-11-01,"Worcester, MA",299000
91644,2016-11-01,"Urban Honolulu, HI",727000
91645,2016-11-01,"Greensboro-High Point, NC",178573
91646,2016-11-01,"Lakeland-Winter Haven, FL",199900
91647,2016-11-01,"Little Rock-North Little Rock-Conway, AR",159950
91648,2016-11-01,"Deltona-Daytona Beach-Ormond Beach, FL",254995
91649,2016-11-01,"Boise City, ID",254448
91650,2016-11-01,"El Paso, TX",162950
91651,2016-11-01,"Madison, WI",299900
91652,2016-11-01,"Des Moines-West Des Moines, IA",254400
91653,2016-11-01,"Akron, OH",127856
91654,2016-11-01,"Winston-Salem, NC",186020
91655,2016-11-01,"Colorado Springs, CO",339475
91656,2016-11-01,"Bakersfield-Delano, CA",229700
91657,2016-11-01,"Palm Bay-Melbourne-Titusville, FL",257000
91658,2016-11-01,"McAllen-Edinburg-Mission, TX",185000
91659,2016-11-01,"Oxnard-Thousand Oaks-Ventura, CA",699450
91660,2016-11-01,"Syracuse, NY",141000
91661,2016-11-01,"Wichita, KS",164950
91662,2016-11-01,"Kiryas Joel-Poughkeepsie-Newburgh, NY",275000
91663,2016-11-01,"Durham-Chapel Hill, NC",359450
91664,2016-11-01,"Toledo, OH",127950
91665,2016-11-01,"Augusta-Richmond County, GA-SC",194900
91666,2016-11-01,"Stockton-Lodi, CA",338000
91667,2016-11-01,"Harrisburg-Carlisle, PA",178400
91668,2016-11-01,"Portland-South Portland, ME",328350
91669,2016-11-01,"Jackson, MS",208175
91670,2016-11-01,"Chattanooga, TN-GA",214950
91671,2016-11-01,"Spokane-Spokane Valley, WA",245735
91672,2016-11-01,"Scranton--Wilkes-Barre, PA",129900
91673,2016-11-01,"New Haven, CT",269900
91674,2016-11-01,"Fayetteville-Springdale-Rogers, AR",250000
92500,2016-10-01,"New York-Newark-Jersey City, NY-NJ",459900
92501,2016-10-01,"Los Angeles-Long Beach-Anaheim, CA",719500
92502,2016-10-01,"Chicago-Naperville-Elgin, IL-IN",284850
92503,2016-10-01,"Dallas-Fort Worth-Arlington, TX",359999
92504,2016-10-01,"Houston-Pasadena-The Woodlands, TX",311900
92505,2016-10-01,"Philadelphia-Camden-Wilmington, PA-NJ-DE-MD",229900
92506,2016-10-01,"Miami-Fort Lauderdale-West Palm Beach, FL",378000
92507,2016-10-01,"Atlanta-Sandy Springs-Roswell, GA",269900
92508,2016-10-01,"Washington-Arlington-Alexandria, DC-VA-MD-WV",431000
92509,2016-10-01,"Phoenix-Mesa-Chandler, AZ",315000
92510,2016-10-01,"Boston-Cambridge-Newton, MA-NH",499900
92511,2016-10-01,"Detroit-Warren-Dearborn, MI",198900
92512,2016-10-01,"San Francisco-Oakland-Fremont, CA",825000
92513,2016-10-01,"Seattle-Tacoma-Bellevue, WA",435100
92514,2016-10-01,"Riverside-San Bernardino-Ontario, CA",364000
92515,2016-10-01,"Minneapolis-St. Paul-Bloomington, MN-WI",308500
92516,2016-10-01,"Tampa-St. Petersburg-Clearwater, FL",255500
92517,2016-10-01,"Denver-Aurora-Centennial, CO",465000
92518,2016-10-01,"San Diego-Chula Vista-Carlsbad, CA",645000
92519,2016-10-01,"St. Louis, MO-IL",176900
92520,2016-10-01,"Charlotte-Concord-Gastonia, NC-SC",310000
92521,2016-10-01,"Baltimore-Columbia-Towson, MD",280000
92522,2016-10-01,"Orlando-Kissimmee-Sanford, FL",280000
92523,2016-10-01,"Pittsburgh, PA",157900
92524,2016-10-01,"San Antonio-New Braunfels, TX",281123
92525,2016-10-01,"Austin-Round Rock-San Marcos, TX",394773
92526,2016-10-01,"Portland-Vancouver-Hillsboro, OR-WA",434970
92527,2016-10-01,"Cleveland, OH",147850
92528,2016-10-01,"Cincinnati, OH-KY-IN",189015
92529,2016-10-01,"Kansas City, MO-KS",229500
92530,2016-10-01,"Las Vegas-Henderson-North Las Vegas, NV",279990
92531,2016-10-01,"Sacramento-Roseville-Folsom, CA",424900
92532,2016-10-01,"Columbus, OH",209900
92533,2016-10-01,"Indianapolis-Carmel-Greenwood, IN",179900
92534,2016-10-01,"Nashville-Davidson--Murfreesboro--Franklin, TN",329000
92535,2016-10-01,"Virginia Beach-Chesapeake-Norfolk, VA-NC",254900
92536,2016-10-01,"Jacksonville, FL",289000
92537,2016-10-01,"Providence-Warwick, RI-MA",329000
92538,2016-10-01,"San Jose-Sunnyvale-Santa Clara, CA",924990
92539,2016-10-01,"Milwaukee-Waukesha, WI",214900
92540,2016-10-01,"Raleigh-Cary, NC",339990
92541,2016-10-01,"Oklahoma City, OK",217694
92542,2016-10-01,"Louisville/Jefferson County, KY-IN",194900
92543,2016-10-01,"Richmond, VA",266995
92544,2016-10-01,"Memphis, TN-MS-AR",176700
92545,2016-10-01,"Buffalo-Cheektowaga, NY",154900
92546,2016-10-01,"Birmingham, AL",189900
92547,2016-10-01,"Hartford-West Hartford-East Hartford, CT",275000
92548,2016-10-01,"Tucson, AZ",245000
92549,2016-10-01,"Grand Rapids-Wyoming-Kentwood, MI",259900
92550,2016-10-01,"Rochester, NY",152000
92551,2016-10-01,"Salt Lake City-Murray, UT",350000
92552,2016-10-01,"North Port-Bradenton-Sarasota, FL",365000
92553,2016-10-01,"Tulsa, OK",196000
92554,2016-10-01,"Greenville-Anderson-Greer, SC",256900
92555,2016-10-01,"Knoxville, TN",224900
92556,2016-10-01,"New Orleans-Metairie, LA",239000
92557,2016-10-01,"Omaha, NE-IA",218000
92558,2016-10-01,"Albany-Schenectady-Troy, NY",239000
92559,2016-10-01,"Albuquerque, NM",232000
92560,2016-10-01,"Fresno, CA",279000
92561,2016-10-01,"Bridgeport-Stamford-Danbury, CT",680000
92562,2016-10-01,"Cape Coral-Fort Myers, FL",299900
92563,2016-10-01,"Columbia, SC",187990
92564,2016-10-01,"Charleston-North Charleston, SC",377813
92565,2016-10-01,"Dayton-Kettering-Beavercreek, OH",114900
92566,2016-10-01,"Allentown-Bethlehem-Easton, PA-NJ",199900
92567,2016-10-01,"Baton Rouge, LA",223950
92568,2016-10-01,"Worcester, MA",299500
92569,2016-10-01,"Urban Honolulu, HI",715000
92570,2016-10-01,"Greensboro-High Point, NC",177750
92571,2016-10-01,"Lakeland-Winter Haven, FL",199900
92572,2016-10-01,"Little Rock-North Little Rock-Conway, AR",162974
92573,2016-10-01,"Deltona-Daytona Beach-Ormond Beach, FL",255000
92574,2016-10-01,"Boise City, ID",251587
92575,2016-10-01,"El Paso, TX",163500
92576,2016-10-01,"Madison, WI",298750
92577,2016-10-01,"Des Moines-West Des Moines, IA",253500
92578,2016-10-01,"Akron, OH",126900
92579,2016-10-01,"Winston-Salem, NC",185000
92580,2016-10-01,"Colorado Springs, CO",332900
92581,2016-10-01,"Bakersfield-Delano, CA",229900
92582,2016-10-01,"Palm Bay-Melbourne-Titusville, FL",259900
92583,2016-10-01,"McAllen-Edinburg-Mission, TX",185000
92584,2016-10-01,"Oxnard-Thousand Oaks-Ventura, CA",699000
92585,2016-10-01,"Syracuse, NY",144900
92586,2016-10-01,"Wichita, KS",168250
92587,2016-10-01,"Kiryas Joel-Poughkeepsie-Newburgh, NY",275000
92588,2016-10-01,"Durham-Chapel Hill, NC",356357
92589,2016-10-01,"Toledo, OH",126900
92590,2016-10-01,"Augusta-Richmond County, GA-SC",194900
92591,2016-10-01,"Stockton-Lodi, CA",346900
92592,2016-10-01,"Harrisburg-Carlisle, PA",175000
92593,2016-10-01,"Portland-South Portland, ME",325000
92594,2016-10-01,"Jackson, MS",205000
92595,2016-10-01,"Chattanooga, TN-GA",215000
92596,2016-10-01,"Spokane-Spokane Valley, WA",249000
92597,2016-10-01,"Scranton--Wilkes-Barre, PA",134900
92598,2016-10-01,"New Haven, CT",269900
92599,2016-10-01,"Fayetteville-Springdale-Rogers, AR",250000
93425,2016-09-01,"New York-Newark-Jersey City, NY-NJ",449950
93426,2016-09-01,"Los Angeles-Long Beach-Anaheim, CA",719500
93427,2016-09-01,"Chicago-Naperville-Elgin, IL-IN",286000
93428,2016-09-01,"Dallas-Fort Worth-Arlington, TX",356995
93429,2016-09-01,"Houston-Pasadena-The Woodlands, TX",316275
93430,2016-09-01,"Philadelphia-Camden-Wilmington, PA-NJ-DE-MD",229981
93431,2016-09-01,"Miami-Fort Lauderdale-West Palm Beach, FL",377750
93432,2016-09-01,"Atlanta-Sandy Springs-Roswell, GA",269900
93433,2016-09-01,"Washington-Arlington-Alexandria, DC-VA-MD-WV",432450
93434,2016-09-01,"Phoenix-Mesa-Chandler, AZ",315000
93435,2016-09-01,"Boston-Cambridge-Newton, MA-NH",499950
93436,2016-09-01,"Detroit-Warren-Dearborn, MI",199450
93437,2016-09-01,"San Francisco-Oakland-Fremont, CA",799450
93438,2016-09-01,"Seattle-Tacoma-Bellevue, WA",427250
93439,2016-09-01,"Riverside-San Bernardino-Ontario, CA",359995
93440,2016-09-01,"Minneapolis-St. Paul-Bloomington, MN-WI",300000
93441,2016-09-01,"Tampa-St. Petersburg-Clearwater, FL",257000
93442,2016-09-01,"Denver-Aurora-Centennial, CO",467899
93443,2016-09-01,"San Diego-Chula Vista-Carlsbad, CA",649450
93444,2016-09-01,"St. Louis, MO-IL",176175
93445,2016-09-01,"Charlotte-Concord-Gastonia, NC-SC",307450
93446,2016-09-01,"Baltimore-Columbia-Towson, MD",284900
93447,2016-09-01,"Orlando-Kissimmee-Sanford, FL",281583
93448,2016-09-01,"Pittsburgh, PA",159600
93449,2016-09-01,"San Antonio-New Braunfels, TX",284950
93450,2016-09-01,"Austin-Round Rock-San Marcos, TX",389968
93451,2016-09-01,"Portland-Vancouver-Hillsboro, OR-WA",432000
93452,2016-09-01,"Cleveland, OH",149450
93453,2016-09-01,"Cincinnati, OH-KY-IN",189900
93454,2016-09-01,"Kansas City, MO-KS",229350
93455,2016-09-01,"Las Vegas-Henderson-North Las Vegas, NV",279996
93456,2016-09-01,"Sacramento-Roseville-Folsom, CA",429000
93457,2016-09-01,"Columbus, OH",214950
93458,2016-09-01,"Indianapolis-Carmel-Greenwood, IN",179900
93459,2016-09-01,"Nashville-Davidson--Murfreesboro--Franklin, TN",323535
93460,2016-09-01,"Virginia Beach-Chesapeake-Norfolk, VA-NC",254850
93461,2016-09-01,"Jacksonville, FL",289495
93462,2016-09-01,"Providence-Warwick, RI-MA",329900
93463,2016-09-01,"San Jose-Sunnyvale-Santa Clara, CA",914000
93464,2016-09-01,"Milwaukee-Waukesha, WI",218700
93465,2016-09-01,"Raleigh-Cary, NC",338933
93466,2016-09-01,"Oklahoma City, OK",218000
93467,2016-09-01,"Louisville/Jefferson County, KY-IN",199687
93468,2016-09-01,"Richmond, VA",269950
93469,2016-09-01,"Memphis, TN-MS-AR",178200
93470,2016-09-01,"Buffalo-Cheektowaga, NY",155700
93471,2016-09-01,"Birmingham, AL",190250
93472,2016-09-01,"Hartford-West Hartford-East Hartford, CT",275900
93473,2016-09-01,"Tucson, AZ",243950
93474,2016-09-01,"Grand Rapids-Wyoming-Kentwood, MI",259900
93475,2016-09-01,"Rochester, NY",157900
93476,2016-09-01,"Salt Lake City-Murray, UT",349950
93477,2016-09-01,"North Port-Bradenton-Sarasota, FL",366875
93478,2016-09-01,"Tulsa, OK",199450
93479,2016-09-01,"Greenville-Anderson-Greer, SC",254900
93480,2016-09-01,"Knoxville, TN",225000
93481,2016-09-01,"New Orleans-Metairie, LA",234500
93482,2016-09-01,"Omaha, NE-IA",216750
93483,2016-09-01,"Albany-Schenectady-Troy, NY",239000
93484,2016-09-01,"Albuquerque, NM",233425
93485,2016-09-01,"Fresno, CA",284850
93486,2016-09-01,"Bridgeport-Stamford-Danbury, CT",684450
93487,2016-09-01,"Cape Coral-Fort Myers, FL",299850
93488,2016-09-01,"Columbia, SC",189900
93489,2016-09-01,"Charleston-North Charleston, SC",378175
93490,2016-09-01,"Dayton-Kettering-Beavercreek, OH",115000
93491,2016-09-01,"Allentown-Bethlehem-Easton, PA-NJ",199900
93492,2016-09-01,"Baton Rouge, LA",225000
93493,2016-09-01,"Worcester, MA",299900
93494,2016-09-01,"Urban Honolulu, HI",725500
93495,2016-09-01,"Greensboro-High Point, NC",179450
93496,2016-09-01,"Lakeland-Winter Haven, FL",200659
93497,2016-09-01,"Little Rock-North Little Rock-Conway, AR",164900
93498,2016-09-01,"Deltona-Daytona Beach-Ormond Beach, FL",255450
93499,2016-09-01,"Boise City, ID",251225
93500,2016-09-01,"El Paso, TX",162700
93501,2016-09-01,"Madison, WI",299900
93502,2016-09-01,"Des Moines-West Des Moines, IA",250000
93503,2016-09-01,"Akron, OH",128200
93504,2016-09-01,"Winston-Salem, NC",184975
93505,2016-09-01,"Colorado Springs, CO",324681
93506,2016-09-01,"Bakersfield-Delano, CA",234225
93507,2016-09-01,"Palm Bay-Melbourne-Titusville, FL",258075
93508,2016-09-01,"McAllen-Edinburg-Mission, TX",184950
93509,2016-09-01,"Oxnard-Thousand Oaks-Ventura, CA",692750
93510,2016-09-01,"Syracuse, NY",148450
93511,2016-09-01,"Wichita, KS",167192
93512,2016-09-01,"Kiryas Joel-Poughkeepsie-Newburgh, NY",274919
93513,2016-09-01,"Durham-Chapel Hill, NC",364900
93514,2016-09-01,"Toledo, OH",124900
93515,2016-09-01,"Augusta-Richmond County, GA-SC",195000
93516,2016-09-01,"Stockton-Lodi, CA",349450
93517,2016-09-01,"Harrisburg-Carlisle, PA",172925
93518,2016-09-01,"Portland-South Portland, ME",328800
93519,2016-09-01,"Jackson, MS",199900
93520,2016-09-01,"Chattanooga, TN-GA",215000
93521,2016-09-01,"Spokane-Spokane Valley, WA",249188
93522,2016-09-01,"Scranton--Wilkes-Barre, PA",138125
93523,2016-09-01,"New Haven, CT",274900
93524,2016-09-01,"Fayetteville-Springdale-Rogers, AR",250743
94350,2016-08-01,"New York-Newark-Jersey City, NY-NJ",449000
94351,2016-08-01,"Los Angeles-Long Beach-Anaheim, CA",725000
94352,2016-08-01,"Chicago-Naperville-Elgin, IL-IN",288000
94353,2016-08-01,"Dallas-Fort Worth-Arlington, TX",354204
94354,2016-08-01,"Houston-Pasadena-The Woodlands, TX",319900
94355,2016-08-01,"Philadelphia-Camden-Wilmington, PA-NJ-DE-MD",229900
94356,2016-08-01,"Miami-Fort Lauderdale-West Palm Beach, FL",378950
94357,2016-08-01,"Atlanta-Sandy Springs-Roswell, GA",269900
94358,2016-08-01,"Washington-Arlington-Alexandria, DC-VA-MD-WV",433450
94359,2016-08-01,"Phoenix-Mesa-Chandler, AZ",314950
94360,2016-08-01,"Boston-Cambridge-Newton, MA-NH",499900
94361,2016-08-01,"Detroit-Warren-Dearborn, MI",199900
94362,2016-08-01,"San Francisco-Oakland-Fremont, CA",796000
94363,2016-08-01,"Seattle-Tacoma-Bellevue, WA",429475
94364,2016-08-01,"Riverside-San Bernardino-Ontario, CA",366275
94365,2016-08-01,"Minneapolis-St. Paul-Bloomington, MN-WI",300000
94366,2016-08-01,"Tampa-St. Petersburg-Clearwater, FL",255195
94367,2016-08-01,"Denver-Aurora-Centennial, CO",465099
94368,2016-08-01,"San Diego-Chula Vista-Carlsbad, CA",649950
94369,2016-08-01,"St. Louis, MO-IL",176761
94370,2016-08-01,"Charlotte-Concord-Gastonia, NC-SC",310000
94371,2016-08-01,"Baltimore-Columbia-Towson, MD",285950
94372,2016-08-01,"Orlando-Kissimmee-Sanford, FL",280725
94373,2016-08-01,"Pittsburgh, PA",159900
94374,2016-08-01,"San Antonio-New Braunfels, TX",283993
94375,2016-08-01,"Austin-Round Rock-San Marcos, TX",386991
94376,2016-08-01,"Portland-Vancouver-Hillsboro, OR-WA",437875
94377,2016-08-01,"Cleveland, OH",148750
94378,2016-08-01,"Cincinnati, OH-KY-IN",189995
94379,2016-08-01,"Kansas City, MO-KS",229450
94380,2016-08-01,"Las Vegas-Henderson-North Las Vegas, NV",279900
94381,2016-08-01,"Sacramento-Roseville-Folsom, CA",434900
94382,2016-08-01,"Columbus, OH",214900
94383,2016-08-01,"Indianapolis-Carmel-Greenwood, IN",179900
94384,2016-08-01,"Nashville-Davidson--Murfreesboro--Franklin, TN",317445
94385,2016-08-01,"Virginia Beach-Chesapeake-Norfolk, VA-NC",254900
94386,2016-08-01,"Jacksonville, FL",289900
94387,2016-08-01,"Providence-Warwick, RI-MA",332450
94388,2016-08-01,"San Jose-Sunnyvale-Santa Clara, CA",943500
94389,2016-08-01,"Milwaukee-Waukesha, WI",220675
94390,2016-08-01,"Raleigh-Cary, NC",337083
94391,2016-08-01,"Oklahoma City, OK",215740
94392,2016-08-01,"Louisville/Jefferson County, KY-IN",196761
94393,2016-08-01,"Richmond, VA",269350
94394,2016-08-01,"Memphis, TN-MS-AR",175000
94395,2016-08-01,"Buffalo-Cheektowaga, NY",158700
94396,2016-08-01,"Birmingham, AL",194250
94397,2016-08-01,"Hartford-West Hartford-East Hartford, CT",274900
94398,2016-08-01,"Tucson, AZ",239925
94399,2016-08-01,"Grand Rapids-Wyoming-Kentwood, MI",258638
94400,2016-08-01,"Rochester, NY",155450
94401,2016-08-01,"Salt Lake City-Murray, UT",350000
94402,2016-08-01,"North Port-Bradenton-Sarasota, FL",368375
94403,2016-08-01,"Tulsa, OK",206450
94404,2016-08-01,"Greenville-Anderson-Greer, SC",250450
94405,2016-08-01,"Knoxville, TN",224950
94406,2016-08-01,"New Orleans-Metairie, LA",229975
94407,2016-08-01,"Omaha, NE-IA",224900
94408,2016-08-01,"Albany-Schenectady-Troy, NY",239900
94409,2016-08-01,"Albuquerque, NM",234950
94410,2016-08-01,"Fresno, CA",284840
94411,2016-08-01,"Bridgeport-Stamford-Danbury, CT",678200
94412,2016-08-01,"Cape Coral-Fort Myers, FL",299900
94413,2016-08-01,"Columbia, SC",189900
94414,2016-08-01,"Charleston-North Charleston, SC",377925
94415,2016-08-01,"Dayton-Kettering-Beavercreek, OH",118475
94416,2016-08-01,"Allentown-Bethlehem-Easton, PA-NJ",199900
94417,2016-08-01,"Baton Rouge, LA",224950
94418,2016-08-01,"Worcester, MA",299900
94419,2016-08-01,"Urban Honolulu, HI",724968
94420,2016-08-01,"Greensboro-High Point, NC",179450
94421,2016-08-01,"Lakeland-Winter Haven, FL",199900
94422,2016-08-01,"Little Rock-North Little Rock-Conway, AR",165950
94423,2016-08-01,"Deltona-Daytona Beach-Ormond Beach, FL",259550
94424,2016-08-01,"Boise City, ID",254814
94425,2016-08-01,"El Paso, TX",162450
94426,2016-08-01,"Madison, WI",299900
94427,2016-08-01,"Des Moines-West Des Moines, IA",251997
94428,2016-08-01,"Akron, OH",129800
94429,2016-08-01,"Winston-Salem, NC",188198
94430,2016-08-01,"Colorado Springs, CO",325000
94431,2016-08-01,"Bakersfield-Delano, CA",232475
94432,2016-08-01,"Palm Bay-Melbourne-Titusville, FL",254375
94433,2016-08-01,"McAllen-Edinburg-Mission, TX",185000
94434,2016-08-01,"Oxnard-Thousand Oaks-Ventura, CA",697937
94435,2016-08-01,"Syracuse, NY",149900
94436,2016-08-01,"Wichita, KS",165450
94437,2016-08-01,"Kiryas Joel-Poughkeepsie-Newburgh, NY",275000
94438,2016-08-01,"Durham-Chapel Hill, NC",367000
94439,2016-08-01,"Toledo, OH",129450
94440,2016-08-01,"Augusta-Richmond County, GA-SC",196244
94441,2016-08-01,"Stockton-Lodi, CA",355000
94442,2016-08-01,"Harrisburg-Carlisle, PA",170850
94443,2016-08-01,"Portland-South Portland, ME",325000
94444,2016-08-01,"Jackson, MS",199900
94445,2016-08-01,"Chattanooga, TN-GA",215500
94446,2016-08-01,"Spokane-Spokane Valley, WA",246592
94447,2016-08-01,"Scranton--Wilkes-Barre, PA",139900
94448,2016-08-01,"New Haven, CT",270500
94449,2016-08-01,"Fayetteville-Springdale-Rogers, AR",249950
95275,2016-07-01,"New York-Newark-Jersey City, NY-NJ",450000
95276,2016-07-01,"Los Angeles-Long Beach-Anaheim, CA",739999
95277,2016-07-01,"Chicago-Naperville-Elgin, IL-IN",289000
95278,2016-07-01,"Dallas-Fort Worth-Arlington, TX",359990
95279,2016-07-01,"Houston-Pasadena-The Woodlands, TX",328000
95280,2016-07-01,"Philadelphia-Camden-Wilmington, PA-NJ-DE-MD",234900
95281,2016-07-01,"Miami-Fort Lauderdale-West Palm Beach, FL",375000
95282,2016-07-01,"Atlanta-Sandy Springs-Roswell, GA",270000
95283,2016-07-01,"Washington-Arlington-Alexandria, DC-VA-MD-WV",439900
95284,2016-07-01,"Phoenix-Mesa-Chandler, AZ",320000
95285,2016-07-01,"Boston-Cambridge-Newton, MA-NH",509900
95286,2016-07-01,"Detroit-Warren-Dearborn, MI",200000
95287,2016-07-01,"San Francisco-Oakland-Fremont, CA",819900
95288,2016-07-01,"Seattle-Tacoma-Bellevue, WA",436000
95289,2016-07-01,"Riverside-San Bernardino-Ontario, CA",369000
95290,2016-07-01,"Minneapolis-St. Paul-Bloomington, MN-WI",305000
95291,2016-07-01,"Tampa-St. Petersburg-Clearwater, FL",258990
95292,2016-07-01,"Denver-Aurora-Centennial, CO",469500
95293,2016-07-01,"San Diego-Chula Vista-Carlsbad, CA",664000
95294,2016-07-01,"St. Louis, MO-IL",175000
95295,2016-07-01,"Charlotte-Concord-Gastonia, NC-SC",315000
95296,2016-07-01,"Baltimore-Columbia-Towson, MD",289900
95297,2016-07-01,"Orlando-Kissimmee-Sanford, FL",284900
95298,2016-07-01,"Pittsburgh, PA",159900
95299,2016-07-01,"San Antonio-New Braunfels, TX",287950
95300,2016-07-01,"Austin-Round Rock-San Marcos, TX",399000
95301,2016-07-01,"Portland-Vancouver-Hillsboro, OR-WA",449900
95302,2016-07-01,"Cleveland, OH",149750
95303,2016-07-01,"Cincinnati, OH-KY-IN",194839
95304,2016-07-01,"Kansas City, MO-KS",231125
95305,2016-07-01,"Las Vegas-Henderson-North Las Vegas, NV",279900
95306,2016-07-01,"Sacramento-Roseville-Folsom, CA",445000
95307,2016-07-01,"Columbus, OH",219000
95308,2016-07-01,"Indianapolis-Carmel-Greenwood, IN",180000
95309,2016-07-01,"Nashville-Davidson--Murfreesboro--Franklin, TN",319713
95310,2016-07-01,"Virginia Beach-Chesapeake-Norfolk, VA-NC",257490
95311,2016-07-01,"Jacksonville, FL",289900
95312,2016-07-01,"Providence-Warwick, RI-MA",334900
95313,2016-07-01,"San Jose-Sunnyvale-Santa Clara, CA",968500
95314,2016-07-01,"Milwaukee-Waukesha, WI",220000
95315,2016-07-01,"Raleigh-Cary, NC",337200
95316,2016-07-01,"Oklahoma City, OK",218900
95317,2016-07-01,"Louisville/Jefferson County, KY-IN",195897
95318,2016-07-01,"Richmond, VA",269990
95319,2016-07-01,"Memphis, TN-MS-AR",175000
95320,2016-07-01,"Buffalo-Cheektowaga, NY",159900
95321,2016-07-01,"Birmingham, AL",194900
95322,2016-07-01,"Hartford-West Hartford-East Hartford, CT",279900
95323,2016-07-01,"Tucson, AZ",237975
95324,2016-07-01,"Grand Rapids-Wyoming-Kentwood, MI",255900
95325,2016-07-01,"Rochester, NY",159900
95326,2016-07-01,"Salt Lake City-Murray, UT",350000
95327,2016-07-01,"North Port-Bradenton-Sarasota, FL",365000
95328,2016-07-01,"Tulsa, OK",205000
95329,2016-07-01,"Greenville-Anderson-Greer, SC",250000
95330,2016-07-01,"Knoxville, TN",224900
95331,2016-07-01,"New Orleans-Metairie, LA",229900
95332,2016-07-01,"Omaha, NE-IA",228500
95333,2016-07-01,"Albany-Schenectady-Troy, NY",242250
95334,2016-07-01,"Albuquerque, NM",235000
95335,2016-07-01,"Fresno, CA",280000
95336,2016-07-01,"Bridgeport-Stamford-Danbury, CT",699000
95337,2016-07-01,"Cape Coral-Fort Myers, FL",305900
95338,2016-07-01,"Columbia, SC",190000
95339,2016-07-01,"Charleston-North Charleston, SC",379900
95340,2016-07-01,"Dayton-Kettering-Beavercreek, OH",114900
95341,2016-07-01,"Allentown-Bethlehem-Easton, PA-NJ",199999
95342,2016-07-01,"Baton Rouge, LA",224900
95343,2016-07-01,"Worcester, MA",299900
95344,2016-07-01,"Urban Honolulu, HI",710000
95345,2016-07-01,"Greensboro-High Point, NC",180000
95346,2016-07-01,"Lakeland-Winter Haven, FL",199900
95347,2016-07-01,"Little Rock-North Little Rock-Conway, AR",168000
95348,2016-07-01,"Deltona-Daytona Beach-Ormond Beach, FL",259900
95349,2016-07-01,"Boise City, ID",258700
95350,2016-07-01,"El Paso, TX",163500
95351,2016-07-01,"Madison, WI",299900
95352,2016-07-01,"Des Moines-West Des Moines, IA",254373
95353,2016-07-01,"Akron, OH",129500
95354,2016-07-01,"Winston-Salem, NC",185000
95355,2016-07-01,"Colorado Springs, CO",329900
95356,2016-07-01,"Bakersfield-Delano, CA",234500
95357,2016-07-01,"Palm Bay-Melbourne-Titusville, FL",250000
95358,2016-07-01,"McAllen-Edinburg-Mission, TX",189500
95359,2016-07-01,"Oxnard-Thousand Oaks-Ventura, CA",710000
95360,2016-07-01,"Syracuse, NY",149900
95361,2016-07-01,"Wichita, KS",169500
95362,2016-07-01,"Kiryas Joel-Poughkeepsie-Newburgh, NY",275000
95363,2016-07-01,"Durham-Chapel Hill, NC",369950
95364,2016-07-01,"Toledo, OH",128900
95365,2016-07-01,"Augusta-Richmond County, GA-SC",198700
95366,2016-07-01,"Stockton-Lodi, CA",365000
95367,2016-07-01,"Harrisburg-Carlisle, PA",169900
95368,2016-07-01,"Portland-South Portland, ME",325000
95369,2016-07-01,"Jackson, MS",205000
95370,2016-07-01,"Chattanooga, TN-GA",219000
95371,2016-07-01,"Spokane-Spokane Valley, WA",250000
95372,2016-07-01,"Scranton--Wilkes-Barre, PA",139900
95373,2016-07-01,"New Haven, CT",274900
95374,2016-07-01,"Fayetteville-Springdale-Rogers, AR",250000
